
> ui@0.1.0 start
> PORT=3001 craco start

========================================
Setting up proxy middleware...
========================================
✓ Unit API proxy configured
  Route: /api/unit/* → http://localhost:3002/api/unit/*
========================================
Note: Canton/Daml proxy handled by external CORS proxy on port 7576
========================================

(node:85058) [DEP_WEBPACK_DEV_SERVER_ON_AFTER_SETUP_MIDDLEWARE] DeprecationWarning: 'onAfterSetupMiddleware' option is deprecated. Please use the 'setupMiddlewares' option.
(Use `node --trace-deprecation ...` to show where the warning was created)
(node:85058) [DEP_WEBPACK_DEV_SERVER_ON_BEFORE_SETUP_MIDDLEWARE] DeprecationWarning: 'onBeforeSetupMiddleware' option is deprecated. Please use the 'setupMiddlewares' option.
Starting the development server...

Failed to compile.

Attempted import error: 'useWallet' is not exported from '../contexts/WalletContext' (imported as 'useWallet').
WARNING in ./node_modules/@daml/ledger/index.js
Module Warning (from ./node_modules/source-map-loader/dist/cjs.js):
Failed to parse source map from '/Users/zeshanwain/language-support/ts/daml-ledger/index.ts' file: Error: ENOENT: no such file or directory, open '/Users/zeshanwain/language-support/ts/daml-ledger/index.ts'

WARNING in ./node_modules/@daml/react/createLedgerContext.js
Module Warning (from ./node_modules/source-map-loader/dist/cjs.js):
Failed to parse source map from '/Users/zeshanwain/language-support/ts/daml-react/createLedgerContext.ts' file: Error: ENOENT: no such file or directory, open '/Users/zeshanwain/language-support/ts/daml-react/createLedgerContext.ts'

WARNING in ./node_modules/@daml/react/defaultLedgerContext.js
Module Warning (from ./node_modules/source-map-loader/dist/cjs.js):
Failed to parse source map from '/Users/zeshanwain/language-support/ts/daml-react/defaultLedgerContext.ts' file: Error: ENOENT: no such file or directory, open '/Users/zeshanwain/language-support/ts/daml-react/defaultLedgerContext.ts'

WARNING in ./node_modules/@daml/react/index.js
Module Warning (from ./node_modules/source-map-loader/dist/cjs.js):
Failed to parse source map from '/Users/zeshanwain/language-support/ts/daml-react/index.ts' file: Error: ENOENT: no such file or directory, open '/Users/zeshanwain/language-support/ts/daml-react/index.ts'

WARNING in ./node_modules/@daml/types/index.js
Module Warning (from ./node_modules/source-map-loader/dist/cjs.js):
Failed to parse source map from '/Users/zeshanwain/language-support/ts/daml-types/index.ts' file: Error: ENOENT: no such file or directory, open '/Users/zeshanwain/language-support/ts/daml-types/index.ts'

WARNING in ./node_modules/@metamask/safe-event-emitter/dist/cjs/index.js
Module Warning (from ./node_modules/source-map-loader/dist/cjs.js):
Failed to parse source map from '/Users/zeshanwain/repos/bank-stablecoin/ui/node_modules/@metamask/safe-event-emitter/index.ts' file: Error: ENOENT: no such file or directory, open '/Users/zeshanwain/repos/bank-stablecoin/ui/node_modules/@metamask/safe-event-emitter/index.ts'

WARNING in ./node_modules/@safe-global/safe-gateway-typescript-sdk/dist/config.js
Module Warning (from ./node_modules/source-map-loader/dist/cjs.js):
Failed to parse source map from '/Users/zeshanwain/repos/bank-stablecoin/ui/node_modules/@safe-global/safe-gateway-typescript-sdk/src/config.ts' file: Error: ENOENT: no such file or directory, open '/Users/zeshanwain/repos/bank-stablecoin/ui/node_modules/@safe-global/safe-gateway-typescript-sdk/src/config.ts'

WARNING in ./node_modules/@safe-global/safe-gateway-typescript-sdk/dist/endpoint.js
Module Warning (from ./node_modules/source-map-loader/dist/cjs.js):
Failed to parse source map from '/Users/zeshanwain/repos/bank-stablecoin/ui/node_modules/@safe-global/safe-gateway-typescript-sdk/src/endpoint.ts' file: Error: ENOENT: no such file or directory, open '/Users/zeshanwain/repos/bank-stablecoin/ui/node_modules/@safe-global/safe-gateway-typescript-sdk/src/endpoint.ts'

WARNING in ./node_modules/@safe-global/safe-gateway-typescript-sdk/dist/index.js
Module Warning (from ./node_modules/source-map-loader/dist/cjs.js):
Failed to parse source map from '/Users/zeshanwain/repos/bank-stablecoin/ui/node_modules/@safe-global/safe-gateway-typescript-sdk/src/index.ts' file: Error: ENOENT: no such file or directory, open '/Users/zeshanwain/repos/bank-stablecoin/ui/node_modules/@safe-global/safe-gateway-typescript-sdk/src/index.ts'

WARNING in ./node_modules/@safe-global/safe-gateway-typescript-sdk/dist/types/chains.js
Module Warning (from ./node_modules/source-map-loader/dist/cjs.js):
Failed to parse source map from '/Users/zeshanwain/repos/bank-stablecoin/ui/node_modules/@safe-global/safe-gateway-typescript-sdk/src/types/chains.ts' file: Error: ENOENT: no such file or directory, open '/Users/zeshanwain/repos/bank-stablecoin/ui/node_modules/@safe-global/safe-gateway-typescript-sdk/src/types/chains.ts'

WARNING in ./node_modules/@safe-global/safe-gateway-typescript-sdk/dist/types/common.js
Module Warning (from ./node_modules/source-map-loader/dist/cjs.js):
Failed to parse source map from '/Users/zeshanwain/repos/bank-stablecoin/ui/node_modules/@safe-global/safe-gateway-typescript-sdk/src/types/common.ts' file: Error: ENOENT: no such file or directory, open '/Users/zeshanwain/repos/bank-stablecoin/ui/node_modules/@safe-global/safe-gateway-typescript-sdk/src/types/common.ts'

WARNING in ./node_modules/@safe-global/safe-gateway-typescript-sdk/dist/types/decoded-data.js
Module Warning (from ./node_modules/source-map-loader/dist/cjs.js):
Failed to parse source map from '/Users/zeshanwain/repos/bank-stablecoin/ui/node_modules/@safe-global/safe-gateway-typescript-sdk/src/types/decoded-data.ts' file: Error: ENOENT: no such file or directory, open '/Users/zeshanwain/repos/bank-stablecoin/ui/node_modules/@safe-global/safe-gateway-typescript-sdk/src/types/decoded-data.ts'

WARNING in ./node_modules/@safe-global/safe-gateway-typescript-sdk/dist/types/master-copies.js
Module Warning (from ./node_modules/source-map-loader/dist/cjs.js):
Failed to parse source map from '/Users/zeshanwain/repos/bank-stablecoin/ui/node_modules/@safe-global/safe-gateway-typescript-sdk/src/types/master-copies.ts' file: Error: ENOENT: no such file or directory, open '/Users/zeshanwain/repos/bank-stablecoin/ui/node_modules/@safe-global/safe-gateway-typescript-sdk/src/types/master-copies.ts'

WARNING in ./node_modules/@safe-global/safe-gateway-typescript-sdk/dist/types/notifications.js
Module Warning (from ./node_modules/source-map-loader/dist/cjs.js):
Failed to parse source map from '/Users/zeshanwain/repos/bank-stablecoin/ui/node_modules/@safe-global/safe-gateway-typescript-sdk/src/types/notifications.ts' file: Error: ENOENT: no such file or directory, open '/Users/zeshanwain/repos/bank-stablecoin/ui/node_modules/@safe-global/safe-gateway-typescript-sdk/src/types/notifications.ts'

WARNING in ./node_modules/@safe-global/safe-gateway-typescript-sdk/dist/types/relay.js
Module Warning (from ./node_modules/source-map-loader/dist/cjs.js):
Failed to parse source map from '/Users/zeshanwain/repos/bank-stablecoin/ui/node_modules/@safe-global/safe-gateway-typescript-sdk/src/types/relay.ts' file: Error: ENOENT: no such file or directory, open '/Users/zeshanwain/repos/bank-stablecoin/ui/node_modules/@safe-global/safe-gateway-typescript-sdk/src/types/relay.ts'

WARNING in ./node_modules/@safe-global/safe-gateway-typescript-sdk/dist/types/safe-apps.js
Module Warning (from ./node_modules/source-map-loader/dist/cjs.js):
Failed to parse source map from '/Users/zeshanwain/repos/bank-stablecoin/ui/node_modules/@safe-global/safe-gateway-typescript-sdk/src/types/safe-apps.ts' file: Error: ENOENT: no such file or directory, open '/Users/zeshanwain/repos/bank-stablecoin/ui/node_modules/@safe-global/safe-gateway-typescript-sdk/src/types/safe-apps.ts'

WARNING in ./node_modules/@safe-global/safe-gateway-typescript-sdk/dist/types/safe-info.js
Module Warning (from ./node_modules/source-map-loader/dist/cjs.js):
Failed to parse source map from '/Users/zeshanwain/repos/bank-stablecoin/ui/node_modules/@safe-global/safe-gateway-typescript-sdk/src/types/safe-info.ts' file: Error: ENOENT: no such file or directory, open '/Users/zeshanwain/repos/bank-stablecoin/ui/node_modules/@safe-global/safe-gateway-typescript-sdk/src/types/safe-info.ts'

WARNING in ./node_modules/@safe-global/safe-gateway-typescript-sdk/dist/types/safe-messages.js
Module Warning (from ./node_modules/source-map-loader/dist/cjs.js):
Failed to parse source map from '/Users/zeshanwain/repos/bank-stablecoin/ui/node_modules/@safe-global/safe-gateway-typescript-sdk/src/types/safe-messages.ts' file: Error: ENOENT: no such file or directory, open '/Users/zeshanwain/repos/bank-stablecoin/ui/node_modules/@safe-global/safe-gateway-typescript-sdk/src/types/safe-messages.ts'

WARNING in ./node_modules/@safe-global/safe-gateway-typescript-sdk/dist/types/transactions.js
Module Warning (from ./node_modules/source-map-loader/dist/cjs.js):
Failed to parse source map from '/Users/zeshanwain/repos/bank-stablecoin/ui/node_modules/@safe-global/safe-gateway-typescript-sdk/src/types/transactions.ts' file: Error: ENOENT: no such file or directory, open '/Users/zeshanwain/repos/bank-stablecoin/ui/node_modules/@safe-global/safe-gateway-typescript-sdk/src/types/transactions.ts'

WARNING in ./node_modules/@safe-global/safe-gateway-typescript-sdk/dist/utils.js
Module Warning (from ./node_modules/source-map-loader/dist/cjs.js):
Failed to parse source map from '/Users/zeshanwain/repos/bank-stablecoin/ui/node_modules/@safe-global/safe-gateway-typescript-sdk/src/utils.ts' file: Error: ENOENT: no such file or directory, open '/Users/zeshanwain/repos/bank-stablecoin/ui/node_modules/@safe-global/safe-gateway-typescript-sdk/src/utils.ts'

WARNING in ./node_modules/@walletconnect/environment/dist/cjs/crypto.js
Module Warning (from ./node_modules/source-map-loader/dist/cjs.js):
Failed to parse source map from '/Users/zeshanwain/repos/bank-stablecoin/ui/node_modules/@walletconnect/environment/src/crypto.ts' file: Error: ENOENT: no such file or directory, open '/Users/zeshanwain/repos/bank-stablecoin/ui/node_modules/@walletconnect/environment/src/crypto.ts'

WARNING in ./node_modules/@walletconnect/environment/dist/cjs/env.js
Module Warning (from ./node_modules/source-map-loader/dist/cjs.js):
Failed to parse source map from '/Users/zeshanwain/repos/bank-stablecoin/ui/node_modules/@walletconnect/environment/src/env.ts' file: Error: ENOENT: no such file or directory, open '/Users/zeshanwain/repos/bank-stablecoin/ui/node_modules/@walletconnect/environment/src/env.ts'

WARNING in ./node_modules/@walletconnect/environment/dist/cjs/index.js
Module Warning (from ./node_modules/source-map-loader/dist/cjs.js):
Failed to parse source map from '/Users/zeshanwain/repos/bank-stablecoin/ui/node_modules/@walletconnect/environment/src/index.ts' file: Error: ENOENT: no such file or directory, open '/Users/zeshanwain/repos/bank-stablecoin/ui/node_modules/@walletconnect/environment/src/index.ts'

WARNING in ./node_modules/@walletconnect/events/dist/esm/events.js
Module Warning (from ./node_modules/source-map-loader/dist/cjs.js):
Failed to parse source map from '/Users/zeshanwain/repos/bank-stablecoin/ui/node_modules/@walletconnect/events/src/events.ts' file: Error: ENOENT: no such file or directory, open '/Users/zeshanwain/repos/bank-stablecoin/ui/node_modules/@walletconnect/events/src/events.ts'

WARNING in ./node_modules/@walletconnect/events/dist/esm/index.js
Module Warning (from ./node_modules/source-map-loader/dist/cjs.js):
Failed to parse source map from '/Users/zeshanwain/repos/bank-stablecoin/ui/node_modules/@walletconnect/events/src/index.ts' file: Error: ENOENT: no such file or directory, open '/Users/zeshanwain/repos/bank-stablecoin/ui/node_modules/@walletconnect/events/src/index.ts'

WARNING in ./node_modules/@walletconnect/jsonrpc-utils/dist/esm/constants.js
Module Warning (from ./node_modules/source-map-loader/dist/cjs.js):
Failed to parse source map from '/Users/zeshanwain/repos/bank-stablecoin/ui/node_modules/@walletconnect/jsonrpc-utils/src/constants.ts' file: Error: ENOENT: no such file or directory, open '/Users/zeshanwain/repos/bank-stablecoin/ui/node_modules/@walletconnect/jsonrpc-utils/src/constants.ts'

WARNING in ./node_modules/@walletconnect/jsonrpc-utils/dist/esm/env.js
Module Warning (from ./node_modules/source-map-loader/dist/cjs.js):
Failed to parse source map from '/Users/zeshanwain/repos/bank-stablecoin/ui/node_modules/@walletconnect/jsonrpc-utils/src/env.ts' file: Error: ENOENT: no such file or directory, open '/Users/zeshanwain/repos/bank-stablecoin/ui/node_modules/@walletconnect/jsonrpc-utils/src/env.ts'

WARNING in ./node_modules/@walletconnect/jsonrpc-utils/dist/esm/error.js
Module Warning (from ./node_modules/source-map-loader/dist/cjs.js):
Failed to parse source map from '/Users/zeshanwain/repos/bank-stablecoin/ui/node_modules/@walletconnect/jsonrpc-utils/src/error.ts' file: Error: ENOENT: no such file or directory, open '/Users/zeshanwain/repos/bank-stablecoin/ui/node_modules/@walletconnect/jsonrpc-utils/src/error.ts'

WARNING in ./node_modules/@walletconnect/jsonrpc-utils/dist/esm/format.js
Module Warning (from ./node_modules/source-map-loader/dist/cjs.js):
Failed to parse source map from '/Users/zeshanwain/repos/bank-stablecoin/ui/node_modules/@walletconnect/jsonrpc-utils/src/format.ts' file: Error: ENOENT: no such file or directory, open '/Users/zeshanwain/repos/bank-stablecoin/ui/node_modules/@walletconnect/jsonrpc-utils/src/format.ts'

WARNING in ./node_modules/@walletconnect/jsonrpc-utils/dist/esm/index.js
Module Warning (from ./node_modules/source-map-loader/dist/cjs.js):
Failed to parse source map from '/Users/zeshanwain/repos/bank-stablecoin/ui/node_modules/@walletconnect/jsonrpc-utils/src/index.ts' file: Error: ENOENT: no such file or directory, open '/Users/zeshanwain/repos/bank-stablecoin/ui/node_modules/@walletconnect/jsonrpc-utils/src/index.ts'

WARNING in ./node_modules/@walletconnect/jsonrpc-utils/dist/esm/routing.js
Module Warning (from ./node_modules/source-map-loader/dist/cjs.js):
Failed to parse source map from '/Users/zeshanwain/repos/bank-stablecoin/ui/node_modules/@walletconnect/jsonrpc-utils/src/routing.ts' file: Error: ENOENT: no such file or directory, open '/Users/zeshanwain/repos/bank-stablecoin/ui/node_modules/@walletconnect/jsonrpc-utils/src/routing.ts'

WARNING in ./node_modules/@walletconnect/jsonrpc-utils/dist/esm/types.js
Module Warning (from ./node_modules/source-map-loader/dist/cjs.js):
Failed to parse source map from '/Users/zeshanwain/repos/bank-stablecoin/ui/node_modules/@walletconnect/jsonrpc-utils/src/types.ts' file: Error: ENOENT: no such file or directory, open '/Users/zeshanwain/repos/bank-stablecoin/ui/node_modules/@walletconnect/jsonrpc-utils/src/types.ts'

WARNING in ./node_modules/@walletconnect/jsonrpc-utils/dist/esm/url.js
Module Warning (from ./node_modules/source-map-loader/dist/cjs.js):
Failed to parse source map from '/Users/zeshanwain/repos/bank-stablecoin/ui/node_modules/@walletconnect/jsonrpc-utils/src/url.ts' file: Error: ENOENT: no such file or directory, open '/Users/zeshanwain/repos/bank-stablecoin/ui/node_modules/@walletconnect/jsonrpc-utils/src/url.ts'

WARNING in ./node_modules/@walletconnect/jsonrpc-utils/dist/esm/validators.js
Module Warning (from ./node_modules/source-map-loader/dist/cjs.js):
Failed to parse source map from '/Users/zeshanwain/repos/bank-stablecoin/ui/node_modules/@walletconnect/jsonrpc-utils/src/validators.ts' file: Error: ENOENT: no such file or directory, open '/Users/zeshanwain/repos/bank-stablecoin/ui/node_modules/@walletconnect/jsonrpc-utils/src/validators.ts'

WARNING in ./node_modules/@walletconnect/relay-auth/dist/esm/api.js
Module Warning (from ./node_modules/source-map-loader/dist/cjs.js):
Failed to parse source map from '/Users/zeshanwain/repos/bank-stablecoin/ui/node_modules/@walletconnect/relay-auth/src/api.ts' file: Error: ENOENT: no such file or directory, open '/Users/zeshanwain/repos/bank-stablecoin/ui/node_modules/@walletconnect/relay-auth/src/api.ts'

WARNING in ./node_modules/@walletconnect/relay-auth/dist/esm/constants.js
Module Warning (from ./node_modules/source-map-loader/dist/cjs.js):
Failed to parse source map from '/Users/zeshanwain/repos/bank-stablecoin/ui/node_modules/@walletconnect/relay-auth/src/constants.ts' file: Error: ENOENT: no such file or directory, open '/Users/zeshanwain/repos/bank-stablecoin/ui/node_modules/@walletconnect/relay-auth/src/constants.ts'

WARNING in ./node_modules/@walletconnect/relay-auth/dist/esm/index.js
Module Warning (from ./node_modules/source-map-loader/dist/cjs.js):
Failed to parse source map from '/Users/zeshanwain/repos/bank-stablecoin/ui/node_modules/@walletconnect/relay-auth/src/index.ts' file: Error: ENOENT: no such file or directory, open '/Users/zeshanwain/repos/bank-stablecoin/ui/node_modules/@walletconnect/relay-auth/src/index.ts'

WARNING in ./node_modules/@walletconnect/relay-auth/dist/esm/types.js
Module Warning (from ./node_modules/source-map-loader/dist/cjs.js):
Failed to parse source map from '/Users/zeshanwain/repos/bank-stablecoin/ui/node_modules/@walletconnect/relay-auth/src/types.ts' file: Error: ENOENT: no such file or directory, open '/Users/zeshanwain/repos/bank-stablecoin/ui/node_modules/@walletconnect/relay-auth/src/types.ts'

WARNING in ./node_modules/@walletconnect/relay-auth/dist/esm/utils.js
Module Warning (from ./node_modules/source-map-loader/dist/cjs.js):
Failed to parse source map from '/Users/zeshanwain/repos/bank-stablecoin/ui/node_modules/@walletconnect/relay-auth/src/utils.ts' file: Error: ENOENT: no such file or directory, open '/Users/zeshanwain/repos/bank-stablecoin/ui/node_modules/@walletconnect/relay-auth/src/utils.ts'

WARNING in ./node_modules/@walletconnect/safe-json/dist/esm/index.js
Module Warning (from ./node_modules/source-map-loader/dist/cjs.js):
Failed to parse source map from '/Users/zeshanwain/repos/bank-stablecoin/ui/node_modules/@walletconnect/safe-json/src/index.ts' file: Error: ENOENT: no such file or directory, open '/Users/zeshanwain/repos/bank-stablecoin/ui/node_modules/@walletconnect/safe-json/src/index.ts'

WARNING in ./node_modules/@walletconnect/time/dist/cjs/constants/index.js
Module Warning (from ./node_modules/source-map-loader/dist/cjs.js):
Failed to parse source map from '/Users/zeshanwain/repos/bank-stablecoin/ui/node_modules/@walletconnect/time/src/constants/index.ts' file: Error: ENOENT: no such file or directory, open '/Users/zeshanwain/repos/bank-stablecoin/ui/node_modules/@walletconnect/time/src/constants/index.ts'

WARNING in ./node_modules/@walletconnect/time/dist/cjs/constants/misc.js
Module Warning (from ./node_modules/source-map-loader/dist/cjs.js):
Failed to parse source map from '/Users/zeshanwain/repos/bank-stablecoin/ui/node_modules/@walletconnect/time/src/constants/misc.ts' file: Error: ENOENT: no such file or directory, open '/Users/zeshanwain/repos/bank-stablecoin/ui/node_modules/@walletconnect/time/src/constants/misc.ts'

WARNING in ./node_modules/@walletconnect/time/dist/cjs/constants/time.js
Module Warning (from ./node_modules/source-map-loader/dist/cjs.js):
Failed to parse source map from '/Users/zeshanwain/repos/bank-stablecoin/ui/node_modules/@walletconnect/time/src/constants/time.ts' file: Error: ENOENT: no such file or directory, open '/Users/zeshanwain/repos/bank-stablecoin/ui/node_modules/@walletconnect/time/src/constants/time.ts'

WARNING in ./node_modules/@walletconnect/time/dist/cjs/index.js
Module Warning (from ./node_modules/source-map-loader/dist/cjs.js):
Failed to parse source map from '/Users/zeshanwain/repos/bank-stablecoin/ui/node_modules/@walletconnect/time/src/index.ts' file: Error: ENOENT: no such file or directory, open '/Users/zeshanwain/repos/bank-stablecoin/ui/node_modules/@walletconnect/time/src/index.ts'

WARNING in ./node_modules/@walletconnect/time/dist/cjs/types/index.js
Module Warning (from ./node_modules/source-map-loader/dist/cjs.js):
Failed to parse source map from '/Users/zeshanwain/repos/bank-stablecoin/ui/node_modules/@walletconnect/time/src/types/index.ts' file: Error: ENOENT: no such file or directory, open '/Users/zeshanwain/repos/bank-stablecoin/ui/node_modules/@walletconnect/time/src/types/index.ts'

WARNING in ./node_modules/@walletconnect/time/dist/cjs/types/watch.js
Module Warning (from ./node_modules/source-map-loader/dist/cjs.js):
Failed to parse source map from '/Users/zeshanwain/repos/bank-stablecoin/ui/node_modules/@walletconnect/time/src/types/watch.ts' file: Error: ENOENT: no such file or directory, open '/Users/zeshanwain/repos/bank-stablecoin/ui/node_modules/@walletconnect/time/src/types/watch.ts'

WARNING in ./node_modules/@walletconnect/time/dist/cjs/utils/convert.js
Module Warning (from ./node_modules/source-map-loader/dist/cjs.js):
Failed to parse source map from '/Users/zeshanwain/repos/bank-stablecoin/ui/node_modules/@walletconnect/time/src/utils/convert.ts' file: Error: ENOENT: no such file or directory, open '/Users/zeshanwain/repos/bank-stablecoin/ui/node_modules/@walletconnect/time/src/utils/convert.ts'

WARNING in ./node_modules/@walletconnect/time/dist/cjs/utils/delay.js
Module Warning (from ./node_modules/source-map-loader/dist/cjs.js):
Failed to parse source map from '/Users/zeshanwain/repos/bank-stablecoin/ui/node_modules/@walletconnect/time/src/utils/delay.ts' file: Error: ENOENT: no such file or directory, open '/Users/zeshanwain/repos/bank-stablecoin/ui/node_modules/@walletconnect/time/src/utils/delay.ts'

WARNING in ./node_modules/@walletconnect/time/dist/cjs/utils/index.js
Module Warning (from ./node_modules/source-map-loader/dist/cjs.js):
Failed to parse source map from '/Users/zeshanwain/repos/bank-stablecoin/ui/node_modules/@walletconnect/time/src/utils/index.ts' file: Error: ENOENT: no such file or directory, open '/Users/zeshanwain/repos/bank-stablecoin/ui/node_modules/@walletconnect/time/src/utils/index.ts'

WARNING in ./node_modules/@walletconnect/time/dist/cjs/watch.js
Module Warning (from ./node_modules/source-map-loader/dist/cjs.js):
Failed to parse source map from '/Users/zeshanwain/repos/bank-stablecoin/ui/node_modules/@walletconnect/time/src/watch.ts' file: Error: ENOENT: no such file or directory, open '/Users/zeshanwain/repos/bank-stablecoin/ui/node_modules/@walletconnect/time/src/watch.ts'

WARNING in ./node_modules/@walletconnect/window-getters/dist/cjs/index.js
Module Warning (from ./node_modules/source-map-loader/dist/cjs.js):
Failed to parse source map from '/Users/zeshanwain/repos/bank-stablecoin/ui/node_modules/@walletconnect/window-getters/src/index.ts' file: Error: ENOENT: no such file or directory, open '/Users/zeshanwain/repos/bank-stablecoin/ui/node_modules/@walletconnect/window-getters/src/index.ts'

WARNING in ./node_modules/@walletconnect/window-metadata/dist/cjs/index.js
Module Warning (from ./node_modules/source-map-loader/dist/cjs.js):
Failed to parse source map from '/Users/zeshanwain/repos/bank-stablecoin/ui/node_modules/@walletconnect/window-metadata/src/index.ts' file: Error: ENOENT: no such file or directory, open '/Users/zeshanwain/repos/bank-stablecoin/ui/node_modules/@walletconnect/window-metadata/src/index.ts'

WARNING in ./node_modules/eth-rpc-errors/dist/classes.js
Module Warning (from ./node_modules/source-map-loader/dist/cjs.js):
Failed to parse source map from '/Users/zeshanwain/repos/bank-stablecoin/ui/node_modules/eth-rpc-errors/src/classes.ts' file: Error: ENOENT: no such file or directory, open '/Users/zeshanwain/repos/bank-stablecoin/ui/node_modules/eth-rpc-errors/src/classes.ts'

WARNING in ./node_modules/eth-rpc-errors/dist/error-constants.js
Module Warning (from ./node_modules/source-map-loader/dist/cjs.js):
Failed to parse source map from '/Users/zeshanwain/repos/bank-stablecoin/ui/node_modules/eth-rpc-errors/src/error-constants.ts' file: Error: ENOENT: no such file or directory, open '/Users/zeshanwain/repos/bank-stablecoin/ui/node_modules/eth-rpc-errors/src/error-constants.ts'

WARNING in ./node_modules/eth-rpc-errors/dist/errors.js
Module Warning (from ./node_modules/source-map-loader/dist/cjs.js):
Failed to parse source map from '/Users/zeshanwain/repos/bank-stablecoin/ui/node_modules/eth-rpc-errors/src/errors.ts' file: Error: ENOENT: no such file or directory, open '/Users/zeshanwain/repos/bank-stablecoin/ui/node_modules/eth-rpc-errors/src/errors.ts'

WARNING in ./node_modules/eth-rpc-errors/dist/index.js
Module Warning (from ./node_modules/source-map-loader/dist/cjs.js):
Failed to parse source map from '/Users/zeshanwain/repos/bank-stablecoin/ui/node_modules/eth-rpc-errors/src/index.ts' file: Error: ENOENT: no such file or directory, open '/Users/zeshanwain/repos/bank-stablecoin/ui/node_modules/eth-rpc-errors/src/index.ts'

WARNING in ./node_modules/eth-rpc-errors/dist/utils.js
Module Warning (from ./node_modules/source-map-loader/dist/cjs.js):
Failed to parse source map from '/Users/zeshanwain/repos/bank-stablecoin/ui/node_modules/eth-rpc-errors/src/utils.ts' file: Error: ENOENT: no such file or directory, open '/Users/zeshanwain/repos/bank-stablecoin/ui/node_modules/eth-rpc-errors/src/utils.ts'

WARNING in ./node_modules/json-rpc-engine/dist/JsonRpcEngine.js
Module Warning (from ./node_modules/source-map-loader/dist/cjs.js):
Failed to parse source map from '/Users/zeshanwain/repos/bank-stablecoin/ui/node_modules/json-rpc-engine/src/JsonRpcEngine.ts' file: Error: ENOENT: no such file or directory, open '/Users/zeshanwain/repos/bank-stablecoin/ui/node_modules/json-rpc-engine/src/JsonRpcEngine.ts'

WARNING in ./node_modules/json-rpc-engine/dist/createAsyncMiddleware.js
Module Warning (from ./node_modules/source-map-loader/dist/cjs.js):
Failed to parse source map from '/Users/zeshanwain/repos/bank-stablecoin/ui/node_modules/json-rpc-engine/src/createAsyncMiddleware.ts' file: Error: ENOENT: no such file or directory, open '/Users/zeshanwain/repos/bank-stablecoin/ui/node_modules/json-rpc-engine/src/createAsyncMiddleware.ts'

WARNING in ./node_modules/json-rpc-engine/dist/createScaffoldMiddleware.js
Module Warning (from ./node_modules/source-map-loader/dist/cjs.js):
Failed to parse source map from '/Users/zeshanwain/repos/bank-stablecoin/ui/node_modules/json-rpc-engine/src/createScaffoldMiddleware.ts' file: Error: ENOENT: no such file or directory, open '/Users/zeshanwain/repos/bank-stablecoin/ui/node_modules/json-rpc-engine/src/createScaffoldMiddleware.ts'

WARNING in ./node_modules/json-rpc-engine/dist/getUniqueId.js
Module Warning (from ./node_modules/source-map-loader/dist/cjs.js):
Failed to parse source map from '/Users/zeshanwain/repos/bank-stablecoin/ui/node_modules/json-rpc-engine/src/getUniqueId.ts' file: Error: ENOENT: no such file or directory, open '/Users/zeshanwain/repos/bank-stablecoin/ui/node_modules/json-rpc-engine/src/getUniqueId.ts'

WARNING in ./node_modules/json-rpc-engine/dist/idRemapMiddleware.js
Module Warning (from ./node_modules/source-map-loader/dist/cjs.js):
Failed to parse source map from '/Users/zeshanwain/repos/bank-stablecoin/ui/node_modules/json-rpc-engine/src/idRemapMiddleware.ts' file: Error: ENOENT: no such file or directory, open '/Users/zeshanwain/repos/bank-stablecoin/ui/node_modules/json-rpc-engine/src/idRemapMiddleware.ts'

WARNING in ./node_modules/json-rpc-engine/dist/index.js
Module Warning (from ./node_modules/source-map-loader/dist/cjs.js):
Failed to parse source map from '/Users/zeshanwain/repos/bank-stablecoin/ui/node_modules/json-rpc-engine/src/index.ts' file: Error: ENOENT: no such file or directory, open '/Users/zeshanwain/repos/bank-stablecoin/ui/node_modules/json-rpc-engine/src/index.ts'

WARNING in ./node_modules/json-rpc-engine/dist/mergeMiddleware.js
Module Warning (from ./node_modules/source-map-loader/dist/cjs.js):
Failed to parse source map from '/Users/zeshanwain/repos/bank-stablecoin/ui/node_modules/json-rpc-engine/src/mergeMiddleware.ts' file: Error: ENOENT: no such file or directory, open '/Users/zeshanwain/repos/bank-stablecoin/ui/node_modules/json-rpc-engine/src/mergeMiddleware.ts'

WARNING in ./node_modules/json-rpc-engine/node_modules/@metamask/safe-event-emitter/index.js
Module Warning (from ./node_modules/source-map-loader/dist/cjs.js):
Failed to parse source map from '/Users/zeshanwain/repos/bank-stablecoin/ui/node_modules/json-rpc-engine/node_modules/@metamask/safe-event-emitter/index.ts' file: Error: ENOENT: no such file or directory, open '/Users/zeshanwain/repos/bank-stablecoin/ui/node_modules/json-rpc-engine/node_modules/@metamask/safe-event-emitter/index.ts'

WARNING in ./node_modules/superstruct/dist/index.mjs
Module Warning (from ./node_modules/source-map-loader/dist/cjs.js):
Failed to parse source map from '/Users/zeshanwain/repos/bank-stablecoin/ui/node_modules/superstruct/src/error.ts' file: Error: ENOENT: no such file or directory, open '/Users/zeshanwain/repos/bank-stablecoin/ui/node_modules/superstruct/src/error.ts'

WARNING in ./node_modules/superstruct/dist/index.mjs
Module Warning (from ./node_modules/source-map-loader/dist/cjs.js):
Failed to parse source map from '/Users/zeshanwain/repos/bank-stablecoin/ui/node_modules/superstruct/src/struct.ts' file: Error: ENOENT: no such file or directory, open '/Users/zeshanwain/repos/bank-stablecoin/ui/node_modules/superstruct/src/struct.ts'

WARNING in ./node_modules/superstruct/dist/index.mjs
Module Warning (from ./node_modules/source-map-loader/dist/cjs.js):
Failed to parse source map from '/Users/zeshanwain/repos/bank-stablecoin/ui/node_modules/superstruct/src/structs/coercions.ts' file: Error: ENOENT: no such file or directory, open '/Users/zeshanwain/repos/bank-stablecoin/ui/node_modules/superstruct/src/structs/coercions.ts'

WARNING in ./node_modules/superstruct/dist/index.mjs
Module Warning (from ./node_modules/source-map-loader/dist/cjs.js):
Failed to parse source map from '/Users/zeshanwain/repos/bank-stablecoin/ui/node_modules/superstruct/src/structs/refinements.ts' file: Error: ENOENT: no such file or directory, open '/Users/zeshanwain/repos/bank-stablecoin/ui/node_modules/superstruct/src/structs/refinements.ts'

WARNING in ./node_modules/superstruct/dist/index.mjs
Module Warning (from ./node_modules/source-map-loader/dist/cjs.js):
Failed to parse source map from '/Users/zeshanwain/repos/bank-stablecoin/ui/node_modules/superstruct/src/structs/types.ts' file: Error: ENOENT: no such file or directory, open '/Users/zeshanwain/repos/bank-stablecoin/ui/node_modules/superstruct/src/structs/types.ts'

WARNING in ./node_modules/superstruct/dist/index.mjs
Module Warning (from ./node_modules/source-map-loader/dist/cjs.js):
Failed to parse source map from '/Users/zeshanwain/repos/bank-stablecoin/ui/node_modules/superstruct/src/structs/utilities.ts' file: Error: ENOENT: no such file or directory, open '/Users/zeshanwain/repos/bank-stablecoin/ui/node_modules/superstruct/src/structs/utilities.ts'

WARNING in ./node_modules/superstruct/dist/index.mjs
Module Warning (from ./node_modules/source-map-loader/dist/cjs.js):
Failed to parse source map from '/Users/zeshanwain/repos/bank-stablecoin/ui/node_modules/superstruct/src/utils.ts' file: Error: ENOENT: no such file or directory, open '/Users/zeshanwain/repos/bank-stablecoin/ui/node_modules/superstruct/src/utils.ts'

WARNING in [eslint] 
src/contexts/WalletContext.tsx
  Line 1:8:   'React' is defined but never used                 @typescript-eslint/no-unused-vars
  Line 1:17:  'createContext' is defined but never used         @typescript-eslint/no-unused-vars
  Line 1:32:  'useContext' is defined but never used            @typescript-eslint/no-unused-vars
  Line 2:10:  'WagmiProvider' is defined but never used         @typescript-eslint/no-unused-vars
  Line 7:10:  'useAccount' is defined but never used            @typescript-eslint/no-unused-vars
  Line 7:22:  'useConnect' is defined but never used            @typescript-eslint/no-unused-vars
  Line 7:34:  'useDisconnect' is defined but never used         @typescript-eslint/no-unused-vars
  Line 7:49:  'useBalance' is defined but never used            @typescript-eslint/no-unused-vars
  Line 7:61:  'useChainId' is defined but never used            @typescript-eslint/no-unused-vars
  Line 8:23:  'QueryClientProvider' is defined but never used   @typescript-eslint/no-unused-vars
  Line 11:7:  'queryClient' is assigned a value but never used  @typescript-eslint/no-unused-vars
  Line 14:7:  'config' is assigned a value but never used       @typescript-eslint/no-unused-vars

src/daml.js/40f452260bef3f29dede136108fc08a88d5a5250310281067087da6f0baddff7/lib/DA/Types/index.js
  Line 1:1:  'use strict' is unnecessary inside of modules  strict

src/daml.js/40f452260bef3f29dede136108fc08a88d5a5250310281067087da6f0baddff7/lib/DA/Types/module.js
  Line 1:1:    'use strict' is unnecessary inside of modules  strict
  Line 22:14:  Expected an error object to be thrown          no-throw-literal

src/daml.js/40f452260bef3f29dede136108fc08a88d5a5250310281067087da6f0baddff7/lib/DA/index.js
  Line 1:1:  'use strict' is unnecessary inside of modules  strict

src/daml.js/40f452260bef3f29dede136108fc08a88d5a5250310281067087da6f0baddff7/lib/index.js
  Line 1:1:  'use strict' is unnecessary inside of modules  strict

src/daml.js/bank-stablecoin-1.0.0/lib/Model/AtomicSwap/index.js
  Line 1:1:  'use strict' is unnecessary inside of modules  strict

src/daml.js/bank-stablecoin-1.0.0/lib/Model/AtomicSwap/module.js
  Line 1:1:     'use strict' is unnecessary inside of modules  strict
  Line 48:28:   Expected an error object to be thrown          no-throw-literal
  Line 124:28:  Expected an error object to be thrown          no-throw-literal
  Line 221:28:  Expected an error object to be thrown          no-throw-literal
  Line 303:28:  Expected an error object to be thrown          no-throw-literal

src/daml.js/bank-stablecoin-1.0.0/lib/Model/Compliance/index.js
  Line 1:1:  'use strict' is unnecessary inside of modules  strict

src/daml.js/bank-stablecoin-1.0.0/lib/Model/Compliance/module.js
  Line 1:1:     'use strict' is unnecessary inside of modules  strict
  Line 49:28:   Expected an error object to be thrown          no-throw-literal
  Line 111:28:  Expected an error object to be thrown          no-throw-literal
  Line 178:28:  Expected an error object to be thrown          no-throw-literal

src/daml.js/bank-stablecoin-1.0.0/lib/Model/Loan/index.js
  Line 1:1:  'use strict' is unnecessary inside of modules  strict

src/daml.js/bank-stablecoin-1.0.0/lib/Model/Loan/module.js
  Line 1:1:     'use strict' is unnecessary inside of modules  strict
  Line 48:28:   Expected an error object to be thrown          no-throw-literal
  Line 135:28:  Expected an error object to be thrown          no-throw-literal
  Line 244:28:  Expected an error object to be thrown          no-throw-literal

src/daml.js/bank-stablecoin-1.0.0/lib/Model/MultiSig/index.js
  Line 1:1:  'use strict' is unnecessary inside of modules  strict

src/daml.js/bank-stablecoin-1.0.0/lib/Model/MultiSig/module.js
  Line 1:1:     'use strict' is unnecessary inside of modules  strict
  Line 49:28:   Expected an error object to be thrown          no-throw-literal
  Line 133:28:  Expected an error object to be thrown          no-throw-literal
  Line 228:28:  Expected an error object to be thrown          no-throw-literal

src/daml.js/bank-stablecoin-1.0.0/lib/Model/RealBankAccount/index.js
  Line 1:1:  'use strict' is unnecessary inside of modules  strict

src/daml.js/bank-stablecoin-1.0.0/lib/Model/RealBankAccount/module.js
  Line 1:1:     'use strict' is unnecessary inside of modules  strict
  Line 52:28:   Expected an error object to be thrown          no-throw-literal
  Line 115:28:  Expected an error object to be thrown          no-throw-literal
  Line 188:28:  Expected an error object to be thrown          no-throw-literal
  Line 256:28:  Expected an error object to be thrown          no-throw-literal
  Line 375:28:  Expected an error object to be thrown          no-throw-literal
  Line 462:28:  Expected an error object to be thrown          no-throw-literal

src/daml.js/bank-stablecoin-1.0.0/lib/Model/Stablecoin/index.js
  Line 1:1:  'use strict' is unnecessary inside of modules  strict

src/daml.js/bank-stablecoin-1.0.0/lib/Model/Stablecoin/module.js
  Line 1:1:     'use strict' is unnecessary inside of modules  strict
  Line 23:28:   Expected an error object to be thrown          no-throw-literal
  Line 89:28:   Expected an error object to be thrown          no-throw-literal
  Line 178:28:  Expected an error object to be thrown          no-throw-literal
  Line 235:28:  Expected an error object to be thrown          no-throw-literal
  Line 304:28:  Expected an error object to be thrown          no-throw-literal
  Line 405:28:  Expected an error object to be thrown          no-throw-literal

src/daml.js/d14e08374fc7197d6a0de468c968ae8ba3aadbf9315476fd39071831f5923662/lib/DA/Internal/Template/index.js
  Line 1:1:  'use strict' is unnecessary inside of modules  strict

src/daml.js/d14e08374fc7197d6a0de468c968ae8ba3aadbf9315476fd39071831f5923662/lib/DA/Internal/Template/module.js
  Line 1:1:  'use strict' is unnecessary inside of modules  strict

src/daml.js/d14e08374fc7197d6a0de468c968ae8ba3aadbf9315476fd39071831f5923662/lib/DA/Internal/index.js
  Line 1:1:  'use strict' is unnecessary inside of modules  strict

src/daml.js/d14e08374fc7197d6a0de468c968ae8ba3aadbf9315476fd39071831f5923662/lib/DA/index.js
  Line 1:1:  'use strict' is unnecessary inside of modules  strict

src/daml.js/d14e08374fc7197d6a0de468c968ae8ba3aadbf9315476fd39071831f5923662/lib/index.js
  Line 1:1:  'use strict' is unnecessary inside of modules  strict

ERROR in ./src/components/TokenSwap.tsx 16:6-15
export 'useWallet' (imported as 'useWallet') was not found in '../contexts/WalletContext' (module has no exports)

ERROR in ./src/components/TokenSwap.tsx 317:10-19
export 'useWallet' (imported as 'useWallet') was not found in '../contexts/WalletContext' (module has no exports)

ERROR in ./src/components/WalletConnect.tsx 19:6-15
export 'useWallet' (imported as 'useWallet') was not found in '../contexts/WalletContext' (module has no exports)

ERROR in ./src/components/WalletConnect.tsx 315:10-19
export 'useWallet' (imported as 'useWallet') was not found in '../contexts/WalletContext' (module has no exports)

ERROR in ./src/index.tsx 15:33-47
export 'WalletProvider' (imported as 'WalletProvider') was not found in './contexts/WalletContext' (module has no exports)

webpack compiled with 5 errors and 73 warnings
Files successfully emitted, waiting for typecheck results...
Issues checking in progress...
ERROR in src/components/TokenSwap.tsx:3:10
TS2305: Module '"../contexts/WalletContext"' has no exported member 'useWallet'.
    1 | import React, { useState } from 'react';
    2 | import { Segment, Header, Icon, Form, Button, Message, Statistic, Label } from 'semantic-ui-react';
  > 3 | import { useWallet } from '../contexts/WalletContext';
      |          ^^^^^^^^^
    4 | import { showSuccess, showError } from './Toast';
    5 |
    6 | const TokenSwap: React.FC = () => {

ERROR in src/components/WalletConnect.tsx:3:10
TS2305: Module '"../contexts/WalletContext"' has no exported member 'useWallet'.
    1 | import React, { useState } from 'react';
    2 | import { Button, Modal, Card, Icon, Label, Segment, Header, Grid, Message } from 'semantic-ui-react';
  > 3 | import { useWallet } from '../contexts/WalletContext';
      |          ^^^^^^^^^
    4 |
    5 | const WalletConnect: React.FC = () => {
    6 |   const [modalOpen, setModalOpen] = useState(false);

ERROR in src/contexts/WalletContext.tsx:14:29
TS2554: Expected 0 arguments, but got 1.
    12 |
    13 | // Create wagmi config
  > 14 | const config = createConfig({
       |                             ^
  > 15 |   chains: [sepolia, polygonMumbai, arbitrumSepolia, optimismSepolia],
       | ^^^^^^^^^^^^^^^^^^^^^^^^^^^^^^^^^^^^^^^^^^^^^^^^^^^^^^^^^^^^^^^^^^^^^
  > 16 |   connectors: [
       | ^^^^^^^^^^^^^^^^^^^^^^^^^^^^^^^^^^^^^^^^^^^^^^^^^^^^^^^^^^^^^^^^^^^^^
  > 17 |     injected(),
       | ^^^^^^^^^^^^^^^^^^^^^^^^^^^^^^^^^^^^^^^^^^^^^^^^^^^^^^^^^^^^^^^^^^^^^
  > 18 |     walletConnect({
       | ^^^^^^^^^^^^^^^^^^^^^^^^^^^^^^^^^^^^^^^^^^^^^^^^^^^^^^^^^^^^^^^^^^^^^
  > 19 |       projectId: '0a3fc14c4ea735512ac97ba826580151',
       | ^^^^^^^^^^^^^^^^^^^^^^^^^^^^^^^^^^^^^^^^^^^^^^^^^^^^^^^^^^^^^^^^^^^^^
  > 20 |     }),
       | ^^^^^^^^^^^^^^^^^^^^^^^^^^^^^^^^^^^^^^^^^^^^^^^^^^^^^^^^^^^^^^^^^^^^^
  > 21 |   ],
       | ^^^^^^^^^^^^^^^^^^^^^^^^^^^^^^^^^^^^^^^^^^^^^^^^^^^^^^^^^^^^^^^^^^^^^
  > 22 |   transports: {
       | ^^^^^^^^^^^^^^^^^^^^^^^^^^^^^^^^^^^^^^^^^^^^^^^^^^^^^^^^^^^^^^^^^^^^^
  > 23 |     [sepolia.id]: http(),
       | ^^^^^^^^^^^^^^^^^^^^^^^^^^^^^^^^^^^^^^^^^^^^^^^^^^^^^^^^^^^^^^^^^^^^^
  > 24 |     [polygonMumbai.id]: http(),
       | ^^^^^^^^^^^^^^^^^^^^^^^^^^^^^^^^^^^^^^^^^^^^^^^^^^^^^^^^^^^^^^^^^^^^^
  > 25 |     [arbitrumSepolia.id]: http(),
       | ^^^^^^^^^^^^^^^^^^^^^^^^^^^^^^^^^^^^^^^^^^^^^^^^^^^^^^^^^^^^^^^^^^^^^
  > 26 |     [optimismSepolia.id]: http(),
       | ^^^^^^^^^^^^^^^^^^^^^^^^^^^^^^^^^^^^^^^^^^^^^^^^^^^^^^^^^^^^^^^^^^^^^
  > 27 |   },
       | ^^^^^^^^^^^^^^^^^^^^^^^^^^^^^^^^^^^^^^^^^^^^^^^^^^^^^^^^^^^^^^^^^^^^^
  > 28 | }) as any;
       | ^^
    29 |
    30 | // ... rest of your code stays the same

ERROR in src/index.tsx:7:10
TS2305: Module '"./contexts/WalletContext"' has no exported member 'WalletProvider'.
     5 | import App from './App';
     6 | import reportWebVitals from './reportWebVitals';
  >  7 | import { WalletProvider } from './contexts/WalletContext';
       |          ^^^^^^^^^^^^^^
     8 |
     9 | const container = document.getElementById('root');
    10 | const root = createRoot(container!);

Compiling...
Compiled with warnings.

Failed to parse source map from '/Users/zeshanwain/language-support/ts/daml-ledger/index.ts' file: Error: ENOENT: no such file or directory, open '/Users/zeshanwain/language-support/ts/daml-ledger/index.ts'

Failed to parse source map from '/Users/zeshanwain/language-support/ts/daml-react/createLedgerContext.ts' file: Error: ENOENT: no such file or directory, open '/Users/zeshanwain/language-support/ts/daml-react/createLedgerContext.ts'

Failed to parse source map from '/Users/zeshanwain/language-support/ts/daml-react/defaultLedgerContext.ts' file: Error: ENOENT: no such file or directory, open '/Users/zeshanwain/language-support/ts/daml-react/defaultLedgerContext.ts'

Failed to parse source map from '/Users/zeshanwain/language-support/ts/daml-react/index.ts' file: Error: ENOENT: no such file or directory, open '/Users/zeshanwain/language-support/ts/daml-react/index.ts'

Failed to parse source map from '/Users/zeshanwain/language-support/ts/daml-types/index.ts' file: Error: ENOENT: no such file or directory, open '/Users/zeshanwain/language-support/ts/daml-types/index.ts'

Failed to parse source map from '/Users/zeshanwain/repos/bank-stablecoin/ui/node_modules/@metamask/safe-event-emitter/index.ts' file: Error: ENOENT: no such file or directory, open '/Users/zeshanwain/repos/bank-stablecoin/ui/node_modules/@metamask/safe-event-emitter/index.ts'

Failed to parse source map from '/Users/zeshanwain/repos/bank-stablecoin/ui/node_modules/@safe-global/safe-gateway-typescript-sdk/src/config.ts' file: Error: ENOENT: no such file or directory, open '/Users/zeshanwain/repos/bank-stablecoin/ui/node_modules/@safe-global/safe-gateway-typescript-sdk/src/config.ts'

Failed to parse source map from '/Users/zeshanwain/repos/bank-stablecoin/ui/node_modules/@safe-global/safe-gateway-typescript-sdk/src/endpoint.ts' file: Error: ENOENT: no such file or directory, open '/Users/zeshanwain/repos/bank-stablecoin/ui/node_modules/@safe-global/safe-gateway-typescript-sdk/src/endpoint.ts'

Failed to parse source map from '/Users/zeshanwain/repos/bank-stablecoin/ui/node_modules/@safe-global/safe-gateway-typescript-sdk/src/index.ts' file: Error: ENOENT: no such file or directory, open '/Users/zeshanwain/repos/bank-stablecoin/ui/node_modules/@safe-global/safe-gateway-typescript-sdk/src/index.ts'

Failed to parse source map from '/Users/zeshanwain/repos/bank-stablecoin/ui/node_modules/@safe-global/safe-gateway-typescript-sdk/src/types/chains.ts' file: Error: ENOENT: no such file or directory, open '/Users/zeshanwain/repos/bank-stablecoin/ui/node_modules/@safe-global/safe-gateway-typescript-sdk/src/types/chains.ts'

Failed to parse source map from '/Users/zeshanwain/repos/bank-stablecoin/ui/node_modules/@safe-global/safe-gateway-typescript-sdk/src/types/common.ts' file: Error: ENOENT: no such file or directory, open '/Users/zeshanwain/repos/bank-stablecoin/ui/node_modules/@safe-global/safe-gateway-typescript-sdk/src/types/common.ts'

Failed to parse source map from '/Users/zeshanwain/repos/bank-stablecoin/ui/node_modules/@safe-global/safe-gateway-typescript-sdk/src/types/decoded-data.ts' file: Error: ENOENT: no such file or directory, open '/Users/zeshanwain/repos/bank-stablecoin/ui/node_modules/@safe-global/safe-gateway-typescript-sdk/src/types/decoded-data.ts'

Failed to parse source map from '/Users/zeshanwain/repos/bank-stablecoin/ui/node_modules/@safe-global/safe-gateway-typescript-sdk/src/types/master-copies.ts' file: Error: ENOENT: no such file or directory, open '/Users/zeshanwain/repos/bank-stablecoin/ui/node_modules/@safe-global/safe-gateway-typescript-sdk/src/types/master-copies.ts'

Failed to parse source map from '/Users/zeshanwain/repos/bank-stablecoin/ui/node_modules/@safe-global/safe-gateway-typescript-sdk/src/types/notifications.ts' file: Error: ENOENT: no such file or directory, open '/Users/zeshanwain/repos/bank-stablecoin/ui/node_modules/@safe-global/safe-gateway-typescript-sdk/src/types/notifications.ts'

Failed to parse source map from '/Users/zeshanwain/repos/bank-stablecoin/ui/node_modules/@safe-global/safe-gateway-typescript-sdk/src/types/relay.ts' file: Error: ENOENT: no such file or directory, open '/Users/zeshanwain/repos/bank-stablecoin/ui/node_modules/@safe-global/safe-gateway-typescript-sdk/src/types/relay.ts'

Failed to parse source map from '/Users/zeshanwain/repos/bank-stablecoin/ui/node_modules/@safe-global/safe-gateway-typescript-sdk/src/types/safe-apps.ts' file: Error: ENOENT: no such file or directory, open '/Users/zeshanwain/repos/bank-stablecoin/ui/node_modules/@safe-global/safe-gateway-typescript-sdk/src/types/safe-apps.ts'

Failed to parse source map from '/Users/zeshanwain/repos/bank-stablecoin/ui/node_modules/@safe-global/safe-gateway-typescript-sdk/src/types/safe-info.ts' file: Error: ENOENT: no such file or directory, open '/Users/zeshanwain/repos/bank-stablecoin/ui/node_modules/@safe-global/safe-gateway-typescript-sdk/src/types/safe-info.ts'

Failed to parse source map from '/Users/zeshanwain/repos/bank-stablecoin/ui/node_modules/@safe-global/safe-gateway-typescript-sdk/src/types/safe-messages.ts' file: Error: ENOENT: no such file or directory, open '/Users/zeshanwain/repos/bank-stablecoin/ui/node_modules/@safe-global/safe-gateway-typescript-sdk/src/types/safe-messages.ts'

Failed to parse source map from '/Users/zeshanwain/repos/bank-stablecoin/ui/node_modules/@safe-global/safe-gateway-typescript-sdk/src/types/transactions.ts' file: Error: ENOENT: no such file or directory, open '/Users/zeshanwain/repos/bank-stablecoin/ui/node_modules/@safe-global/safe-gateway-typescript-sdk/src/types/transactions.ts'

Failed to parse source map from '/Users/zeshanwain/repos/bank-stablecoin/ui/node_modules/@safe-global/safe-gateway-typescript-sdk/src/utils.ts' file: Error: ENOENT: no such file or directory, open '/Users/zeshanwain/repos/bank-stablecoin/ui/node_modules/@safe-global/safe-gateway-typescript-sdk/src/utils.ts'

Failed to parse source map from '/Users/zeshanwain/repos/bank-stablecoin/ui/node_modules/@walletconnect/environment/src/crypto.ts' file: Error: ENOENT: no such file or directory, open '/Users/zeshanwain/repos/bank-stablecoin/ui/node_modules/@walletconnect/environment/src/crypto.ts'

Failed to parse source map from '/Users/zeshanwain/repos/bank-stablecoin/ui/node_modules/@walletconnect/environment/src/env.ts' file: Error: ENOENT: no such file or directory, open '/Users/zeshanwain/repos/bank-stablecoin/ui/node_modules/@walletconnect/environment/src/env.ts'

Failed to parse source map from '/Users/zeshanwain/repos/bank-stablecoin/ui/node_modules/@walletconnect/environment/src/index.ts' file: Error: ENOENT: no such file or directory, open '/Users/zeshanwain/repos/bank-stablecoin/ui/node_modules/@walletconnect/environment/src/index.ts'

Failed to parse source map from '/Users/zeshanwain/repos/bank-stablecoin/ui/node_modules/@walletconnect/events/src/events.ts' file: Error: ENOENT: no such file or directory, open '/Users/zeshanwain/repos/bank-stablecoin/ui/node_modules/@walletconnect/events/src/events.ts'

Failed to parse source map from '/Users/zeshanwain/repos/bank-stablecoin/ui/node_modules/@walletconnect/events/src/index.ts' file: Error: ENOENT: no such file or directory, open '/Users/zeshanwain/repos/bank-stablecoin/ui/node_modules/@walletconnect/events/src/index.ts'

Failed to parse source map from '/Users/zeshanwain/repos/bank-stablecoin/ui/node_modules/@walletconnect/jsonrpc-utils/src/constants.ts' file: Error: ENOENT: no such file or directory, open '/Users/zeshanwain/repos/bank-stablecoin/ui/node_modules/@walletconnect/jsonrpc-utils/src/constants.ts'

Failed to parse source map from '/Users/zeshanwain/repos/bank-stablecoin/ui/node_modules/@walletconnect/jsonrpc-utils/src/env.ts' file: Error: ENOENT: no such file or directory, open '/Users/zeshanwain/repos/bank-stablecoin/ui/node_modules/@walletconnect/jsonrpc-utils/src/env.ts'

Failed to parse source map from '/Users/zeshanwain/repos/bank-stablecoin/ui/node_modules/@walletconnect/jsonrpc-utils/src/error.ts' file: Error: ENOENT: no such file or directory, open '/Users/zeshanwain/repos/bank-stablecoin/ui/node_modules/@walletconnect/jsonrpc-utils/src/error.ts'

Failed to parse source map from '/Users/zeshanwain/repos/bank-stablecoin/ui/node_modules/@walletconnect/jsonrpc-utils/src/format.ts' file: Error: ENOENT: no such file or directory, open '/Users/zeshanwain/repos/bank-stablecoin/ui/node_modules/@walletconnect/jsonrpc-utils/src/format.ts'

Failed to parse source map from '/Users/zeshanwain/repos/bank-stablecoin/ui/node_modules/@walletconnect/jsonrpc-utils/src/index.ts' file: Error: ENOENT: no such file or directory, open '/Users/zeshanwain/repos/bank-stablecoin/ui/node_modules/@walletconnect/jsonrpc-utils/src/index.ts'

Failed to parse source map from '/Users/zeshanwain/repos/bank-stablecoin/ui/node_modules/@walletconnect/jsonrpc-utils/src/routing.ts' file: Error: ENOENT: no such file or directory, open '/Users/zeshanwain/repos/bank-stablecoin/ui/node_modules/@walletconnect/jsonrpc-utils/src/routing.ts'

Failed to parse source map from '/Users/zeshanwain/repos/bank-stablecoin/ui/node_modules/@walletconnect/jsonrpc-utils/src/types.ts' file: Error: ENOENT: no such file or directory, open '/Users/zeshanwain/repos/bank-stablecoin/ui/node_modules/@walletconnect/jsonrpc-utils/src/types.ts'

Failed to parse source map from '/Users/zeshanwain/repos/bank-stablecoin/ui/node_modules/@walletconnect/jsonrpc-utils/src/url.ts' file: Error: ENOENT: no such file or directory, open '/Users/zeshanwain/repos/bank-stablecoin/ui/node_modules/@walletconnect/jsonrpc-utils/src/url.ts'

Failed to parse source map from '/Users/zeshanwain/repos/bank-stablecoin/ui/node_modules/@walletconnect/jsonrpc-utils/src/validators.ts' file: Error: ENOENT: no such file or directory, open '/Users/zeshanwain/repos/bank-stablecoin/ui/node_modules/@walletconnect/jsonrpc-utils/src/validators.ts'

Failed to parse source map from '/Users/zeshanwain/repos/bank-stablecoin/ui/node_modules/@walletconnect/relay-auth/src/api.ts' file: Error: ENOENT: no such file or directory, open '/Users/zeshanwain/repos/bank-stablecoin/ui/node_modules/@walletconnect/relay-auth/src/api.ts'

Failed to parse source map from '/Users/zeshanwain/repos/bank-stablecoin/ui/node_modules/@walletconnect/relay-auth/src/constants.ts' file: Error: ENOENT: no such file or directory, open '/Users/zeshanwain/repos/bank-stablecoin/ui/node_modules/@walletconnect/relay-auth/src/constants.ts'

Failed to parse source map from '/Users/zeshanwain/repos/bank-stablecoin/ui/node_modules/@walletconnect/relay-auth/src/index.ts' file: Error: ENOENT: no such file or directory, open '/Users/zeshanwain/repos/bank-stablecoin/ui/node_modules/@walletconnect/relay-auth/src/index.ts'

Failed to parse source map from '/Users/zeshanwain/repos/bank-stablecoin/ui/node_modules/@walletconnect/relay-auth/src/types.ts' file: Error: ENOENT: no such file or directory, open '/Users/zeshanwain/repos/bank-stablecoin/ui/node_modules/@walletconnect/relay-auth/src/types.ts'

Failed to parse source map from '/Users/zeshanwain/repos/bank-stablecoin/ui/node_modules/@walletconnect/relay-auth/src/utils.ts' file: Error: ENOENT: no such file or directory, open '/Users/zeshanwain/repos/bank-stablecoin/ui/node_modules/@walletconnect/relay-auth/src/utils.ts'

Failed to parse source map from '/Users/zeshanwain/repos/bank-stablecoin/ui/node_modules/@walletconnect/safe-json/src/index.ts' file: Error: ENOENT: no such file or directory, open '/Users/zeshanwain/repos/bank-stablecoin/ui/node_modules/@walletconnect/safe-json/src/index.ts'

Failed to parse source map from '/Users/zeshanwain/repos/bank-stablecoin/ui/node_modules/@walletconnect/time/src/constants/index.ts' file: Error: ENOENT: no such file or directory, open '/Users/zeshanwain/repos/bank-stablecoin/ui/node_modules/@walletconnect/time/src/constants/index.ts'

Failed to parse source map from '/Users/zeshanwain/repos/bank-stablecoin/ui/node_modules/@walletconnect/time/src/constants/misc.ts' file: Error: ENOENT: no such file or directory, open '/Users/zeshanwain/repos/bank-stablecoin/ui/node_modules/@walletconnect/time/src/constants/misc.ts'

Failed to parse source map from '/Users/zeshanwain/repos/bank-stablecoin/ui/node_modules/@walletconnect/time/src/constants/time.ts' file: Error: ENOENT: no such file or directory, open '/Users/zeshanwain/repos/bank-stablecoin/ui/node_modules/@walletconnect/time/src/constants/time.ts'

Failed to parse source map from '/Users/zeshanwain/repos/bank-stablecoin/ui/node_modules/@walletconnect/time/src/index.ts' file: Error: ENOENT: no such file or directory, open '/Users/zeshanwain/repos/bank-stablecoin/ui/node_modules/@walletconnect/time/src/index.ts'

Failed to parse source map from '/Users/zeshanwain/repos/bank-stablecoin/ui/node_modules/@walletconnect/time/src/types/index.ts' file: Error: ENOENT: no such file or directory, open '/Users/zeshanwain/repos/bank-stablecoin/ui/node_modules/@walletconnect/time/src/types/index.ts'

Failed to parse source map from '/Users/zeshanwain/repos/bank-stablecoin/ui/node_modules/@walletconnect/time/src/types/watch.ts' file: Error: ENOENT: no such file or directory, open '/Users/zeshanwain/repos/bank-stablecoin/ui/node_modules/@walletconnect/time/src/types/watch.ts'

Failed to parse source map from '/Users/zeshanwain/repos/bank-stablecoin/ui/node_modules/@walletconnect/time/src/utils/convert.ts' file: Error: ENOENT: no such file or directory, open '/Users/zeshanwain/repos/bank-stablecoin/ui/node_modules/@walletconnect/time/src/utils/convert.ts'

Failed to parse source map from '/Users/zeshanwain/repos/bank-stablecoin/ui/node_modules/@walletconnect/time/src/utils/delay.ts' file: Error: ENOENT: no such file or directory, open '/Users/zeshanwain/repos/bank-stablecoin/ui/node_modules/@walletconnect/time/src/utils/delay.ts'

Failed to parse source map from '/Users/zeshanwain/repos/bank-stablecoin/ui/node_modules/@walletconnect/time/src/utils/index.ts' file: Error: ENOENT: no such file or directory, open '/Users/zeshanwain/repos/bank-stablecoin/ui/node_modules/@walletconnect/time/src/utils/index.ts'

Failed to parse source map from '/Users/zeshanwain/repos/bank-stablecoin/ui/node_modules/@walletconnect/time/src/watch.ts' file: Error: ENOENT: no such file or directory, open '/Users/zeshanwain/repos/bank-stablecoin/ui/node_modules/@walletconnect/time/src/watch.ts'

Failed to parse source map from '/Users/zeshanwain/repos/bank-stablecoin/ui/node_modules/@walletconnect/window-getters/src/index.ts' file: Error: ENOENT: no such file or directory, open '/Users/zeshanwain/repos/bank-stablecoin/ui/node_modules/@walletconnect/window-getters/src/index.ts'

Failed to parse source map from '/Users/zeshanwain/repos/bank-stablecoin/ui/node_modules/@walletconnect/window-metadata/src/index.ts' file: Error: ENOENT: no such file or directory, open '/Users/zeshanwain/repos/bank-stablecoin/ui/node_modules/@walletconnect/window-metadata/src/index.ts'

Failed to parse source map from '/Users/zeshanwain/repos/bank-stablecoin/ui/node_modules/eth-rpc-errors/src/classes.ts' file: Error: ENOENT: no such file or directory, open '/Users/zeshanwain/repos/bank-stablecoin/ui/node_modules/eth-rpc-errors/src/classes.ts'

Failed to parse source map from '/Users/zeshanwain/repos/bank-stablecoin/ui/node_modules/eth-rpc-errors/src/error-constants.ts' file: Error: ENOENT: no such file or directory, open '/Users/zeshanwain/repos/bank-stablecoin/ui/node_modules/eth-rpc-errors/src/error-constants.ts'

Failed to parse source map from '/Users/zeshanwain/repos/bank-stablecoin/ui/node_modules/eth-rpc-errors/src/errors.ts' file: Error: ENOENT: no such file or directory, open '/Users/zeshanwain/repos/bank-stablecoin/ui/node_modules/eth-rpc-errors/src/errors.ts'

Failed to parse source map from '/Users/zeshanwain/repos/bank-stablecoin/ui/node_modules/eth-rpc-errors/src/index.ts' file: Error: ENOENT: no such file or directory, open '/Users/zeshanwain/repos/bank-stablecoin/ui/node_modules/eth-rpc-errors/src/index.ts'

Failed to parse source map from '/Users/zeshanwain/repos/bank-stablecoin/ui/node_modules/eth-rpc-errors/src/utils.ts' file: Error: ENOENT: no such file or directory, open '/Users/zeshanwain/repos/bank-stablecoin/ui/node_modules/eth-rpc-errors/src/utils.ts'

Failed to parse source map from '/Users/zeshanwain/repos/bank-stablecoin/ui/node_modules/json-rpc-engine/src/JsonRpcEngine.ts' file: Error: ENOENT: no such file or directory, open '/Users/zeshanwain/repos/bank-stablecoin/ui/node_modules/json-rpc-engine/src/JsonRpcEngine.ts'

Failed to parse source map from '/Users/zeshanwain/repos/bank-stablecoin/ui/node_modules/json-rpc-engine/src/createAsyncMiddleware.ts' file: Error: ENOENT: no such file or directory, open '/Users/zeshanwain/repos/bank-stablecoin/ui/node_modules/json-rpc-engine/src/createAsyncMiddleware.ts'

Failed to parse source map from '/Users/zeshanwain/repos/bank-stablecoin/ui/node_modules/json-rpc-engine/src/createScaffoldMiddleware.ts' file: Error: ENOENT: no such file or directory, open '/Users/zeshanwain/repos/bank-stablecoin/ui/node_modules/json-rpc-engine/src/createScaffoldMiddleware.ts'

Failed to parse source map from '/Users/zeshanwain/repos/bank-stablecoin/ui/node_modules/json-rpc-engine/src/getUniqueId.ts' file: Error: ENOENT: no such file or directory, open '/Users/zeshanwain/repos/bank-stablecoin/ui/node_modules/json-rpc-engine/src/getUniqueId.ts'

Failed to parse source map from '/Users/zeshanwain/repos/bank-stablecoin/ui/node_modules/json-rpc-engine/src/idRemapMiddleware.ts' file: Error: ENOENT: no such file or directory, open '/Users/zeshanwain/repos/bank-stablecoin/ui/node_modules/json-rpc-engine/src/idRemapMiddleware.ts'

Failed to parse source map from '/Users/zeshanwain/repos/bank-stablecoin/ui/node_modules/json-rpc-engine/src/index.ts' file: Error: ENOENT: no such file or directory, open '/Users/zeshanwain/repos/bank-stablecoin/ui/node_modules/json-rpc-engine/src/index.ts'

Failed to parse source map from '/Users/zeshanwain/repos/bank-stablecoin/ui/node_modules/json-rpc-engine/src/mergeMiddleware.ts' file: Error: ENOENT: no such file or directory, open '/Users/zeshanwain/repos/bank-stablecoin/ui/node_modules/json-rpc-engine/src/mergeMiddleware.ts'

Failed to parse source map from '/Users/zeshanwain/repos/bank-stablecoin/ui/node_modules/json-rpc-engine/node_modules/@metamask/safe-event-emitter/index.ts' file: Error: ENOENT: no such file or directory, open '/Users/zeshanwain/repos/bank-stablecoin/ui/node_modules/json-rpc-engine/node_modules/@metamask/safe-event-emitter/index.ts'

Failed to parse source map from '/Users/zeshanwain/repos/bank-stablecoin/ui/node_modules/superstruct/src/error.ts' file: Error: ENOENT: no such file or directory, open '/Users/zeshanwain/repos/bank-stablecoin/ui/node_modules/superstruct/src/error.ts'

Failed to parse source map from '/Users/zeshanwain/repos/bank-stablecoin/ui/node_modules/superstruct/src/struct.ts' file: Error: ENOENT: no such file or directory, open '/Users/zeshanwain/repos/bank-stablecoin/ui/node_modules/superstruct/src/struct.ts'

Failed to parse source map from '/Users/zeshanwain/repos/bank-stablecoin/ui/node_modules/superstruct/src/structs/coercions.ts' file: Error: ENOENT: no such file or directory, open '/Users/zeshanwain/repos/bank-stablecoin/ui/node_modules/superstruct/src/structs/coercions.ts'

Failed to parse source map from '/Users/zeshanwain/repos/bank-stablecoin/ui/node_modules/superstruct/src/structs/refinements.ts' file: Error: ENOENT: no such file or directory, open '/Users/zeshanwain/repos/bank-stablecoin/ui/node_modules/superstruct/src/structs/refinements.ts'

Failed to parse source map from '/Users/zeshanwain/repos/bank-stablecoin/ui/node_modules/superstruct/src/structs/types.ts' file: Error: ENOENT: no such file or directory, open '/Users/zeshanwain/repos/bank-stablecoin/ui/node_modules/superstruct/src/structs/types.ts'

Failed to parse source map from '/Users/zeshanwain/repos/bank-stablecoin/ui/node_modules/superstruct/src/structs/utilities.ts' file: Error: ENOENT: no such file or directory, open '/Users/zeshanwain/repos/bank-stablecoin/ui/node_modules/superstruct/src/structs/utilities.ts'

Failed to parse source map from '/Users/zeshanwain/repos/bank-stablecoin/ui/node_modules/superstruct/src/utils.ts' file: Error: ENOENT: no such file or directory, open '/Users/zeshanwain/repos/bank-stablecoin/ui/node_modules/superstruct/src/utils.ts'

[eslint] 
src/daml.js/40f452260bef3f29dede136108fc08a88d5a5250310281067087da6f0baddff7/lib/DA/Types/index.js
  Line 1:1:  'use strict' is unnecessary inside of modules  strict

src/daml.js/40f452260bef3f29dede136108fc08a88d5a5250310281067087da6f0baddff7/lib/DA/Types/module.js
  Line 1:1:    'use strict' is unnecessary inside of modules  strict
  Line 22:14:  Expected an error object to be thrown          no-throw-literal

src/daml.js/40f452260bef3f29dede136108fc08a88d5a5250310281067087da6f0baddff7/lib/DA/index.js
  Line 1:1:  'use strict' is unnecessary inside of modules  strict

src/daml.js/40f452260bef3f29dede136108fc08a88d5a5250310281067087da6f0baddff7/lib/index.js
  Line 1:1:  'use strict' is unnecessary inside of modules  strict

src/daml.js/bank-stablecoin-1.0.0/lib/Model/AtomicSwap/index.js
  Line 1:1:  'use strict' is unnecessary inside of modules  strict

src/daml.js/bank-stablecoin-1.0.0/lib/Model/AtomicSwap/module.js
  Line 1:1:     'use strict' is unnecessary inside of modules  strict
  Line 48:28:   Expected an error object to be thrown          no-throw-literal
  Line 124:28:  Expected an error object to be thrown          no-throw-literal
  Line 221:28:  Expected an error object to be thrown          no-throw-literal
  Line 303:28:  Expected an error object to be thrown          no-throw-literal

src/daml.js/bank-stablecoin-1.0.0/lib/Model/Compliance/index.js
  Line 1:1:  'use strict' is unnecessary inside of modules  strict

src/daml.js/bank-stablecoin-1.0.0/lib/Model/Compliance/module.js
  Line 1:1:     'use strict' is unnecessary inside of modules  strict
  Line 49:28:   Expected an error object to be thrown          no-throw-literal
  Line 111:28:  Expected an error object to be thrown          no-throw-literal
  Line 178:28:  Expected an error object to be thrown          no-throw-literal

src/daml.js/bank-stablecoin-1.0.0/lib/Model/Loan/index.js
  Line 1:1:  'use strict' is unnecessary inside of modules  strict

src/daml.js/bank-stablecoin-1.0.0/lib/Model/Loan/module.js
  Line 1:1:     'use strict' is unnecessary inside of modules  strict
  Line 48:28:   Expected an error object to be thrown          no-throw-literal
  Line 135:28:  Expected an error object to be thrown          no-throw-literal
  Line 244:28:  Expected an error object to be thrown          no-throw-literal

src/daml.js/bank-stablecoin-1.0.0/lib/Model/MultiSig/index.js
  Line 1:1:  'use strict' is unnecessary inside of modules  strict

src/daml.js/bank-stablecoin-1.0.0/lib/Model/MultiSig/module.js
  Line 1:1:     'use strict' is unnecessary inside of modules  strict
  Line 49:28:   Expected an error object to be thrown          no-throw-literal
  Line 133:28:  Expected an error object to be thrown          no-throw-literal
  Line 228:28:  Expected an error object to be thrown          no-throw-literal

src/daml.js/bank-stablecoin-1.0.0/lib/Model/RealBankAccount/index.js
  Line 1:1:  'use strict' is unnecessary inside of modules  strict

src/daml.js/bank-stablecoin-1.0.0/lib/Model/RealBankAccount/module.js
  Line 1:1:     'use strict' is unnecessary inside of modules  strict
  Line 52:28:   Expected an error object to be thrown          no-throw-literal
  Line 115:28:  Expected an error object to be thrown          no-throw-literal
  Line 188:28:  Expected an error object to be thrown          no-throw-literal
  Line 256:28:  Expected an error object to be thrown          no-throw-literal
  Line 375:28:  Expected an error object to be thrown          no-throw-literal
  Line 462:28:  Expected an error object to be thrown          no-throw-literal

src/daml.js/bank-stablecoin-1.0.0/lib/Model/Stablecoin/index.js
  Line 1:1:  'use strict' is unnecessary inside of modules  strict

src/daml.js/bank-stablecoin-1.0.0/lib/Model/Stablecoin/module.js
  Line 1:1:     'use strict' is unnecessary inside of modules  strict
  Line 23:28:   Expected an error object to be thrown          no-throw-literal
  Line 89:28:   Expected an error object to be thrown          no-throw-literal
  Line 178:28:  Expected an error object to be thrown          no-throw-literal
  Line 235:28:  Expected an error object to be thrown          no-throw-literal
  Line 304:28:  Expected an error object to be thrown          no-throw-literal
  Line 405:28:  Expected an error object to be thrown          no-throw-literal

src/daml.js/d14e08374fc7197d6a0de468c968ae8ba3aadbf9315476fd39071831f5923662/lib/DA/Internal/Template/index.js
  Line 1:1:  'use strict' is unnecessary inside of modules  strict

src/daml.js/d14e08374fc7197d6a0de468c968ae8ba3aadbf9315476fd39071831f5923662/lib/DA/Internal/Template/module.js
  Line 1:1:  'use strict' is unnecessary inside of modules  strict

src/daml.js/d14e08374fc7197d6a0de468c968ae8ba3aadbf9315476fd39071831f5923662/lib/DA/Internal/index.js
  Line 1:1:  'use strict' is unnecessary inside of modules  strict

src/daml.js/d14e08374fc7197d6a0de468c968ae8ba3aadbf9315476fd39071831f5923662/lib/DA/index.js
  Line 1:1:  'use strict' is unnecessary inside of modules  strict

src/daml.js/d14e08374fc7197d6a0de468c968ae8ba3aadbf9315476fd39071831f5923662/lib/index.js
  Line 1:1:  'use strict' is unnecessary inside of modules  strict

Search for the keywords to learn more about each warning.
To ignore, add // eslint-disable-next-line to the line before.

WARNING in ./node_modules/@daml/ledger/index.js
Module Warning (from ./node_modules/source-map-loader/dist/cjs.js):
Failed to parse source map from '/Users/zeshanwain/language-support/ts/daml-ledger/index.ts' file: Error: ENOENT: no such file or directory, open '/Users/zeshanwain/language-support/ts/daml-ledger/index.ts'

WARNING in ./node_modules/@daml/react/createLedgerContext.js
Module Warning (from ./node_modules/source-map-loader/dist/cjs.js):
Failed to parse source map from '/Users/zeshanwain/language-support/ts/daml-react/createLedgerContext.ts' file: Error: ENOENT: no such file or directory, open '/Users/zeshanwain/language-support/ts/daml-react/createLedgerContext.ts'

WARNING in ./node_modules/@daml/react/defaultLedgerContext.js
Module Warning (from ./node_modules/source-map-loader/dist/cjs.js):
Failed to parse source map from '/Users/zeshanwain/language-support/ts/daml-react/defaultLedgerContext.ts' file: Error: ENOENT: no such file or directory, open '/Users/zeshanwain/language-support/ts/daml-react/defaultLedgerContext.ts'

WARNING in ./node_modules/@daml/react/index.js
Module Warning (from ./node_modules/source-map-loader/dist/cjs.js):
Failed to parse source map from '/Users/zeshanwain/language-support/ts/daml-react/index.ts' file: Error: ENOENT: no such file or directory, open '/Users/zeshanwain/language-support/ts/daml-react/index.ts'

WARNING in ./node_modules/@daml/types/index.js
Module Warning (from ./node_modules/source-map-loader/dist/cjs.js):
Failed to parse source map from '/Users/zeshanwain/language-support/ts/daml-types/index.ts' file: Error: ENOENT: no such file or directory, open '/Users/zeshanwain/language-support/ts/daml-types/index.ts'

WARNING in ./node_modules/@metamask/safe-event-emitter/dist/cjs/index.js
Module Warning (from ./node_modules/source-map-loader/dist/cjs.js):
Failed to parse source map from '/Users/zeshanwain/repos/bank-stablecoin/ui/node_modules/@metamask/safe-event-emitter/index.ts' file: Error: ENOENT: no such file or directory, open '/Users/zeshanwain/repos/bank-stablecoin/ui/node_modules/@metamask/safe-event-emitter/index.ts'

WARNING in ./node_modules/@safe-global/safe-gateway-typescript-sdk/dist/config.js
Module Warning (from ./node_modules/source-map-loader/dist/cjs.js):
Failed to parse source map from '/Users/zeshanwain/repos/bank-stablecoin/ui/node_modules/@safe-global/safe-gateway-typescript-sdk/src/config.ts' file: Error: ENOENT: no such file or directory, open '/Users/zeshanwain/repos/bank-stablecoin/ui/node_modules/@safe-global/safe-gateway-typescript-sdk/src/config.ts'

WARNING in ./node_modules/@safe-global/safe-gateway-typescript-sdk/dist/endpoint.js
Module Warning (from ./node_modules/source-map-loader/dist/cjs.js):
Failed to parse source map from '/Users/zeshanwain/repos/bank-stablecoin/ui/node_modules/@safe-global/safe-gateway-typescript-sdk/src/endpoint.ts' file: Error: ENOENT: no such file or directory, open '/Users/zeshanwain/repos/bank-stablecoin/ui/node_modules/@safe-global/safe-gateway-typescript-sdk/src/endpoint.ts'

WARNING in ./node_modules/@safe-global/safe-gateway-typescript-sdk/dist/index.js
Module Warning (from ./node_modules/source-map-loader/dist/cjs.js):
Failed to parse source map from '/Users/zeshanwain/repos/bank-stablecoin/ui/node_modules/@safe-global/safe-gateway-typescript-sdk/src/index.ts' file: Error: ENOENT: no such file or directory, open '/Users/zeshanwain/repos/bank-stablecoin/ui/node_modules/@safe-global/safe-gateway-typescript-sdk/src/index.ts'

WARNING in ./node_modules/@safe-global/safe-gateway-typescript-sdk/dist/types/chains.js
Module Warning (from ./node_modules/source-map-loader/dist/cjs.js):
Failed to parse source map from '/Users/zeshanwain/repos/bank-stablecoin/ui/node_modules/@safe-global/safe-gateway-typescript-sdk/src/types/chains.ts' file: Error: ENOENT: no such file or directory, open '/Users/zeshanwain/repos/bank-stablecoin/ui/node_modules/@safe-global/safe-gateway-typescript-sdk/src/types/chains.ts'

WARNING in ./node_modules/@safe-global/safe-gateway-typescript-sdk/dist/types/common.js
Module Warning (from ./node_modules/source-map-loader/dist/cjs.js):
Failed to parse source map from '/Users/zeshanwain/repos/bank-stablecoin/ui/node_modules/@safe-global/safe-gateway-typescript-sdk/src/types/common.ts' file: Error: ENOENT: no such file or directory, open '/Users/zeshanwain/repos/bank-stablecoin/ui/node_modules/@safe-global/safe-gateway-typescript-sdk/src/types/common.ts'

WARNING in ./node_modules/@safe-global/safe-gateway-typescript-sdk/dist/types/decoded-data.js
Module Warning (from ./node_modules/source-map-loader/dist/cjs.js):
Failed to parse source map from '/Users/zeshanwain/repos/bank-stablecoin/ui/node_modules/@safe-global/safe-gateway-typescript-sdk/src/types/decoded-data.ts' file: Error: ENOENT: no such file or directory, open '/Users/zeshanwain/repos/bank-stablecoin/ui/node_modules/@safe-global/safe-gateway-typescript-sdk/src/types/decoded-data.ts'

WARNING in ./node_modules/@safe-global/safe-gateway-typescript-sdk/dist/types/master-copies.js
Module Warning (from ./node_modules/source-map-loader/dist/cjs.js):
Failed to parse source map from '/Users/zeshanwain/repos/bank-stablecoin/ui/node_modules/@safe-global/safe-gateway-typescript-sdk/src/types/master-copies.ts' file: Error: ENOENT: no such file or directory, open '/Users/zeshanwain/repos/bank-stablecoin/ui/node_modules/@safe-global/safe-gateway-typescript-sdk/src/types/master-copies.ts'

WARNING in ./node_modules/@safe-global/safe-gateway-typescript-sdk/dist/types/notifications.js
Module Warning (from ./node_modules/source-map-loader/dist/cjs.js):
Failed to parse source map from '/Users/zeshanwain/repos/bank-stablecoin/ui/node_modules/@safe-global/safe-gateway-typescript-sdk/src/types/notifications.ts' file: Error: ENOENT: no such file or directory, open '/Users/zeshanwain/repos/bank-stablecoin/ui/node_modules/@safe-global/safe-gateway-typescript-sdk/src/types/notifications.ts'

WARNING in ./node_modules/@safe-global/safe-gateway-typescript-sdk/dist/types/relay.js
Module Warning (from ./node_modules/source-map-loader/dist/cjs.js):
Failed to parse source map from '/Users/zeshanwain/repos/bank-stablecoin/ui/node_modules/@safe-global/safe-gateway-typescript-sdk/src/types/relay.ts' file: Error: ENOENT: no such file or directory, open '/Users/zeshanwain/repos/bank-stablecoin/ui/node_modules/@safe-global/safe-gateway-typescript-sdk/src/types/relay.ts'

WARNING in ./node_modules/@safe-global/safe-gateway-typescript-sdk/dist/types/safe-apps.js
Module Warning (from ./node_modules/source-map-loader/dist/cjs.js):
Failed to parse source map from '/Users/zeshanwain/repos/bank-stablecoin/ui/node_modules/@safe-global/safe-gateway-typescript-sdk/src/types/safe-apps.ts' file: Error: ENOENT: no such file or directory, open '/Users/zeshanwain/repos/bank-stablecoin/ui/node_modules/@safe-global/safe-gateway-typescript-sdk/src/types/safe-apps.ts'

WARNING in ./node_modules/@safe-global/safe-gateway-typescript-sdk/dist/types/safe-info.js
Module Warning (from ./node_modules/source-map-loader/dist/cjs.js):
Failed to parse source map from '/Users/zeshanwain/repos/bank-stablecoin/ui/node_modules/@safe-global/safe-gateway-typescript-sdk/src/types/safe-info.ts' file: Error: ENOENT: no such file or directory, open '/Users/zeshanwain/repos/bank-stablecoin/ui/node_modules/@safe-global/safe-gateway-typescript-sdk/src/types/safe-info.ts'

WARNING in ./node_modules/@safe-global/safe-gateway-typescript-sdk/dist/types/safe-messages.js
Module Warning (from ./node_modules/source-map-loader/dist/cjs.js):
Failed to parse source map from '/Users/zeshanwain/repos/bank-stablecoin/ui/node_modules/@safe-global/safe-gateway-typescript-sdk/src/types/safe-messages.ts' file: Error: ENOENT: no such file or directory, open '/Users/zeshanwain/repos/bank-stablecoin/ui/node_modules/@safe-global/safe-gateway-typescript-sdk/src/types/safe-messages.ts'

WARNING in ./node_modules/@safe-global/safe-gateway-typescript-sdk/dist/types/transactions.js
Module Warning (from ./node_modules/source-map-loader/dist/cjs.js):
Failed to parse source map from '/Users/zeshanwain/repos/bank-stablecoin/ui/node_modules/@safe-global/safe-gateway-typescript-sdk/src/types/transactions.ts' file: Error: ENOENT: no such file or directory, open '/Users/zeshanwain/repos/bank-stablecoin/ui/node_modules/@safe-global/safe-gateway-typescript-sdk/src/types/transactions.ts'

WARNING in ./node_modules/@safe-global/safe-gateway-typescript-sdk/dist/utils.js
Module Warning (from ./node_modules/source-map-loader/dist/cjs.js):
Failed to parse source map from '/Users/zeshanwain/repos/bank-stablecoin/ui/node_modules/@safe-global/safe-gateway-typescript-sdk/src/utils.ts' file: Error: ENOENT: no such file or directory, open '/Users/zeshanwain/repos/bank-stablecoin/ui/node_modules/@safe-global/safe-gateway-typescript-sdk/src/utils.ts'

WARNING in ./node_modules/@walletconnect/environment/dist/cjs/crypto.js
Module Warning (from ./node_modules/source-map-loader/dist/cjs.js):
Failed to parse source map from '/Users/zeshanwain/repos/bank-stablecoin/ui/node_modules/@walletconnect/environment/src/crypto.ts' file: Error: ENOENT: no such file or directory, open '/Users/zeshanwain/repos/bank-stablecoin/ui/node_modules/@walletconnect/environment/src/crypto.ts'

WARNING in ./node_modules/@walletconnect/environment/dist/cjs/env.js
Module Warning (from ./node_modules/source-map-loader/dist/cjs.js):
Failed to parse source map from '/Users/zeshanwain/repos/bank-stablecoin/ui/node_modules/@walletconnect/environment/src/env.ts' file: Error: ENOENT: no such file or directory, open '/Users/zeshanwain/repos/bank-stablecoin/ui/node_modules/@walletconnect/environment/src/env.ts'

WARNING in ./node_modules/@walletconnect/environment/dist/cjs/index.js
Module Warning (from ./node_modules/source-map-loader/dist/cjs.js):
Failed to parse source map from '/Users/zeshanwain/repos/bank-stablecoin/ui/node_modules/@walletconnect/environment/src/index.ts' file: Error: ENOENT: no such file or directory, open '/Users/zeshanwain/repos/bank-stablecoin/ui/node_modules/@walletconnect/environment/src/index.ts'

WARNING in ./node_modules/@walletconnect/events/dist/esm/events.js
Module Warning (from ./node_modules/source-map-loader/dist/cjs.js):
Failed to parse source map from '/Users/zeshanwain/repos/bank-stablecoin/ui/node_modules/@walletconnect/events/src/events.ts' file: Error: ENOENT: no such file or directory, open '/Users/zeshanwain/repos/bank-stablecoin/ui/node_modules/@walletconnect/events/src/events.ts'

WARNING in ./node_modules/@walletconnect/events/dist/esm/index.js
Module Warning (from ./node_modules/source-map-loader/dist/cjs.js):
Failed to parse source map from '/Users/zeshanwain/repos/bank-stablecoin/ui/node_modules/@walletconnect/events/src/index.ts' file: Error: ENOENT: no such file or directory, open '/Users/zeshanwain/repos/bank-stablecoin/ui/node_modules/@walletconnect/events/src/index.ts'

WARNING in ./node_modules/@walletconnect/jsonrpc-utils/dist/esm/constants.js
Module Warning (from ./node_modules/source-map-loader/dist/cjs.js):
Failed to parse source map from '/Users/zeshanwain/repos/bank-stablecoin/ui/node_modules/@walletconnect/jsonrpc-utils/src/constants.ts' file: Error: ENOENT: no such file or directory, open '/Users/zeshanwain/repos/bank-stablecoin/ui/node_modules/@walletconnect/jsonrpc-utils/src/constants.ts'

WARNING in ./node_modules/@walletconnect/jsonrpc-utils/dist/esm/env.js
Module Warning (from ./node_modules/source-map-loader/dist/cjs.js):
Failed to parse source map from '/Users/zeshanwain/repos/bank-stablecoin/ui/node_modules/@walletconnect/jsonrpc-utils/src/env.ts' file: Error: ENOENT: no such file or directory, open '/Users/zeshanwain/repos/bank-stablecoin/ui/node_modules/@walletconnect/jsonrpc-utils/src/env.ts'

WARNING in ./node_modules/@walletconnect/jsonrpc-utils/dist/esm/error.js
Module Warning (from ./node_modules/source-map-loader/dist/cjs.js):
Failed to parse source map from '/Users/zeshanwain/repos/bank-stablecoin/ui/node_modules/@walletconnect/jsonrpc-utils/src/error.ts' file: Error: ENOENT: no such file or directory, open '/Users/zeshanwain/repos/bank-stablecoin/ui/node_modules/@walletconnect/jsonrpc-utils/src/error.ts'

WARNING in ./node_modules/@walletconnect/jsonrpc-utils/dist/esm/format.js
Module Warning (from ./node_modules/source-map-loader/dist/cjs.js):
Failed to parse source map from '/Users/zeshanwain/repos/bank-stablecoin/ui/node_modules/@walletconnect/jsonrpc-utils/src/format.ts' file: Error: ENOENT: no such file or directory, open '/Users/zeshanwain/repos/bank-stablecoin/ui/node_modules/@walletconnect/jsonrpc-utils/src/format.ts'

WARNING in ./node_modules/@walletconnect/jsonrpc-utils/dist/esm/index.js
Module Warning (from ./node_modules/source-map-loader/dist/cjs.js):
Failed to parse source map from '/Users/zeshanwain/repos/bank-stablecoin/ui/node_modules/@walletconnect/jsonrpc-utils/src/index.ts' file: Error: ENOENT: no such file or directory, open '/Users/zeshanwain/repos/bank-stablecoin/ui/node_modules/@walletconnect/jsonrpc-utils/src/index.ts'

WARNING in ./node_modules/@walletconnect/jsonrpc-utils/dist/esm/routing.js
Module Warning (from ./node_modules/source-map-loader/dist/cjs.js):
Failed to parse source map from '/Users/zeshanwain/repos/bank-stablecoin/ui/node_modules/@walletconnect/jsonrpc-utils/src/routing.ts' file: Error: ENOENT: no such file or directory, open '/Users/zeshanwain/repos/bank-stablecoin/ui/node_modules/@walletconnect/jsonrpc-utils/src/routing.ts'

WARNING in ./node_modules/@walletconnect/jsonrpc-utils/dist/esm/types.js
Module Warning (from ./node_modules/source-map-loader/dist/cjs.js):
Failed to parse source map from '/Users/zeshanwain/repos/bank-stablecoin/ui/node_modules/@walletconnect/jsonrpc-utils/src/types.ts' file: Error: ENOENT: no such file or directory, open '/Users/zeshanwain/repos/bank-stablecoin/ui/node_modules/@walletconnect/jsonrpc-utils/src/types.ts'

WARNING in ./node_modules/@walletconnect/jsonrpc-utils/dist/esm/url.js
Module Warning (from ./node_modules/source-map-loader/dist/cjs.js):
Failed to parse source map from '/Users/zeshanwain/repos/bank-stablecoin/ui/node_modules/@walletconnect/jsonrpc-utils/src/url.ts' file: Error: ENOENT: no such file or directory, open '/Users/zeshanwain/repos/bank-stablecoin/ui/node_modules/@walletconnect/jsonrpc-utils/src/url.ts'

WARNING in ./node_modules/@walletconnect/jsonrpc-utils/dist/esm/validators.js
Module Warning (from ./node_modules/source-map-loader/dist/cjs.js):
Failed to parse source map from '/Users/zeshanwain/repos/bank-stablecoin/ui/node_modules/@walletconnect/jsonrpc-utils/src/validators.ts' file: Error: ENOENT: no such file or directory, open '/Users/zeshanwain/repos/bank-stablecoin/ui/node_modules/@walletconnect/jsonrpc-utils/src/validators.ts'

WARNING in ./node_modules/@walletconnect/relay-auth/dist/esm/api.js
Module Warning (from ./node_modules/source-map-loader/dist/cjs.js):
Failed to parse source map from '/Users/zeshanwain/repos/bank-stablecoin/ui/node_modules/@walletconnect/relay-auth/src/api.ts' file: Error: ENOENT: no such file or directory, open '/Users/zeshanwain/repos/bank-stablecoin/ui/node_modules/@walletconnect/relay-auth/src/api.ts'

WARNING in ./node_modules/@walletconnect/relay-auth/dist/esm/constants.js
Module Warning (from ./node_modules/source-map-loader/dist/cjs.js):
Failed to parse source map from '/Users/zeshanwain/repos/bank-stablecoin/ui/node_modules/@walletconnect/relay-auth/src/constants.ts' file: Error: ENOENT: no such file or directory, open '/Users/zeshanwain/repos/bank-stablecoin/ui/node_modules/@walletconnect/relay-auth/src/constants.ts'

WARNING in ./node_modules/@walletconnect/relay-auth/dist/esm/index.js
Module Warning (from ./node_modules/source-map-loader/dist/cjs.js):
Failed to parse source map from '/Users/zeshanwain/repos/bank-stablecoin/ui/node_modules/@walletconnect/relay-auth/src/index.ts' file: Error: ENOENT: no such file or directory, open '/Users/zeshanwain/repos/bank-stablecoin/ui/node_modules/@walletconnect/relay-auth/src/index.ts'

WARNING in ./node_modules/@walletconnect/relay-auth/dist/esm/types.js
Module Warning (from ./node_modules/source-map-loader/dist/cjs.js):
Failed to parse source map from '/Users/zeshanwain/repos/bank-stablecoin/ui/node_modules/@walletconnect/relay-auth/src/types.ts' file: Error: ENOENT: no such file or directory, open '/Users/zeshanwain/repos/bank-stablecoin/ui/node_modules/@walletconnect/relay-auth/src/types.ts'

WARNING in ./node_modules/@walletconnect/relay-auth/dist/esm/utils.js
Module Warning (from ./node_modules/source-map-loader/dist/cjs.js):
Failed to parse source map from '/Users/zeshanwain/repos/bank-stablecoin/ui/node_modules/@walletconnect/relay-auth/src/utils.ts' file: Error: ENOENT: no such file or directory, open '/Users/zeshanwain/repos/bank-stablecoin/ui/node_modules/@walletconnect/relay-auth/src/utils.ts'

WARNING in ./node_modules/@walletconnect/safe-json/dist/esm/index.js
Module Warning (from ./node_modules/source-map-loader/dist/cjs.js):
Failed to parse source map from '/Users/zeshanwain/repos/bank-stablecoin/ui/node_modules/@walletconnect/safe-json/src/index.ts' file: Error: ENOENT: no such file or directory, open '/Users/zeshanwain/repos/bank-stablecoin/ui/node_modules/@walletconnect/safe-json/src/index.ts'

WARNING in ./node_modules/@walletconnect/time/dist/cjs/constants/index.js
Module Warning (from ./node_modules/source-map-loader/dist/cjs.js):
Failed to parse source map from '/Users/zeshanwain/repos/bank-stablecoin/ui/node_modules/@walletconnect/time/src/constants/index.ts' file: Error: ENOENT: no such file or directory, open '/Users/zeshanwain/repos/bank-stablecoin/ui/node_modules/@walletconnect/time/src/constants/index.ts'

WARNING in ./node_modules/@walletconnect/time/dist/cjs/constants/misc.js
Module Warning (from ./node_modules/source-map-loader/dist/cjs.js):
Failed to parse source map from '/Users/zeshanwain/repos/bank-stablecoin/ui/node_modules/@walletconnect/time/src/constants/misc.ts' file: Error: ENOENT: no such file or directory, open '/Users/zeshanwain/repos/bank-stablecoin/ui/node_modules/@walletconnect/time/src/constants/misc.ts'

WARNING in ./node_modules/@walletconnect/time/dist/cjs/constants/time.js
Module Warning (from ./node_modules/source-map-loader/dist/cjs.js):
Failed to parse source map from '/Users/zeshanwain/repos/bank-stablecoin/ui/node_modules/@walletconnect/time/src/constants/time.ts' file: Error: ENOENT: no such file or directory, open '/Users/zeshanwain/repos/bank-stablecoin/ui/node_modules/@walletconnect/time/src/constants/time.ts'

WARNING in ./node_modules/@walletconnect/time/dist/cjs/index.js
Module Warning (from ./node_modules/source-map-loader/dist/cjs.js):
Failed to parse source map from '/Users/zeshanwain/repos/bank-stablecoin/ui/node_modules/@walletconnect/time/src/index.ts' file: Error: ENOENT: no such file or directory, open '/Users/zeshanwain/repos/bank-stablecoin/ui/node_modules/@walletconnect/time/src/index.ts'

WARNING in ./node_modules/@walletconnect/time/dist/cjs/types/index.js
Module Warning (from ./node_modules/source-map-loader/dist/cjs.js):
Failed to parse source map from '/Users/zeshanwain/repos/bank-stablecoin/ui/node_modules/@walletconnect/time/src/types/index.ts' file: Error: ENOENT: no such file or directory, open '/Users/zeshanwain/repos/bank-stablecoin/ui/node_modules/@walletconnect/time/src/types/index.ts'

WARNING in ./node_modules/@walletconnect/time/dist/cjs/types/watch.js
Module Warning (from ./node_modules/source-map-loader/dist/cjs.js):
Failed to parse source map from '/Users/zeshanwain/repos/bank-stablecoin/ui/node_modules/@walletconnect/time/src/types/watch.ts' file: Error: ENOENT: no such file or directory, open '/Users/zeshanwain/repos/bank-stablecoin/ui/node_modules/@walletconnect/time/src/types/watch.ts'

WARNING in ./node_modules/@walletconnect/time/dist/cjs/utils/convert.js
Module Warning (from ./node_modules/source-map-loader/dist/cjs.js):
Failed to parse source map from '/Users/zeshanwain/repos/bank-stablecoin/ui/node_modules/@walletconnect/time/src/utils/convert.ts' file: Error: ENOENT: no such file or directory, open '/Users/zeshanwain/repos/bank-stablecoin/ui/node_modules/@walletconnect/time/src/utils/convert.ts'

WARNING in ./node_modules/@walletconnect/time/dist/cjs/utils/delay.js
Module Warning (from ./node_modules/source-map-loader/dist/cjs.js):
Failed to parse source map from '/Users/zeshanwain/repos/bank-stablecoin/ui/node_modules/@walletconnect/time/src/utils/delay.ts' file: Error: ENOENT: no such file or directory, open '/Users/zeshanwain/repos/bank-stablecoin/ui/node_modules/@walletconnect/time/src/utils/delay.ts'

WARNING in ./node_modules/@walletconnect/time/dist/cjs/utils/index.js
Module Warning (from ./node_modules/source-map-loader/dist/cjs.js):
Failed to parse source map from '/Users/zeshanwain/repos/bank-stablecoin/ui/node_modules/@walletconnect/time/src/utils/index.ts' file: Error: ENOENT: no such file or directory, open '/Users/zeshanwain/repos/bank-stablecoin/ui/node_modules/@walletconnect/time/src/utils/index.ts'

WARNING in ./node_modules/@walletconnect/time/dist/cjs/watch.js
Module Warning (from ./node_modules/source-map-loader/dist/cjs.js):
Failed to parse source map from '/Users/zeshanwain/repos/bank-stablecoin/ui/node_modules/@walletconnect/time/src/watch.ts' file: Error: ENOENT: no such file or directory, open '/Users/zeshanwain/repos/bank-stablecoin/ui/node_modules/@walletconnect/time/src/watch.ts'

WARNING in ./node_modules/@walletconnect/window-getters/dist/cjs/index.js
Module Warning (from ./node_modules/source-map-loader/dist/cjs.js):
Failed to parse source map from '/Users/zeshanwain/repos/bank-stablecoin/ui/node_modules/@walletconnect/window-getters/src/index.ts' file: Error: ENOENT: no such file or directory, open '/Users/zeshanwain/repos/bank-stablecoin/ui/node_modules/@walletconnect/window-getters/src/index.ts'

WARNING in ./node_modules/@walletconnect/window-metadata/dist/cjs/index.js
Module Warning (from ./node_modules/source-map-loader/dist/cjs.js):
Failed to parse source map from '/Users/zeshanwain/repos/bank-stablecoin/ui/node_modules/@walletconnect/window-metadata/src/index.ts' file: Error: ENOENT: no such file or directory, open '/Users/zeshanwain/repos/bank-stablecoin/ui/node_modules/@walletconnect/window-metadata/src/index.ts'

WARNING in ./node_modules/eth-rpc-errors/dist/classes.js
Module Warning (from ./node_modules/source-map-loader/dist/cjs.js):
Failed to parse source map from '/Users/zeshanwain/repos/bank-stablecoin/ui/node_modules/eth-rpc-errors/src/classes.ts' file: Error: ENOENT: no such file or directory, open '/Users/zeshanwain/repos/bank-stablecoin/ui/node_modules/eth-rpc-errors/src/classes.ts'

WARNING in ./node_modules/eth-rpc-errors/dist/error-constants.js
Module Warning (from ./node_modules/source-map-loader/dist/cjs.js):
Failed to parse source map from '/Users/zeshanwain/repos/bank-stablecoin/ui/node_modules/eth-rpc-errors/src/error-constants.ts' file: Error: ENOENT: no such file or directory, open '/Users/zeshanwain/repos/bank-stablecoin/ui/node_modules/eth-rpc-errors/src/error-constants.ts'

WARNING in ./node_modules/eth-rpc-errors/dist/errors.js
Module Warning (from ./node_modules/source-map-loader/dist/cjs.js):
Failed to parse source map from '/Users/zeshanwain/repos/bank-stablecoin/ui/node_modules/eth-rpc-errors/src/errors.ts' file: Error: ENOENT: no such file or directory, open '/Users/zeshanwain/repos/bank-stablecoin/ui/node_modules/eth-rpc-errors/src/errors.ts'

WARNING in ./node_modules/eth-rpc-errors/dist/index.js
Module Warning (from ./node_modules/source-map-loader/dist/cjs.js):
Failed to parse source map from '/Users/zeshanwain/repos/bank-stablecoin/ui/node_modules/eth-rpc-errors/src/index.ts' file: Error: ENOENT: no such file or directory, open '/Users/zeshanwain/repos/bank-stablecoin/ui/node_modules/eth-rpc-errors/src/index.ts'

WARNING in ./node_modules/eth-rpc-errors/dist/utils.js
Module Warning (from ./node_modules/source-map-loader/dist/cjs.js):
Failed to parse source map from '/Users/zeshanwain/repos/bank-stablecoin/ui/node_modules/eth-rpc-errors/src/utils.ts' file: Error: ENOENT: no such file or directory, open '/Users/zeshanwain/repos/bank-stablecoin/ui/node_modules/eth-rpc-errors/src/utils.ts'

WARNING in ./node_modules/json-rpc-engine/dist/JsonRpcEngine.js
Module Warning (from ./node_modules/source-map-loader/dist/cjs.js):
Failed to parse source map from '/Users/zeshanwain/repos/bank-stablecoin/ui/node_modules/json-rpc-engine/src/JsonRpcEngine.ts' file: Error: ENOENT: no such file or directory, open '/Users/zeshanwain/repos/bank-stablecoin/ui/node_modules/json-rpc-engine/src/JsonRpcEngine.ts'

WARNING in ./node_modules/json-rpc-engine/dist/createAsyncMiddleware.js
Module Warning (from ./node_modules/source-map-loader/dist/cjs.js):
Failed to parse source map from '/Users/zeshanwain/repos/bank-stablecoin/ui/node_modules/json-rpc-engine/src/createAsyncMiddleware.ts' file: Error: ENOENT: no such file or directory, open '/Users/zeshanwain/repos/bank-stablecoin/ui/node_modules/json-rpc-engine/src/createAsyncMiddleware.ts'

WARNING in ./node_modules/json-rpc-engine/dist/createScaffoldMiddleware.js
Module Warning (from ./node_modules/source-map-loader/dist/cjs.js):
Failed to parse source map from '/Users/zeshanwain/repos/bank-stablecoin/ui/node_modules/json-rpc-engine/src/createScaffoldMiddleware.ts' file: Error: ENOENT: no such file or directory, open '/Users/zeshanwain/repos/bank-stablecoin/ui/node_modules/json-rpc-engine/src/createScaffoldMiddleware.ts'

WARNING in ./node_modules/json-rpc-engine/dist/getUniqueId.js
Module Warning (from ./node_modules/source-map-loader/dist/cjs.js):
Failed to parse source map from '/Users/zeshanwain/repos/bank-stablecoin/ui/node_modules/json-rpc-engine/src/getUniqueId.ts' file: Error: ENOENT: no such file or directory, open '/Users/zeshanwain/repos/bank-stablecoin/ui/node_modules/json-rpc-engine/src/getUniqueId.ts'

WARNING in ./node_modules/json-rpc-engine/dist/idRemapMiddleware.js
Module Warning (from ./node_modules/source-map-loader/dist/cjs.js):
Failed to parse source map from '/Users/zeshanwain/repos/bank-stablecoin/ui/node_modules/json-rpc-engine/src/idRemapMiddleware.ts' file: Error: ENOENT: no such file or directory, open '/Users/zeshanwain/repos/bank-stablecoin/ui/node_modules/json-rpc-engine/src/idRemapMiddleware.ts'

WARNING in ./node_modules/json-rpc-engine/dist/index.js
Module Warning (from ./node_modules/source-map-loader/dist/cjs.js):
Failed to parse source map from '/Users/zeshanwain/repos/bank-stablecoin/ui/node_modules/json-rpc-engine/src/index.ts' file: Error: ENOENT: no such file or directory, open '/Users/zeshanwain/repos/bank-stablecoin/ui/node_modules/json-rpc-engine/src/index.ts'

WARNING in ./node_modules/json-rpc-engine/dist/mergeMiddleware.js
Module Warning (from ./node_modules/source-map-loader/dist/cjs.js):
Failed to parse source map from '/Users/zeshanwain/repos/bank-stablecoin/ui/node_modules/json-rpc-engine/src/mergeMiddleware.ts' file: Error: ENOENT: no such file or directory, open '/Users/zeshanwain/repos/bank-stablecoin/ui/node_modules/json-rpc-engine/src/mergeMiddleware.ts'

WARNING in ./node_modules/json-rpc-engine/node_modules/@metamask/safe-event-emitter/index.js
Module Warning (from ./node_modules/source-map-loader/dist/cjs.js):
Failed to parse source map from '/Users/zeshanwain/repos/bank-stablecoin/ui/node_modules/json-rpc-engine/node_modules/@metamask/safe-event-emitter/index.ts' file: Error: ENOENT: no such file or directory, open '/Users/zeshanwain/repos/bank-stablecoin/ui/node_modules/json-rpc-engine/node_modules/@metamask/safe-event-emitter/index.ts'

WARNING in ./node_modules/superstruct/dist/index.mjs
Module Warning (from ./node_modules/source-map-loader/dist/cjs.js):
Failed to parse source map from '/Users/zeshanwain/repos/bank-stablecoin/ui/node_modules/superstruct/src/error.ts' file: Error: ENOENT: no such file or directory, open '/Users/zeshanwain/repos/bank-stablecoin/ui/node_modules/superstruct/src/error.ts'

WARNING in ./node_modules/superstruct/dist/index.mjs
Module Warning (from ./node_modules/source-map-loader/dist/cjs.js):
Failed to parse source map from '/Users/zeshanwain/repos/bank-stablecoin/ui/node_modules/superstruct/src/struct.ts' file: Error: ENOENT: no such file or directory, open '/Users/zeshanwain/repos/bank-stablecoin/ui/node_modules/superstruct/src/struct.ts'

WARNING in ./node_modules/superstruct/dist/index.mjs
Module Warning (from ./node_modules/source-map-loader/dist/cjs.js):
Failed to parse source map from '/Users/zeshanwain/repos/bank-stablecoin/ui/node_modules/superstruct/src/structs/coercions.ts' file: Error: ENOENT: no such file or directory, open '/Users/zeshanwain/repos/bank-stablecoin/ui/node_modules/superstruct/src/structs/coercions.ts'

WARNING in ./node_modules/superstruct/dist/index.mjs
Module Warning (from ./node_modules/source-map-loader/dist/cjs.js):
Failed to parse source map from '/Users/zeshanwain/repos/bank-stablecoin/ui/node_modules/superstruct/src/structs/refinements.ts' file: Error: ENOENT: no such file or directory, open '/Users/zeshanwain/repos/bank-stablecoin/ui/node_modules/superstruct/src/structs/refinements.ts'

WARNING in ./node_modules/superstruct/dist/index.mjs
Module Warning (from ./node_modules/source-map-loader/dist/cjs.js):
Failed to parse source map from '/Users/zeshanwain/repos/bank-stablecoin/ui/node_modules/superstruct/src/structs/types.ts' file: Error: ENOENT: no such file or directory, open '/Users/zeshanwain/repos/bank-stablecoin/ui/node_modules/superstruct/src/structs/types.ts'

WARNING in ./node_modules/superstruct/dist/index.mjs
Module Warning (from ./node_modules/source-map-loader/dist/cjs.js):
Failed to parse source map from '/Users/zeshanwain/repos/bank-stablecoin/ui/node_modules/superstruct/src/structs/utilities.ts' file: Error: ENOENT: no such file or directory, open '/Users/zeshanwain/repos/bank-stablecoin/ui/node_modules/superstruct/src/structs/utilities.ts'

WARNING in ./node_modules/superstruct/dist/index.mjs
Module Warning (from ./node_modules/source-map-loader/dist/cjs.js):
Failed to parse source map from '/Users/zeshanwain/repos/bank-stablecoin/ui/node_modules/superstruct/src/utils.ts' file: Error: ENOENT: no such file or directory, open '/Users/zeshanwain/repos/bank-stablecoin/ui/node_modules/superstruct/src/utils.ts'

WARNING in [eslint] 
src/daml.js/40f452260bef3f29dede136108fc08a88d5a5250310281067087da6f0baddff7/lib/DA/Types/index.js
  Line 1:1:  'use strict' is unnecessary inside of modules  strict

src/daml.js/40f452260bef3f29dede136108fc08a88d5a5250310281067087da6f0baddff7/lib/DA/Types/module.js
  Line 1:1:    'use strict' is unnecessary inside of modules  strict
  Line 22:14:  Expected an error object to be thrown          no-throw-literal

src/daml.js/40f452260bef3f29dede136108fc08a88d5a5250310281067087da6f0baddff7/lib/DA/index.js
  Line 1:1:  'use strict' is unnecessary inside of modules  strict

src/daml.js/40f452260bef3f29dede136108fc08a88d5a5250310281067087da6f0baddff7/lib/index.js
  Line 1:1:  'use strict' is unnecessary inside of modules  strict

src/daml.js/bank-stablecoin-1.0.0/lib/Model/AtomicSwap/index.js
  Line 1:1:  'use strict' is unnecessary inside of modules  strict

src/daml.js/bank-stablecoin-1.0.0/lib/Model/AtomicSwap/module.js
  Line 1:1:     'use strict' is unnecessary inside of modules  strict
  Line 48:28:   Expected an error object to be thrown          no-throw-literal
  Line 124:28:  Expected an error object to be thrown          no-throw-literal
  Line 221:28:  Expected an error object to be thrown          no-throw-literal
  Line 303:28:  Expected an error object to be thrown          no-throw-literal

src/daml.js/bank-stablecoin-1.0.0/lib/Model/Compliance/index.js
  Line 1:1:  'use strict' is unnecessary inside of modules  strict

src/daml.js/bank-stablecoin-1.0.0/lib/Model/Compliance/module.js
  Line 1:1:     'use strict' is unnecessary inside of modules  strict
  Line 49:28:   Expected an error object to be thrown          no-throw-literal
  Line 111:28:  Expected an error object to be thrown          no-throw-literal
  Line 178:28:  Expected an error object to be thrown          no-throw-literal

src/daml.js/bank-stablecoin-1.0.0/lib/Model/Loan/index.js
  Line 1:1:  'use strict' is unnecessary inside of modules  strict

src/daml.js/bank-stablecoin-1.0.0/lib/Model/Loan/module.js
  Line 1:1:     'use strict' is unnecessary inside of modules  strict
  Line 48:28:   Expected an error object to be thrown          no-throw-literal
  Line 135:28:  Expected an error object to be thrown          no-throw-literal
  Line 244:28:  Expected an error object to be thrown          no-throw-literal

src/daml.js/bank-stablecoin-1.0.0/lib/Model/MultiSig/index.js
  Line 1:1:  'use strict' is unnecessary inside of modules  strict

src/daml.js/bank-stablecoin-1.0.0/lib/Model/MultiSig/module.js
  Line 1:1:     'use strict' is unnecessary inside of modules  strict
  Line 49:28:   Expected an error object to be thrown          no-throw-literal
  Line 133:28:  Expected an error object to be thrown          no-throw-literal
  Line 228:28:  Expected an error object to be thrown          no-throw-literal

src/daml.js/bank-stablecoin-1.0.0/lib/Model/RealBankAccount/index.js
  Line 1:1:  'use strict' is unnecessary inside of modules  strict

src/daml.js/bank-stablecoin-1.0.0/lib/Model/RealBankAccount/module.js
  Line 1:1:     'use strict' is unnecessary inside of modules  strict
  Line 52:28:   Expected an error object to be thrown          no-throw-literal
  Line 115:28:  Expected an error object to be thrown          no-throw-literal
  Line 188:28:  Expected an error object to be thrown          no-throw-literal
  Line 256:28:  Expected an error object to be thrown          no-throw-literal
  Line 375:28:  Expected an error object to be thrown          no-throw-literal
  Line 462:28:  Expected an error object to be thrown          no-throw-literal

src/daml.js/bank-stablecoin-1.0.0/lib/Model/Stablecoin/index.js
  Line 1:1:  'use strict' is unnecessary inside of modules  strict

src/daml.js/bank-stablecoin-1.0.0/lib/Model/Stablecoin/module.js
  Line 1:1:     'use strict' is unnecessary inside of modules  strict
  Line 23:28:   Expected an error object to be thrown          no-throw-literal
  Line 89:28:   Expected an error object to be thrown          no-throw-literal
  Line 178:28:  Expected an error object to be thrown          no-throw-literal
  Line 235:28:  Expected an error object to be thrown          no-throw-literal
  Line 304:28:  Expected an error object to be thrown          no-throw-literal
  Line 405:28:  Expected an error object to be thrown          no-throw-literal

src/daml.js/d14e08374fc7197d6a0de468c968ae8ba3aadbf9315476fd39071831f5923662/lib/DA/Internal/Template/index.js
  Line 1:1:  'use strict' is unnecessary inside of modules  strict

src/daml.js/d14e08374fc7197d6a0de468c968ae8ba3aadbf9315476fd39071831f5923662/lib/DA/Internal/Template/module.js
  Line 1:1:  'use strict' is unnecessary inside of modules  strict

src/daml.js/d14e08374fc7197d6a0de468c968ae8ba3aadbf9315476fd39071831f5923662/lib/DA/Internal/index.js
  Line 1:1:  'use strict' is unnecessary inside of modules  strict

src/daml.js/d14e08374fc7197d6a0de468c968ae8ba3aadbf9315476fd39071831f5923662/lib/DA/index.js
  Line 1:1:  'use strict' is unnecessary inside of modules  strict

src/daml.js/d14e08374fc7197d6a0de468c968ae8ba3aadbf9315476fd39071831f5923662/lib/index.js
  Line 1:1:  'use strict' is unnecessary inside of modules  strict

webpack compiled with 73 warnings
Files successfully emitted, waiting for typecheck results...
Issues checking in progress...
ERROR in src/contexts/WalletContext.tsx:14:29
TS2554: Expected 0 arguments, but got 1.
    12 |
    13 | // Create wagmi config
  > 14 | const config = createConfig({
       |                             ^
  > 15 |   chains: [sepolia, polygonMumbai, arbitrumSepolia, optimismSepolia],
       | ^^^^^^^^^^^^^^^^^^^^^^^^^^^^^^^^^^^^^^^^^^^^^^^^^^^^^^^^^^^^^^^^^^^^^
  > 16 |   connectors: [
       | ^^^^^^^^^^^^^^^^^^^^^^^^^^^^^^^^^^^^^^^^^^^^^^^^^^^^^^^^^^^^^^^^^^^^^
  > 17 |     injected(),
       | ^^^^^^^^^^^^^^^^^^^^^^^^^^^^^^^^^^^^^^^^^^^^^^^^^^^^^^^^^^^^^^^^^^^^^
  > 18 |     walletConnect({
       | ^^^^^^^^^^^^^^^^^^^^^^^^^^^^^^^^^^^^^^^^^^^^^^^^^^^^^^^^^^^^^^^^^^^^^
  > 19 |       projectId: '0a3fc14c4ea735512ac97ba826580151',
       | ^^^^^^^^^^^^^^^^^^^^^^^^^^^^^^^^^^^^^^^^^^^^^^^^^^^^^^^^^^^^^^^^^^^^^
  > 20 |     }),
       | ^^^^^^^^^^^^^^^^^^^^^^^^^^^^^^^^^^^^^^^^^^^^^^^^^^^^^^^^^^^^^^^^^^^^^
  > 21 |   ],
       | ^^^^^^^^^^^^^^^^^^^^^^^^^^^^^^^^^^^^^^^^^^^^^^^^^^^^^^^^^^^^^^^^^^^^^
  > 22 |   transports: {
       | ^^^^^^^^^^^^^^^^^^^^^^^^^^^^^^^^^^^^^^^^^^^^^^^^^^^^^^^^^^^^^^^^^^^^^
  > 23 |     [sepolia.id]: http(),
       | ^^^^^^^^^^^^^^^^^^^^^^^^^^^^^^^^^^^^^^^^^^^^^^^^^^^^^^^^^^^^^^^^^^^^^
  > 24 |     [polygonMumbai.id]: http(),
       | ^^^^^^^^^^^^^^^^^^^^^^^^^^^^^^^^^^^^^^^^^^^^^^^^^^^^^^^^^^^^^^^^^^^^^
  > 25 |     [arbitrumSepolia.id]: http(),
       | ^^^^^^^^^^^^^^^^^^^^^^^^^^^^^^^^^^^^^^^^^^^^^^^^^^^^^^^^^^^^^^^^^^^^^
  > 26 |     [optimismSepolia.id]: http(),
       | ^^^^^^^^^^^^^^^^^^^^^^^^^^^^^^^^^^^^^^^^^^^^^^^^^^^^^^^^^^^^^^^^^^^^^
  > 27 |   },
       | ^^^^^^^^^^^^^^^^^^^^^^^^^^^^^^^^^^^^^^^^^^^^^^^^^^^^^^^^^^^^^^^^^^^^^
  > 28 | }) as any;
       | ^^
    29 |
    30 | interface WalletContextType {
    31 |   address?: `0x${string}`;

Compiling...
Compiled with warnings.

Failed to parse source map from '/Users/zeshanwain/language-support/ts/daml-ledger/index.ts' file: Error: ENOENT: no such file or directory, open '/Users/zeshanwain/language-support/ts/daml-ledger/index.ts'

Failed to parse source map from '/Users/zeshanwain/language-support/ts/daml-react/createLedgerContext.ts' file: Error: ENOENT: no such file or directory, open '/Users/zeshanwain/language-support/ts/daml-react/createLedgerContext.ts'

Failed to parse source map from '/Users/zeshanwain/language-support/ts/daml-react/defaultLedgerContext.ts' file: Error: ENOENT: no such file or directory, open '/Users/zeshanwain/language-support/ts/daml-react/defaultLedgerContext.ts'

Failed to parse source map from '/Users/zeshanwain/language-support/ts/daml-react/index.ts' file: Error: ENOENT: no such file or directory, open '/Users/zeshanwain/language-support/ts/daml-react/index.ts'

Failed to parse source map from '/Users/zeshanwain/language-support/ts/daml-types/index.ts' file: Error: ENOENT: no such file or directory, open '/Users/zeshanwain/language-support/ts/daml-types/index.ts'

Failed to parse source map from '/Users/zeshanwain/repos/bank-stablecoin/ui/node_modules/@metamask/safe-event-emitter/index.ts' file: Error: ENOENT: no such file or directory, open '/Users/zeshanwain/repos/bank-stablecoin/ui/node_modules/@metamask/safe-event-emitter/index.ts'

Failed to parse source map from '/Users/zeshanwain/repos/bank-stablecoin/ui/node_modules/@safe-global/safe-gateway-typescript-sdk/src/config.ts' file: Error: ENOENT: no such file or directory, open '/Users/zeshanwain/repos/bank-stablecoin/ui/node_modules/@safe-global/safe-gateway-typescript-sdk/src/config.ts'

Failed to parse source map from '/Users/zeshanwain/repos/bank-stablecoin/ui/node_modules/@safe-global/safe-gateway-typescript-sdk/src/endpoint.ts' file: Error: ENOENT: no such file or directory, open '/Users/zeshanwain/repos/bank-stablecoin/ui/node_modules/@safe-global/safe-gateway-typescript-sdk/src/endpoint.ts'

Failed to parse source map from '/Users/zeshanwain/repos/bank-stablecoin/ui/node_modules/@safe-global/safe-gateway-typescript-sdk/src/index.ts' file: Error: ENOENT: no such file or directory, open '/Users/zeshanwain/repos/bank-stablecoin/ui/node_modules/@safe-global/safe-gateway-typescript-sdk/src/index.ts'

Failed to parse source map from '/Users/zeshanwain/repos/bank-stablecoin/ui/node_modules/@safe-global/safe-gateway-typescript-sdk/src/types/chains.ts' file: Error: ENOENT: no such file or directory, open '/Users/zeshanwain/repos/bank-stablecoin/ui/node_modules/@safe-global/safe-gateway-typescript-sdk/src/types/chains.ts'

Failed to parse source map from '/Users/zeshanwain/repos/bank-stablecoin/ui/node_modules/@safe-global/safe-gateway-typescript-sdk/src/types/common.ts' file: Error: ENOENT: no such file or directory, open '/Users/zeshanwain/repos/bank-stablecoin/ui/node_modules/@safe-global/safe-gateway-typescript-sdk/src/types/common.ts'

Failed to parse source map from '/Users/zeshanwain/repos/bank-stablecoin/ui/node_modules/@safe-global/safe-gateway-typescript-sdk/src/types/decoded-data.ts' file: Error: ENOENT: no such file or directory, open '/Users/zeshanwain/repos/bank-stablecoin/ui/node_modules/@safe-global/safe-gateway-typescript-sdk/src/types/decoded-data.ts'

Failed to parse source map from '/Users/zeshanwain/repos/bank-stablecoin/ui/node_modules/@safe-global/safe-gateway-typescript-sdk/src/types/master-copies.ts' file: Error: ENOENT: no such file or directory, open '/Users/zeshanwain/repos/bank-stablecoin/ui/node_modules/@safe-global/safe-gateway-typescript-sdk/src/types/master-copies.ts'

Failed to parse source map from '/Users/zeshanwain/repos/bank-stablecoin/ui/node_modules/@safe-global/safe-gateway-typescript-sdk/src/types/notifications.ts' file: Error: ENOENT: no such file or directory, open '/Users/zeshanwain/repos/bank-stablecoin/ui/node_modules/@safe-global/safe-gateway-typescript-sdk/src/types/notifications.ts'

Failed to parse source map from '/Users/zeshanwain/repos/bank-stablecoin/ui/node_modules/@safe-global/safe-gateway-typescript-sdk/src/types/relay.ts' file: Error: ENOENT: no such file or directory, open '/Users/zeshanwain/repos/bank-stablecoin/ui/node_modules/@safe-global/safe-gateway-typescript-sdk/src/types/relay.ts'

Failed to parse source map from '/Users/zeshanwain/repos/bank-stablecoin/ui/node_modules/@safe-global/safe-gateway-typescript-sdk/src/types/safe-apps.ts' file: Error: ENOENT: no such file or directory, open '/Users/zeshanwain/repos/bank-stablecoin/ui/node_modules/@safe-global/safe-gateway-typescript-sdk/src/types/safe-apps.ts'

Failed to parse source map from '/Users/zeshanwain/repos/bank-stablecoin/ui/node_modules/@safe-global/safe-gateway-typescript-sdk/src/types/safe-info.ts' file: Error: ENOENT: no such file or directory, open '/Users/zeshanwain/repos/bank-stablecoin/ui/node_modules/@safe-global/safe-gateway-typescript-sdk/src/types/safe-info.ts'

Failed to parse source map from '/Users/zeshanwain/repos/bank-stablecoin/ui/node_modules/@safe-global/safe-gateway-typescript-sdk/src/types/safe-messages.ts' file: Error: ENOENT: no such file or directory, open '/Users/zeshanwain/repos/bank-stablecoin/ui/node_modules/@safe-global/safe-gateway-typescript-sdk/src/types/safe-messages.ts'

Failed to parse source map from '/Users/zeshanwain/repos/bank-stablecoin/ui/node_modules/@safe-global/safe-gateway-typescript-sdk/src/types/transactions.ts' file: Error: ENOENT: no such file or directory, open '/Users/zeshanwain/repos/bank-stablecoin/ui/node_modules/@safe-global/safe-gateway-typescript-sdk/src/types/transactions.ts'

Failed to parse source map from '/Users/zeshanwain/repos/bank-stablecoin/ui/node_modules/@safe-global/safe-gateway-typescript-sdk/src/utils.ts' file: Error: ENOENT: no such file or directory, open '/Users/zeshanwain/repos/bank-stablecoin/ui/node_modules/@safe-global/safe-gateway-typescript-sdk/src/utils.ts'

Failed to parse source map from '/Users/zeshanwain/repos/bank-stablecoin/ui/node_modules/@walletconnect/environment/src/crypto.ts' file: Error: ENOENT: no such file or directory, open '/Users/zeshanwain/repos/bank-stablecoin/ui/node_modules/@walletconnect/environment/src/crypto.ts'

Failed to parse source map from '/Users/zeshanwain/repos/bank-stablecoin/ui/node_modules/@walletconnect/environment/src/env.ts' file: Error: ENOENT: no such file or directory, open '/Users/zeshanwain/repos/bank-stablecoin/ui/node_modules/@walletconnect/environment/src/env.ts'

Failed to parse source map from '/Users/zeshanwain/repos/bank-stablecoin/ui/node_modules/@walletconnect/environment/src/index.ts' file: Error: ENOENT: no such file or directory, open '/Users/zeshanwain/repos/bank-stablecoin/ui/node_modules/@walletconnect/environment/src/index.ts'

Failed to parse source map from '/Users/zeshanwain/repos/bank-stablecoin/ui/node_modules/@walletconnect/events/src/events.ts' file: Error: ENOENT: no such file or directory, open '/Users/zeshanwain/repos/bank-stablecoin/ui/node_modules/@walletconnect/events/src/events.ts'

Failed to parse source map from '/Users/zeshanwain/repos/bank-stablecoin/ui/node_modules/@walletconnect/events/src/index.ts' file: Error: ENOENT: no such file or directory, open '/Users/zeshanwain/repos/bank-stablecoin/ui/node_modules/@walletconnect/events/src/index.ts'

Failed to parse source map from '/Users/zeshanwain/repos/bank-stablecoin/ui/node_modules/@walletconnect/jsonrpc-utils/src/constants.ts' file: Error: ENOENT: no such file or directory, open '/Users/zeshanwain/repos/bank-stablecoin/ui/node_modules/@walletconnect/jsonrpc-utils/src/constants.ts'

Failed to parse source map from '/Users/zeshanwain/repos/bank-stablecoin/ui/node_modules/@walletconnect/jsonrpc-utils/src/env.ts' file: Error: ENOENT: no such file or directory, open '/Users/zeshanwain/repos/bank-stablecoin/ui/node_modules/@walletconnect/jsonrpc-utils/src/env.ts'

Failed to parse source map from '/Users/zeshanwain/repos/bank-stablecoin/ui/node_modules/@walletconnect/jsonrpc-utils/src/error.ts' file: Error: ENOENT: no such file or directory, open '/Users/zeshanwain/repos/bank-stablecoin/ui/node_modules/@walletconnect/jsonrpc-utils/src/error.ts'

Failed to parse source map from '/Users/zeshanwain/repos/bank-stablecoin/ui/node_modules/@walletconnect/jsonrpc-utils/src/format.ts' file: Error: ENOENT: no such file or directory, open '/Users/zeshanwain/repos/bank-stablecoin/ui/node_modules/@walletconnect/jsonrpc-utils/src/format.ts'

Failed to parse source map from '/Users/zeshanwain/repos/bank-stablecoin/ui/node_modules/@walletconnect/jsonrpc-utils/src/index.ts' file: Error: ENOENT: no such file or directory, open '/Users/zeshanwain/repos/bank-stablecoin/ui/node_modules/@walletconnect/jsonrpc-utils/src/index.ts'

Failed to parse source map from '/Users/zeshanwain/repos/bank-stablecoin/ui/node_modules/@walletconnect/jsonrpc-utils/src/routing.ts' file: Error: ENOENT: no such file or directory, open '/Users/zeshanwain/repos/bank-stablecoin/ui/node_modules/@walletconnect/jsonrpc-utils/src/routing.ts'

Failed to parse source map from '/Users/zeshanwain/repos/bank-stablecoin/ui/node_modules/@walletconnect/jsonrpc-utils/src/types.ts' file: Error: ENOENT: no such file or directory, open '/Users/zeshanwain/repos/bank-stablecoin/ui/node_modules/@walletconnect/jsonrpc-utils/src/types.ts'

Failed to parse source map from '/Users/zeshanwain/repos/bank-stablecoin/ui/node_modules/@walletconnect/jsonrpc-utils/src/url.ts' file: Error: ENOENT: no such file or directory, open '/Users/zeshanwain/repos/bank-stablecoin/ui/node_modules/@walletconnect/jsonrpc-utils/src/url.ts'

Failed to parse source map from '/Users/zeshanwain/repos/bank-stablecoin/ui/node_modules/@walletconnect/jsonrpc-utils/src/validators.ts' file: Error: ENOENT: no such file or directory, open '/Users/zeshanwain/repos/bank-stablecoin/ui/node_modules/@walletconnect/jsonrpc-utils/src/validators.ts'

Failed to parse source map from '/Users/zeshanwain/repos/bank-stablecoin/ui/node_modules/@walletconnect/relay-auth/src/api.ts' file: Error: ENOENT: no such file or directory, open '/Users/zeshanwain/repos/bank-stablecoin/ui/node_modules/@walletconnect/relay-auth/src/api.ts'

Failed to parse source map from '/Users/zeshanwain/repos/bank-stablecoin/ui/node_modules/@walletconnect/relay-auth/src/constants.ts' file: Error: ENOENT: no such file or directory, open '/Users/zeshanwain/repos/bank-stablecoin/ui/node_modules/@walletconnect/relay-auth/src/constants.ts'

Failed to parse source map from '/Users/zeshanwain/repos/bank-stablecoin/ui/node_modules/@walletconnect/relay-auth/src/index.ts' file: Error: ENOENT: no such file or directory, open '/Users/zeshanwain/repos/bank-stablecoin/ui/node_modules/@walletconnect/relay-auth/src/index.ts'

Failed to parse source map from '/Users/zeshanwain/repos/bank-stablecoin/ui/node_modules/@walletconnect/relay-auth/src/types.ts' file: Error: ENOENT: no such file or directory, open '/Users/zeshanwain/repos/bank-stablecoin/ui/node_modules/@walletconnect/relay-auth/src/types.ts'

Failed to parse source map from '/Users/zeshanwain/repos/bank-stablecoin/ui/node_modules/@walletconnect/relay-auth/src/utils.ts' file: Error: ENOENT: no such file or directory, open '/Users/zeshanwain/repos/bank-stablecoin/ui/node_modules/@walletconnect/relay-auth/src/utils.ts'

Failed to parse source map from '/Users/zeshanwain/repos/bank-stablecoin/ui/node_modules/@walletconnect/safe-json/src/index.ts' file: Error: ENOENT: no such file or directory, open '/Users/zeshanwain/repos/bank-stablecoin/ui/node_modules/@walletconnect/safe-json/src/index.ts'

Failed to parse source map from '/Users/zeshanwain/repos/bank-stablecoin/ui/node_modules/@walletconnect/time/src/constants/index.ts' file: Error: ENOENT: no such file or directory, open '/Users/zeshanwain/repos/bank-stablecoin/ui/node_modules/@walletconnect/time/src/constants/index.ts'

Failed to parse source map from '/Users/zeshanwain/repos/bank-stablecoin/ui/node_modules/@walletconnect/time/src/constants/misc.ts' file: Error: ENOENT: no such file or directory, open '/Users/zeshanwain/repos/bank-stablecoin/ui/node_modules/@walletconnect/time/src/constants/misc.ts'

Failed to parse source map from '/Users/zeshanwain/repos/bank-stablecoin/ui/node_modules/@walletconnect/time/src/constants/time.ts' file: Error: ENOENT: no such file or directory, open '/Users/zeshanwain/repos/bank-stablecoin/ui/node_modules/@walletconnect/time/src/constants/time.ts'

Failed to parse source map from '/Users/zeshanwain/repos/bank-stablecoin/ui/node_modules/@walletconnect/time/src/index.ts' file: Error: ENOENT: no such file or directory, open '/Users/zeshanwain/repos/bank-stablecoin/ui/node_modules/@walletconnect/time/src/index.ts'

Failed to parse source map from '/Users/zeshanwain/repos/bank-stablecoin/ui/node_modules/@walletconnect/time/src/types/index.ts' file: Error: ENOENT: no such file or directory, open '/Users/zeshanwain/repos/bank-stablecoin/ui/node_modules/@walletconnect/time/src/types/index.ts'

Failed to parse source map from '/Users/zeshanwain/repos/bank-stablecoin/ui/node_modules/@walletconnect/time/src/types/watch.ts' file: Error: ENOENT: no such file or directory, open '/Users/zeshanwain/repos/bank-stablecoin/ui/node_modules/@walletconnect/time/src/types/watch.ts'

Failed to parse source map from '/Users/zeshanwain/repos/bank-stablecoin/ui/node_modules/@walletconnect/time/src/utils/convert.ts' file: Error: ENOENT: no such file or directory, open '/Users/zeshanwain/repos/bank-stablecoin/ui/node_modules/@walletconnect/time/src/utils/convert.ts'

Failed to parse source map from '/Users/zeshanwain/repos/bank-stablecoin/ui/node_modules/@walletconnect/time/src/utils/delay.ts' file: Error: ENOENT: no such file or directory, open '/Users/zeshanwain/repos/bank-stablecoin/ui/node_modules/@walletconnect/time/src/utils/delay.ts'

Failed to parse source map from '/Users/zeshanwain/repos/bank-stablecoin/ui/node_modules/@walletconnect/time/src/utils/index.ts' file: Error: ENOENT: no such file or directory, open '/Users/zeshanwain/repos/bank-stablecoin/ui/node_modules/@walletconnect/time/src/utils/index.ts'

Failed to parse source map from '/Users/zeshanwain/repos/bank-stablecoin/ui/node_modules/@walletconnect/time/src/watch.ts' file: Error: ENOENT: no such file or directory, open '/Users/zeshanwain/repos/bank-stablecoin/ui/node_modules/@walletconnect/time/src/watch.ts'

Failed to parse source map from '/Users/zeshanwain/repos/bank-stablecoin/ui/node_modules/@walletconnect/window-getters/src/index.ts' file: Error: ENOENT: no such file or directory, open '/Users/zeshanwain/repos/bank-stablecoin/ui/node_modules/@walletconnect/window-getters/src/index.ts'

Failed to parse source map from '/Users/zeshanwain/repos/bank-stablecoin/ui/node_modules/@walletconnect/window-metadata/src/index.ts' file: Error: ENOENT: no such file or directory, open '/Users/zeshanwain/repos/bank-stablecoin/ui/node_modules/@walletconnect/window-metadata/src/index.ts'

Failed to parse source map from '/Users/zeshanwain/repos/bank-stablecoin/ui/node_modules/eth-rpc-errors/src/classes.ts' file: Error: ENOENT: no such file or directory, open '/Users/zeshanwain/repos/bank-stablecoin/ui/node_modules/eth-rpc-errors/src/classes.ts'

Failed to parse source map from '/Users/zeshanwain/repos/bank-stablecoin/ui/node_modules/eth-rpc-errors/src/error-constants.ts' file: Error: ENOENT: no such file or directory, open '/Users/zeshanwain/repos/bank-stablecoin/ui/node_modules/eth-rpc-errors/src/error-constants.ts'

Failed to parse source map from '/Users/zeshanwain/repos/bank-stablecoin/ui/node_modules/eth-rpc-errors/src/errors.ts' file: Error: ENOENT: no such file or directory, open '/Users/zeshanwain/repos/bank-stablecoin/ui/node_modules/eth-rpc-errors/src/errors.ts'

Failed to parse source map from '/Users/zeshanwain/repos/bank-stablecoin/ui/node_modules/eth-rpc-errors/src/index.ts' file: Error: ENOENT: no such file or directory, open '/Users/zeshanwain/repos/bank-stablecoin/ui/node_modules/eth-rpc-errors/src/index.ts'

Failed to parse source map from '/Users/zeshanwain/repos/bank-stablecoin/ui/node_modules/eth-rpc-errors/src/utils.ts' file: Error: ENOENT: no such file or directory, open '/Users/zeshanwain/repos/bank-stablecoin/ui/node_modules/eth-rpc-errors/src/utils.ts'

Failed to parse source map from '/Users/zeshanwain/repos/bank-stablecoin/ui/node_modules/json-rpc-engine/src/JsonRpcEngine.ts' file: Error: ENOENT: no such file or directory, open '/Users/zeshanwain/repos/bank-stablecoin/ui/node_modules/json-rpc-engine/src/JsonRpcEngine.ts'

Failed to parse source map from '/Users/zeshanwain/repos/bank-stablecoin/ui/node_modules/json-rpc-engine/src/createAsyncMiddleware.ts' file: Error: ENOENT: no such file or directory, open '/Users/zeshanwain/repos/bank-stablecoin/ui/node_modules/json-rpc-engine/src/createAsyncMiddleware.ts'

Failed to parse source map from '/Users/zeshanwain/repos/bank-stablecoin/ui/node_modules/json-rpc-engine/src/createScaffoldMiddleware.ts' file: Error: ENOENT: no such file or directory, open '/Users/zeshanwain/repos/bank-stablecoin/ui/node_modules/json-rpc-engine/src/createScaffoldMiddleware.ts'

Failed to parse source map from '/Users/zeshanwain/repos/bank-stablecoin/ui/node_modules/json-rpc-engine/src/getUniqueId.ts' file: Error: ENOENT: no such file or directory, open '/Users/zeshanwain/repos/bank-stablecoin/ui/node_modules/json-rpc-engine/src/getUniqueId.ts'

Failed to parse source map from '/Users/zeshanwain/repos/bank-stablecoin/ui/node_modules/json-rpc-engine/src/idRemapMiddleware.ts' file: Error: ENOENT: no such file or directory, open '/Users/zeshanwain/repos/bank-stablecoin/ui/node_modules/json-rpc-engine/src/idRemapMiddleware.ts'

Failed to parse source map from '/Users/zeshanwain/repos/bank-stablecoin/ui/node_modules/json-rpc-engine/src/index.ts' file: Error: ENOENT: no such file or directory, open '/Users/zeshanwain/repos/bank-stablecoin/ui/node_modules/json-rpc-engine/src/index.ts'

Failed to parse source map from '/Users/zeshanwain/repos/bank-stablecoin/ui/node_modules/json-rpc-engine/src/mergeMiddleware.ts' file: Error: ENOENT: no such file or directory, open '/Users/zeshanwain/repos/bank-stablecoin/ui/node_modules/json-rpc-engine/src/mergeMiddleware.ts'

Failed to parse source map from '/Users/zeshanwain/repos/bank-stablecoin/ui/node_modules/json-rpc-engine/node_modules/@metamask/safe-event-emitter/index.ts' file: Error: ENOENT: no such file or directory, open '/Users/zeshanwain/repos/bank-stablecoin/ui/node_modules/json-rpc-engine/node_modules/@metamask/safe-event-emitter/index.ts'

Failed to parse source map from '/Users/zeshanwain/repos/bank-stablecoin/ui/node_modules/superstruct/src/error.ts' file: Error: ENOENT: no such file or directory, open '/Users/zeshanwain/repos/bank-stablecoin/ui/node_modules/superstruct/src/error.ts'

Failed to parse source map from '/Users/zeshanwain/repos/bank-stablecoin/ui/node_modules/superstruct/src/struct.ts' file: Error: ENOENT: no such file or directory, open '/Users/zeshanwain/repos/bank-stablecoin/ui/node_modules/superstruct/src/struct.ts'

Failed to parse source map from '/Users/zeshanwain/repos/bank-stablecoin/ui/node_modules/superstruct/src/structs/coercions.ts' file: Error: ENOENT: no such file or directory, open '/Users/zeshanwain/repos/bank-stablecoin/ui/node_modules/superstruct/src/structs/coercions.ts'

Failed to parse source map from '/Users/zeshanwain/repos/bank-stablecoin/ui/node_modules/superstruct/src/structs/refinements.ts' file: Error: ENOENT: no such file or directory, open '/Users/zeshanwain/repos/bank-stablecoin/ui/node_modules/superstruct/src/structs/refinements.ts'

Failed to parse source map from '/Users/zeshanwain/repos/bank-stablecoin/ui/node_modules/superstruct/src/structs/types.ts' file: Error: ENOENT: no such file or directory, open '/Users/zeshanwain/repos/bank-stablecoin/ui/node_modules/superstruct/src/structs/types.ts'

Failed to parse source map from '/Users/zeshanwain/repos/bank-stablecoin/ui/node_modules/superstruct/src/structs/utilities.ts' file: Error: ENOENT: no such file or directory, open '/Users/zeshanwain/repos/bank-stablecoin/ui/node_modules/superstruct/src/structs/utilities.ts'

Failed to parse source map from '/Users/zeshanwain/repos/bank-stablecoin/ui/node_modules/superstruct/src/utils.ts' file: Error: ENOENT: no such file or directory, open '/Users/zeshanwain/repos/bank-stablecoin/ui/node_modules/superstruct/src/utils.ts'

[eslint] 
src/daml.js/40f452260bef3f29dede136108fc08a88d5a5250310281067087da6f0baddff7/lib/DA/Types/index.js
  Line 1:1:  'use strict' is unnecessary inside of modules  strict

src/daml.js/40f452260bef3f29dede136108fc08a88d5a5250310281067087da6f0baddff7/lib/DA/Types/module.js
  Line 1:1:    'use strict' is unnecessary inside of modules  strict
  Line 22:14:  Expected an error object to be thrown          no-throw-literal

src/daml.js/40f452260bef3f29dede136108fc08a88d5a5250310281067087da6f0baddff7/lib/DA/index.js
  Line 1:1:  'use strict' is unnecessary inside of modules  strict

src/daml.js/40f452260bef3f29dede136108fc08a88d5a5250310281067087da6f0baddff7/lib/index.js
  Line 1:1:  'use strict' is unnecessary inside of modules  strict

src/daml.js/bank-stablecoin-1.0.0/lib/Model/AtomicSwap/index.js
  Line 1:1:  'use strict' is unnecessary inside of modules  strict

src/daml.js/bank-stablecoin-1.0.0/lib/Model/AtomicSwap/module.js
  Line 1:1:     'use strict' is unnecessary inside of modules  strict
  Line 48:28:   Expected an error object to be thrown          no-throw-literal
  Line 124:28:  Expected an error object to be thrown          no-throw-literal
  Line 221:28:  Expected an error object to be thrown          no-throw-literal
  Line 303:28:  Expected an error object to be thrown          no-throw-literal

src/daml.js/bank-stablecoin-1.0.0/lib/Model/Compliance/index.js
  Line 1:1:  'use strict' is unnecessary inside of modules  strict

src/daml.js/bank-stablecoin-1.0.0/lib/Model/Compliance/module.js
  Line 1:1:     'use strict' is unnecessary inside of modules  strict
  Line 49:28:   Expected an error object to be thrown          no-throw-literal
  Line 111:28:  Expected an error object to be thrown          no-throw-literal
  Line 178:28:  Expected an error object to be thrown          no-throw-literal

src/daml.js/bank-stablecoin-1.0.0/lib/Model/Loan/index.js
  Line 1:1:  'use strict' is unnecessary inside of modules  strict

src/daml.js/bank-stablecoin-1.0.0/lib/Model/Loan/module.js
  Line 1:1:     'use strict' is unnecessary inside of modules  strict
  Line 48:28:   Expected an error object to be thrown          no-throw-literal
  Line 135:28:  Expected an error object to be thrown          no-throw-literal
  Line 244:28:  Expected an error object to be thrown          no-throw-literal

src/daml.js/bank-stablecoin-1.0.0/lib/Model/MultiSig/index.js
  Line 1:1:  'use strict' is unnecessary inside of modules  strict

src/daml.js/bank-stablecoin-1.0.0/lib/Model/MultiSig/module.js
  Line 1:1:     'use strict' is unnecessary inside of modules  strict
  Line 49:28:   Expected an error object to be thrown          no-throw-literal
  Line 133:28:  Expected an error object to be thrown          no-throw-literal
  Line 228:28:  Expected an error object to be thrown          no-throw-literal

src/daml.js/bank-stablecoin-1.0.0/lib/Model/RealBankAccount/index.js
  Line 1:1:  'use strict' is unnecessary inside of modules  strict

src/daml.js/bank-stablecoin-1.0.0/lib/Model/RealBankAccount/module.js
  Line 1:1:     'use strict' is unnecessary inside of modules  strict
  Line 52:28:   Expected an error object to be thrown          no-throw-literal
  Line 115:28:  Expected an error object to be thrown          no-throw-literal
  Line 188:28:  Expected an error object to be thrown          no-throw-literal
  Line 256:28:  Expected an error object to be thrown          no-throw-literal
  Line 375:28:  Expected an error object to be thrown          no-throw-literal
  Line 462:28:  Expected an error object to be thrown          no-throw-literal

src/daml.js/bank-stablecoin-1.0.0/lib/Model/Stablecoin/index.js
  Line 1:1:  'use strict' is unnecessary inside of modules  strict

src/daml.js/bank-stablecoin-1.0.0/lib/Model/Stablecoin/module.js
  Line 1:1:     'use strict' is unnecessary inside of modules  strict
  Line 23:28:   Expected an error object to be thrown          no-throw-literal
  Line 89:28:   Expected an error object to be thrown          no-throw-literal
  Line 178:28:  Expected an error object to be thrown          no-throw-literal
  Line 235:28:  Expected an error object to be thrown          no-throw-literal
  Line 304:28:  Expected an error object to be thrown          no-throw-literal
  Line 405:28:  Expected an error object to be thrown          no-throw-literal

src/daml.js/d14e08374fc7197d6a0de468c968ae8ba3aadbf9315476fd39071831f5923662/lib/DA/Internal/Template/index.js
  Line 1:1:  'use strict' is unnecessary inside of modules  strict

src/daml.js/d14e08374fc7197d6a0de468c968ae8ba3aadbf9315476fd39071831f5923662/lib/DA/Internal/Template/module.js
  Line 1:1:  'use strict' is unnecessary inside of modules  strict

src/daml.js/d14e08374fc7197d6a0de468c968ae8ba3aadbf9315476fd39071831f5923662/lib/DA/Internal/index.js
  Line 1:1:  'use strict' is unnecessary inside of modules  strict

src/daml.js/d14e08374fc7197d6a0de468c968ae8ba3aadbf9315476fd39071831f5923662/lib/DA/index.js
  Line 1:1:  'use strict' is unnecessary inside of modules  strict

src/daml.js/d14e08374fc7197d6a0de468c968ae8ba3aadbf9315476fd39071831f5923662/lib/index.js
  Line 1:1:  'use strict' is unnecessary inside of modules  strict

Search for the keywords to learn more about each warning.
To ignore, add // eslint-disable-next-line to the line before.

WARNING in ./node_modules/@daml/ledger/index.js
Module Warning (from ./node_modules/source-map-loader/dist/cjs.js):
Failed to parse source map from '/Users/zeshanwain/language-support/ts/daml-ledger/index.ts' file: Error: ENOENT: no such file or directory, open '/Users/zeshanwain/language-support/ts/daml-ledger/index.ts'

WARNING in ./node_modules/@daml/react/createLedgerContext.js
Module Warning (from ./node_modules/source-map-loader/dist/cjs.js):
Failed to parse source map from '/Users/zeshanwain/language-support/ts/daml-react/createLedgerContext.ts' file: Error: ENOENT: no such file or directory, open '/Users/zeshanwain/language-support/ts/daml-react/createLedgerContext.ts'

WARNING in ./node_modules/@daml/react/defaultLedgerContext.js
Module Warning (from ./node_modules/source-map-loader/dist/cjs.js):
Failed to parse source map from '/Users/zeshanwain/language-support/ts/daml-react/defaultLedgerContext.ts' file: Error: ENOENT: no such file or directory, open '/Users/zeshanwain/language-support/ts/daml-react/defaultLedgerContext.ts'

WARNING in ./node_modules/@daml/react/index.js
Module Warning (from ./node_modules/source-map-loader/dist/cjs.js):
Failed to parse source map from '/Users/zeshanwain/language-support/ts/daml-react/index.ts' file: Error: ENOENT: no such file or directory, open '/Users/zeshanwain/language-support/ts/daml-react/index.ts'

WARNING in ./node_modules/@daml/types/index.js
Module Warning (from ./node_modules/source-map-loader/dist/cjs.js):
Failed to parse source map from '/Users/zeshanwain/language-support/ts/daml-types/index.ts' file: Error: ENOENT: no such file or directory, open '/Users/zeshanwain/language-support/ts/daml-types/index.ts'

WARNING in ./node_modules/@metamask/safe-event-emitter/dist/cjs/index.js
Module Warning (from ./node_modules/source-map-loader/dist/cjs.js):
Failed to parse source map from '/Users/zeshanwain/repos/bank-stablecoin/ui/node_modules/@metamask/safe-event-emitter/index.ts' file: Error: ENOENT: no such file or directory, open '/Users/zeshanwain/repos/bank-stablecoin/ui/node_modules/@metamask/safe-event-emitter/index.ts'

WARNING in ./node_modules/@safe-global/safe-gateway-typescript-sdk/dist/config.js
Module Warning (from ./node_modules/source-map-loader/dist/cjs.js):
Failed to parse source map from '/Users/zeshanwain/repos/bank-stablecoin/ui/node_modules/@safe-global/safe-gateway-typescript-sdk/src/config.ts' file: Error: ENOENT: no such file or directory, open '/Users/zeshanwain/repos/bank-stablecoin/ui/node_modules/@safe-global/safe-gateway-typescript-sdk/src/config.ts'

WARNING in ./node_modules/@safe-global/safe-gateway-typescript-sdk/dist/endpoint.js
Module Warning (from ./node_modules/source-map-loader/dist/cjs.js):
Failed to parse source map from '/Users/zeshanwain/repos/bank-stablecoin/ui/node_modules/@safe-global/safe-gateway-typescript-sdk/src/endpoint.ts' file: Error: ENOENT: no such file or directory, open '/Users/zeshanwain/repos/bank-stablecoin/ui/node_modules/@safe-global/safe-gateway-typescript-sdk/src/endpoint.ts'

WARNING in ./node_modules/@safe-global/safe-gateway-typescript-sdk/dist/index.js
Module Warning (from ./node_modules/source-map-loader/dist/cjs.js):
Failed to parse source map from '/Users/zeshanwain/repos/bank-stablecoin/ui/node_modules/@safe-global/safe-gateway-typescript-sdk/src/index.ts' file: Error: ENOENT: no such file or directory, open '/Users/zeshanwain/repos/bank-stablecoin/ui/node_modules/@safe-global/safe-gateway-typescript-sdk/src/index.ts'

WARNING in ./node_modules/@safe-global/safe-gateway-typescript-sdk/dist/types/chains.js
Module Warning (from ./node_modules/source-map-loader/dist/cjs.js):
Failed to parse source map from '/Users/zeshanwain/repos/bank-stablecoin/ui/node_modules/@safe-global/safe-gateway-typescript-sdk/src/types/chains.ts' file: Error: ENOENT: no such file or directory, open '/Users/zeshanwain/repos/bank-stablecoin/ui/node_modules/@safe-global/safe-gateway-typescript-sdk/src/types/chains.ts'

WARNING in ./node_modules/@safe-global/safe-gateway-typescript-sdk/dist/types/common.js
Module Warning (from ./node_modules/source-map-loader/dist/cjs.js):
Failed to parse source map from '/Users/zeshanwain/repos/bank-stablecoin/ui/node_modules/@safe-global/safe-gateway-typescript-sdk/src/types/common.ts' file: Error: ENOENT: no such file or directory, open '/Users/zeshanwain/repos/bank-stablecoin/ui/node_modules/@safe-global/safe-gateway-typescript-sdk/src/types/common.ts'

WARNING in ./node_modules/@safe-global/safe-gateway-typescript-sdk/dist/types/decoded-data.js
Module Warning (from ./node_modules/source-map-loader/dist/cjs.js):
Failed to parse source map from '/Users/zeshanwain/repos/bank-stablecoin/ui/node_modules/@safe-global/safe-gateway-typescript-sdk/src/types/decoded-data.ts' file: Error: ENOENT: no such file or directory, open '/Users/zeshanwain/repos/bank-stablecoin/ui/node_modules/@safe-global/safe-gateway-typescript-sdk/src/types/decoded-data.ts'

WARNING in ./node_modules/@safe-global/safe-gateway-typescript-sdk/dist/types/master-copies.js
Module Warning (from ./node_modules/source-map-loader/dist/cjs.js):
Failed to parse source map from '/Users/zeshanwain/repos/bank-stablecoin/ui/node_modules/@safe-global/safe-gateway-typescript-sdk/src/types/master-copies.ts' file: Error: ENOENT: no such file or directory, open '/Users/zeshanwain/repos/bank-stablecoin/ui/node_modules/@safe-global/safe-gateway-typescript-sdk/src/types/master-copies.ts'

WARNING in ./node_modules/@safe-global/safe-gateway-typescript-sdk/dist/types/notifications.js
Module Warning (from ./node_modules/source-map-loader/dist/cjs.js):
Failed to parse source map from '/Users/zeshanwain/repos/bank-stablecoin/ui/node_modules/@safe-global/safe-gateway-typescript-sdk/src/types/notifications.ts' file: Error: ENOENT: no such file or directory, open '/Users/zeshanwain/repos/bank-stablecoin/ui/node_modules/@safe-global/safe-gateway-typescript-sdk/src/types/notifications.ts'

WARNING in ./node_modules/@safe-global/safe-gateway-typescript-sdk/dist/types/relay.js
Module Warning (from ./node_modules/source-map-loader/dist/cjs.js):
Failed to parse source map from '/Users/zeshanwain/repos/bank-stablecoin/ui/node_modules/@safe-global/safe-gateway-typescript-sdk/src/types/relay.ts' file: Error: ENOENT: no such file or directory, open '/Users/zeshanwain/repos/bank-stablecoin/ui/node_modules/@safe-global/safe-gateway-typescript-sdk/src/types/relay.ts'

WARNING in ./node_modules/@safe-global/safe-gateway-typescript-sdk/dist/types/safe-apps.js
Module Warning (from ./node_modules/source-map-loader/dist/cjs.js):
Failed to parse source map from '/Users/zeshanwain/repos/bank-stablecoin/ui/node_modules/@safe-global/safe-gateway-typescript-sdk/src/types/safe-apps.ts' file: Error: ENOENT: no such file or directory, open '/Users/zeshanwain/repos/bank-stablecoin/ui/node_modules/@safe-global/safe-gateway-typescript-sdk/src/types/safe-apps.ts'

WARNING in ./node_modules/@safe-global/safe-gateway-typescript-sdk/dist/types/safe-info.js
Module Warning (from ./node_modules/source-map-loader/dist/cjs.js):
Failed to parse source map from '/Users/zeshanwain/repos/bank-stablecoin/ui/node_modules/@safe-global/safe-gateway-typescript-sdk/src/types/safe-info.ts' file: Error: ENOENT: no such file or directory, open '/Users/zeshanwain/repos/bank-stablecoin/ui/node_modules/@safe-global/safe-gateway-typescript-sdk/src/types/safe-info.ts'

WARNING in ./node_modules/@safe-global/safe-gateway-typescript-sdk/dist/types/safe-messages.js
Module Warning (from ./node_modules/source-map-loader/dist/cjs.js):
Failed to parse source map from '/Users/zeshanwain/repos/bank-stablecoin/ui/node_modules/@safe-global/safe-gateway-typescript-sdk/src/types/safe-messages.ts' file: Error: ENOENT: no such file or directory, open '/Users/zeshanwain/repos/bank-stablecoin/ui/node_modules/@safe-global/safe-gateway-typescript-sdk/src/types/safe-messages.ts'

WARNING in ./node_modules/@safe-global/safe-gateway-typescript-sdk/dist/types/transactions.js
Module Warning (from ./node_modules/source-map-loader/dist/cjs.js):
Failed to parse source map from '/Users/zeshanwain/repos/bank-stablecoin/ui/node_modules/@safe-global/safe-gateway-typescript-sdk/src/types/transactions.ts' file: Error: ENOENT: no such file or directory, open '/Users/zeshanwain/repos/bank-stablecoin/ui/node_modules/@safe-global/safe-gateway-typescript-sdk/src/types/transactions.ts'

WARNING in ./node_modules/@safe-global/safe-gateway-typescript-sdk/dist/utils.js
Module Warning (from ./node_modules/source-map-loader/dist/cjs.js):
Failed to parse source map from '/Users/zeshanwain/repos/bank-stablecoin/ui/node_modules/@safe-global/safe-gateway-typescript-sdk/src/utils.ts' file: Error: ENOENT: no such file or directory, open '/Users/zeshanwain/repos/bank-stablecoin/ui/node_modules/@safe-global/safe-gateway-typescript-sdk/src/utils.ts'

WARNING in ./node_modules/@walletconnect/environment/dist/cjs/crypto.js
Module Warning (from ./node_modules/source-map-loader/dist/cjs.js):
Failed to parse source map from '/Users/zeshanwain/repos/bank-stablecoin/ui/node_modules/@walletconnect/environment/src/crypto.ts' file: Error: ENOENT: no such file or directory, open '/Users/zeshanwain/repos/bank-stablecoin/ui/node_modules/@walletconnect/environment/src/crypto.ts'

WARNING in ./node_modules/@walletconnect/environment/dist/cjs/env.js
Module Warning (from ./node_modules/source-map-loader/dist/cjs.js):
Failed to parse source map from '/Users/zeshanwain/repos/bank-stablecoin/ui/node_modules/@walletconnect/environment/src/env.ts' file: Error: ENOENT: no such file or directory, open '/Users/zeshanwain/repos/bank-stablecoin/ui/node_modules/@walletconnect/environment/src/env.ts'

WARNING in ./node_modules/@walletconnect/environment/dist/cjs/index.js
Module Warning (from ./node_modules/source-map-loader/dist/cjs.js):
Failed to parse source map from '/Users/zeshanwain/repos/bank-stablecoin/ui/node_modules/@walletconnect/environment/src/index.ts' file: Error: ENOENT: no such file or directory, open '/Users/zeshanwain/repos/bank-stablecoin/ui/node_modules/@walletconnect/environment/src/index.ts'

WARNING in ./node_modules/@walletconnect/events/dist/esm/events.js
Module Warning (from ./node_modules/source-map-loader/dist/cjs.js):
Failed to parse source map from '/Users/zeshanwain/repos/bank-stablecoin/ui/node_modules/@walletconnect/events/src/events.ts' file: Error: ENOENT: no such file or directory, open '/Users/zeshanwain/repos/bank-stablecoin/ui/node_modules/@walletconnect/events/src/events.ts'

WARNING in ./node_modules/@walletconnect/events/dist/esm/index.js
Module Warning (from ./node_modules/source-map-loader/dist/cjs.js):
Failed to parse source map from '/Users/zeshanwain/repos/bank-stablecoin/ui/node_modules/@walletconnect/events/src/index.ts' file: Error: ENOENT: no such file or directory, open '/Users/zeshanwain/repos/bank-stablecoin/ui/node_modules/@walletconnect/events/src/index.ts'

WARNING in ./node_modules/@walletconnect/jsonrpc-utils/dist/esm/constants.js
Module Warning (from ./node_modules/source-map-loader/dist/cjs.js):
Failed to parse source map from '/Users/zeshanwain/repos/bank-stablecoin/ui/node_modules/@walletconnect/jsonrpc-utils/src/constants.ts' file: Error: ENOENT: no such file or directory, open '/Users/zeshanwain/repos/bank-stablecoin/ui/node_modules/@walletconnect/jsonrpc-utils/src/constants.ts'

WARNING in ./node_modules/@walletconnect/jsonrpc-utils/dist/esm/env.js
Module Warning (from ./node_modules/source-map-loader/dist/cjs.js):
Failed to parse source map from '/Users/zeshanwain/repos/bank-stablecoin/ui/node_modules/@walletconnect/jsonrpc-utils/src/env.ts' file: Error: ENOENT: no such file or directory, open '/Users/zeshanwain/repos/bank-stablecoin/ui/node_modules/@walletconnect/jsonrpc-utils/src/env.ts'

WARNING in ./node_modules/@walletconnect/jsonrpc-utils/dist/esm/error.js
Module Warning (from ./node_modules/source-map-loader/dist/cjs.js):
Failed to parse source map from '/Users/zeshanwain/repos/bank-stablecoin/ui/node_modules/@walletconnect/jsonrpc-utils/src/error.ts' file: Error: ENOENT: no such file or directory, open '/Users/zeshanwain/repos/bank-stablecoin/ui/node_modules/@walletconnect/jsonrpc-utils/src/error.ts'

WARNING in ./node_modules/@walletconnect/jsonrpc-utils/dist/esm/format.js
Module Warning (from ./node_modules/source-map-loader/dist/cjs.js):
Failed to parse source map from '/Users/zeshanwain/repos/bank-stablecoin/ui/node_modules/@walletconnect/jsonrpc-utils/src/format.ts' file: Error: ENOENT: no such file or directory, open '/Users/zeshanwain/repos/bank-stablecoin/ui/node_modules/@walletconnect/jsonrpc-utils/src/format.ts'

WARNING in ./node_modules/@walletconnect/jsonrpc-utils/dist/esm/index.js
Module Warning (from ./node_modules/source-map-loader/dist/cjs.js):
Failed to parse source map from '/Users/zeshanwain/repos/bank-stablecoin/ui/node_modules/@walletconnect/jsonrpc-utils/src/index.ts' file: Error: ENOENT: no such file or directory, open '/Users/zeshanwain/repos/bank-stablecoin/ui/node_modules/@walletconnect/jsonrpc-utils/src/index.ts'

WARNING in ./node_modules/@walletconnect/jsonrpc-utils/dist/esm/routing.js
Module Warning (from ./node_modules/source-map-loader/dist/cjs.js):
Failed to parse source map from '/Users/zeshanwain/repos/bank-stablecoin/ui/node_modules/@walletconnect/jsonrpc-utils/src/routing.ts' file: Error: ENOENT: no such file or directory, open '/Users/zeshanwain/repos/bank-stablecoin/ui/node_modules/@walletconnect/jsonrpc-utils/src/routing.ts'

WARNING in ./node_modules/@walletconnect/jsonrpc-utils/dist/esm/types.js
Module Warning (from ./node_modules/source-map-loader/dist/cjs.js):
Failed to parse source map from '/Users/zeshanwain/repos/bank-stablecoin/ui/node_modules/@walletconnect/jsonrpc-utils/src/types.ts' file: Error: ENOENT: no such file or directory, open '/Users/zeshanwain/repos/bank-stablecoin/ui/node_modules/@walletconnect/jsonrpc-utils/src/types.ts'

WARNING in ./node_modules/@walletconnect/jsonrpc-utils/dist/esm/url.js
Module Warning (from ./node_modules/source-map-loader/dist/cjs.js):
Failed to parse source map from '/Users/zeshanwain/repos/bank-stablecoin/ui/node_modules/@walletconnect/jsonrpc-utils/src/url.ts' file: Error: ENOENT: no such file or directory, open '/Users/zeshanwain/repos/bank-stablecoin/ui/node_modules/@walletconnect/jsonrpc-utils/src/url.ts'

WARNING in ./node_modules/@walletconnect/jsonrpc-utils/dist/esm/validators.js
Module Warning (from ./node_modules/source-map-loader/dist/cjs.js):
Failed to parse source map from '/Users/zeshanwain/repos/bank-stablecoin/ui/node_modules/@walletconnect/jsonrpc-utils/src/validators.ts' file: Error: ENOENT: no such file or directory, open '/Users/zeshanwain/repos/bank-stablecoin/ui/node_modules/@walletconnect/jsonrpc-utils/src/validators.ts'

WARNING in ./node_modules/@walletconnect/relay-auth/dist/esm/api.js
Module Warning (from ./node_modules/source-map-loader/dist/cjs.js):
Failed to parse source map from '/Users/zeshanwain/repos/bank-stablecoin/ui/node_modules/@walletconnect/relay-auth/src/api.ts' file: Error: ENOENT: no such file or directory, open '/Users/zeshanwain/repos/bank-stablecoin/ui/node_modules/@walletconnect/relay-auth/src/api.ts'

WARNING in ./node_modules/@walletconnect/relay-auth/dist/esm/constants.js
Module Warning (from ./node_modules/source-map-loader/dist/cjs.js):
Failed to parse source map from '/Users/zeshanwain/repos/bank-stablecoin/ui/node_modules/@walletconnect/relay-auth/src/constants.ts' file: Error: ENOENT: no such file or directory, open '/Users/zeshanwain/repos/bank-stablecoin/ui/node_modules/@walletconnect/relay-auth/src/constants.ts'

WARNING in ./node_modules/@walletconnect/relay-auth/dist/esm/index.js
Module Warning (from ./node_modules/source-map-loader/dist/cjs.js):
Failed to parse source map from '/Users/zeshanwain/repos/bank-stablecoin/ui/node_modules/@walletconnect/relay-auth/src/index.ts' file: Error: ENOENT: no such file or directory, open '/Users/zeshanwain/repos/bank-stablecoin/ui/node_modules/@walletconnect/relay-auth/src/index.ts'

WARNING in ./node_modules/@walletconnect/relay-auth/dist/esm/types.js
Module Warning (from ./node_modules/source-map-loader/dist/cjs.js):
Failed to parse source map from '/Users/zeshanwain/repos/bank-stablecoin/ui/node_modules/@walletconnect/relay-auth/src/types.ts' file: Error: ENOENT: no such file or directory, open '/Users/zeshanwain/repos/bank-stablecoin/ui/node_modules/@walletconnect/relay-auth/src/types.ts'

WARNING in ./node_modules/@walletconnect/relay-auth/dist/esm/utils.js
Module Warning (from ./node_modules/source-map-loader/dist/cjs.js):
Failed to parse source map from '/Users/zeshanwain/repos/bank-stablecoin/ui/node_modules/@walletconnect/relay-auth/src/utils.ts' file: Error: ENOENT: no such file or directory, open '/Users/zeshanwain/repos/bank-stablecoin/ui/node_modules/@walletconnect/relay-auth/src/utils.ts'

WARNING in ./node_modules/@walletconnect/safe-json/dist/esm/index.js
Module Warning (from ./node_modules/source-map-loader/dist/cjs.js):
Failed to parse source map from '/Users/zeshanwain/repos/bank-stablecoin/ui/node_modules/@walletconnect/safe-json/src/index.ts' file: Error: ENOENT: no such file or directory, open '/Users/zeshanwain/repos/bank-stablecoin/ui/node_modules/@walletconnect/safe-json/src/index.ts'

WARNING in ./node_modules/@walletconnect/time/dist/cjs/constants/index.js
Module Warning (from ./node_modules/source-map-loader/dist/cjs.js):
Failed to parse source map from '/Users/zeshanwain/repos/bank-stablecoin/ui/node_modules/@walletconnect/time/src/constants/index.ts' file: Error: ENOENT: no such file or directory, open '/Users/zeshanwain/repos/bank-stablecoin/ui/node_modules/@walletconnect/time/src/constants/index.ts'

WARNING in ./node_modules/@walletconnect/time/dist/cjs/constants/misc.js
Module Warning (from ./node_modules/source-map-loader/dist/cjs.js):
Failed to parse source map from '/Users/zeshanwain/repos/bank-stablecoin/ui/node_modules/@walletconnect/time/src/constants/misc.ts' file: Error: ENOENT: no such file or directory, open '/Users/zeshanwain/repos/bank-stablecoin/ui/node_modules/@walletconnect/time/src/constants/misc.ts'

WARNING in ./node_modules/@walletconnect/time/dist/cjs/constants/time.js
Module Warning (from ./node_modules/source-map-loader/dist/cjs.js):
Failed to parse source map from '/Users/zeshanwain/repos/bank-stablecoin/ui/node_modules/@walletconnect/time/src/constants/time.ts' file: Error: ENOENT: no such file or directory, open '/Users/zeshanwain/repos/bank-stablecoin/ui/node_modules/@walletconnect/time/src/constants/time.ts'

WARNING in ./node_modules/@walletconnect/time/dist/cjs/index.js
Module Warning (from ./node_modules/source-map-loader/dist/cjs.js):
Failed to parse source map from '/Users/zeshanwain/repos/bank-stablecoin/ui/node_modules/@walletconnect/time/src/index.ts' file: Error: ENOENT: no such file or directory, open '/Users/zeshanwain/repos/bank-stablecoin/ui/node_modules/@walletconnect/time/src/index.ts'

WARNING in ./node_modules/@walletconnect/time/dist/cjs/types/index.js
Module Warning (from ./node_modules/source-map-loader/dist/cjs.js):
Failed to parse source map from '/Users/zeshanwain/repos/bank-stablecoin/ui/node_modules/@walletconnect/time/src/types/index.ts' file: Error: ENOENT: no such file or directory, open '/Users/zeshanwain/repos/bank-stablecoin/ui/node_modules/@walletconnect/time/src/types/index.ts'

WARNING in ./node_modules/@walletconnect/time/dist/cjs/types/watch.js
Module Warning (from ./node_modules/source-map-loader/dist/cjs.js):
Failed to parse source map from '/Users/zeshanwain/repos/bank-stablecoin/ui/node_modules/@walletconnect/time/src/types/watch.ts' file: Error: ENOENT: no such file or directory, open '/Users/zeshanwain/repos/bank-stablecoin/ui/node_modules/@walletconnect/time/src/types/watch.ts'

WARNING in ./node_modules/@walletconnect/time/dist/cjs/utils/convert.js
Module Warning (from ./node_modules/source-map-loader/dist/cjs.js):
Failed to parse source map from '/Users/zeshanwain/repos/bank-stablecoin/ui/node_modules/@walletconnect/time/src/utils/convert.ts' file: Error: ENOENT: no such file or directory, open '/Users/zeshanwain/repos/bank-stablecoin/ui/node_modules/@walletconnect/time/src/utils/convert.ts'

WARNING in ./node_modules/@walletconnect/time/dist/cjs/utils/delay.js
Module Warning (from ./node_modules/source-map-loader/dist/cjs.js):
Failed to parse source map from '/Users/zeshanwain/repos/bank-stablecoin/ui/node_modules/@walletconnect/time/src/utils/delay.ts' file: Error: ENOENT: no such file or directory, open '/Users/zeshanwain/repos/bank-stablecoin/ui/node_modules/@walletconnect/time/src/utils/delay.ts'

WARNING in ./node_modules/@walletconnect/time/dist/cjs/utils/index.js
Module Warning (from ./node_modules/source-map-loader/dist/cjs.js):
Failed to parse source map from '/Users/zeshanwain/repos/bank-stablecoin/ui/node_modules/@walletconnect/time/src/utils/index.ts' file: Error: ENOENT: no such file or directory, open '/Users/zeshanwain/repos/bank-stablecoin/ui/node_modules/@walletconnect/time/src/utils/index.ts'

WARNING in ./node_modules/@walletconnect/time/dist/cjs/watch.js
Module Warning (from ./node_modules/source-map-loader/dist/cjs.js):
Failed to parse source map from '/Users/zeshanwain/repos/bank-stablecoin/ui/node_modules/@walletconnect/time/src/watch.ts' file: Error: ENOENT: no such file or directory, open '/Users/zeshanwain/repos/bank-stablecoin/ui/node_modules/@walletconnect/time/src/watch.ts'

WARNING in ./node_modules/@walletconnect/window-getters/dist/cjs/index.js
Module Warning (from ./node_modules/source-map-loader/dist/cjs.js):
Failed to parse source map from '/Users/zeshanwain/repos/bank-stablecoin/ui/node_modules/@walletconnect/window-getters/src/index.ts' file: Error: ENOENT: no such file or directory, open '/Users/zeshanwain/repos/bank-stablecoin/ui/node_modules/@walletconnect/window-getters/src/index.ts'

WARNING in ./node_modules/@walletconnect/window-metadata/dist/cjs/index.js
Module Warning (from ./node_modules/source-map-loader/dist/cjs.js):
Failed to parse source map from '/Users/zeshanwain/repos/bank-stablecoin/ui/node_modules/@walletconnect/window-metadata/src/index.ts' file: Error: ENOENT: no such file or directory, open '/Users/zeshanwain/repos/bank-stablecoin/ui/node_modules/@walletconnect/window-metadata/src/index.ts'

WARNING in ./node_modules/eth-rpc-errors/dist/classes.js
Module Warning (from ./node_modules/source-map-loader/dist/cjs.js):
Failed to parse source map from '/Users/zeshanwain/repos/bank-stablecoin/ui/node_modules/eth-rpc-errors/src/classes.ts' file: Error: ENOENT: no such file or directory, open '/Users/zeshanwain/repos/bank-stablecoin/ui/node_modules/eth-rpc-errors/src/classes.ts'

WARNING in ./node_modules/eth-rpc-errors/dist/error-constants.js
Module Warning (from ./node_modules/source-map-loader/dist/cjs.js):
Failed to parse source map from '/Users/zeshanwain/repos/bank-stablecoin/ui/node_modules/eth-rpc-errors/src/error-constants.ts' file: Error: ENOENT: no such file or directory, open '/Users/zeshanwain/repos/bank-stablecoin/ui/node_modules/eth-rpc-errors/src/error-constants.ts'

WARNING in ./node_modules/eth-rpc-errors/dist/errors.js
Module Warning (from ./node_modules/source-map-loader/dist/cjs.js):
Failed to parse source map from '/Users/zeshanwain/repos/bank-stablecoin/ui/node_modules/eth-rpc-errors/src/errors.ts' file: Error: ENOENT: no such file or directory, open '/Users/zeshanwain/repos/bank-stablecoin/ui/node_modules/eth-rpc-errors/src/errors.ts'

WARNING in ./node_modules/eth-rpc-errors/dist/index.js
Module Warning (from ./node_modules/source-map-loader/dist/cjs.js):
Failed to parse source map from '/Users/zeshanwain/repos/bank-stablecoin/ui/node_modules/eth-rpc-errors/src/index.ts' file: Error: ENOENT: no such file or directory, open '/Users/zeshanwain/repos/bank-stablecoin/ui/node_modules/eth-rpc-errors/src/index.ts'

WARNING in ./node_modules/eth-rpc-errors/dist/utils.js
Module Warning (from ./node_modules/source-map-loader/dist/cjs.js):
Failed to parse source map from '/Users/zeshanwain/repos/bank-stablecoin/ui/node_modules/eth-rpc-errors/src/utils.ts' file: Error: ENOENT: no such file or directory, open '/Users/zeshanwain/repos/bank-stablecoin/ui/node_modules/eth-rpc-errors/src/utils.ts'

WARNING in ./node_modules/json-rpc-engine/dist/JsonRpcEngine.js
Module Warning (from ./node_modules/source-map-loader/dist/cjs.js):
Failed to parse source map from '/Users/zeshanwain/repos/bank-stablecoin/ui/node_modules/json-rpc-engine/src/JsonRpcEngine.ts' file: Error: ENOENT: no such file or directory, open '/Users/zeshanwain/repos/bank-stablecoin/ui/node_modules/json-rpc-engine/src/JsonRpcEngine.ts'

WARNING in ./node_modules/json-rpc-engine/dist/createAsyncMiddleware.js
Module Warning (from ./node_modules/source-map-loader/dist/cjs.js):
Failed to parse source map from '/Users/zeshanwain/repos/bank-stablecoin/ui/node_modules/json-rpc-engine/src/createAsyncMiddleware.ts' file: Error: ENOENT: no such file or directory, open '/Users/zeshanwain/repos/bank-stablecoin/ui/node_modules/json-rpc-engine/src/createAsyncMiddleware.ts'

WARNING in ./node_modules/json-rpc-engine/dist/createScaffoldMiddleware.js
Module Warning (from ./node_modules/source-map-loader/dist/cjs.js):
Failed to parse source map from '/Users/zeshanwain/repos/bank-stablecoin/ui/node_modules/json-rpc-engine/src/createScaffoldMiddleware.ts' file: Error: ENOENT: no such file or directory, open '/Users/zeshanwain/repos/bank-stablecoin/ui/node_modules/json-rpc-engine/src/createScaffoldMiddleware.ts'

WARNING in ./node_modules/json-rpc-engine/dist/getUniqueId.js
Module Warning (from ./node_modules/source-map-loader/dist/cjs.js):
Failed to parse source map from '/Users/zeshanwain/repos/bank-stablecoin/ui/node_modules/json-rpc-engine/src/getUniqueId.ts' file: Error: ENOENT: no such file or directory, open '/Users/zeshanwain/repos/bank-stablecoin/ui/node_modules/json-rpc-engine/src/getUniqueId.ts'

WARNING in ./node_modules/json-rpc-engine/dist/idRemapMiddleware.js
Module Warning (from ./node_modules/source-map-loader/dist/cjs.js):
Failed to parse source map from '/Users/zeshanwain/repos/bank-stablecoin/ui/node_modules/json-rpc-engine/src/idRemapMiddleware.ts' file: Error: ENOENT: no such file or directory, open '/Users/zeshanwain/repos/bank-stablecoin/ui/node_modules/json-rpc-engine/src/idRemapMiddleware.ts'

WARNING in ./node_modules/json-rpc-engine/dist/index.js
Module Warning (from ./node_modules/source-map-loader/dist/cjs.js):
Failed to parse source map from '/Users/zeshanwain/repos/bank-stablecoin/ui/node_modules/json-rpc-engine/src/index.ts' file: Error: ENOENT: no such file or directory, open '/Users/zeshanwain/repos/bank-stablecoin/ui/node_modules/json-rpc-engine/src/index.ts'

WARNING in ./node_modules/json-rpc-engine/dist/mergeMiddleware.js
Module Warning (from ./node_modules/source-map-loader/dist/cjs.js):
Failed to parse source map from '/Users/zeshanwain/repos/bank-stablecoin/ui/node_modules/json-rpc-engine/src/mergeMiddleware.ts' file: Error: ENOENT: no such file or directory, open '/Users/zeshanwain/repos/bank-stablecoin/ui/node_modules/json-rpc-engine/src/mergeMiddleware.ts'

WARNING in ./node_modules/json-rpc-engine/node_modules/@metamask/safe-event-emitter/index.js
Module Warning (from ./node_modules/source-map-loader/dist/cjs.js):
Failed to parse source map from '/Users/zeshanwain/repos/bank-stablecoin/ui/node_modules/json-rpc-engine/node_modules/@metamask/safe-event-emitter/index.ts' file: Error: ENOENT: no such file or directory, open '/Users/zeshanwain/repos/bank-stablecoin/ui/node_modules/json-rpc-engine/node_modules/@metamask/safe-event-emitter/index.ts'

WARNING in ./node_modules/superstruct/dist/index.mjs
Module Warning (from ./node_modules/source-map-loader/dist/cjs.js):
Failed to parse source map from '/Users/zeshanwain/repos/bank-stablecoin/ui/node_modules/superstruct/src/error.ts' file: Error: ENOENT: no such file or directory, open '/Users/zeshanwain/repos/bank-stablecoin/ui/node_modules/superstruct/src/error.ts'

WARNING in ./node_modules/superstruct/dist/index.mjs
Module Warning (from ./node_modules/source-map-loader/dist/cjs.js):
Failed to parse source map from '/Users/zeshanwain/repos/bank-stablecoin/ui/node_modules/superstruct/src/struct.ts' file: Error: ENOENT: no such file or directory, open '/Users/zeshanwain/repos/bank-stablecoin/ui/node_modules/superstruct/src/struct.ts'

WARNING in ./node_modules/superstruct/dist/index.mjs
Module Warning (from ./node_modules/source-map-loader/dist/cjs.js):
Failed to parse source map from '/Users/zeshanwain/repos/bank-stablecoin/ui/node_modules/superstruct/src/structs/coercions.ts' file: Error: ENOENT: no such file or directory, open '/Users/zeshanwain/repos/bank-stablecoin/ui/node_modules/superstruct/src/structs/coercions.ts'

WARNING in ./node_modules/superstruct/dist/index.mjs
Module Warning (from ./node_modules/source-map-loader/dist/cjs.js):
Failed to parse source map from '/Users/zeshanwain/repos/bank-stablecoin/ui/node_modules/superstruct/src/structs/refinements.ts' file: Error: ENOENT: no such file or directory, open '/Users/zeshanwain/repos/bank-stablecoin/ui/node_modules/superstruct/src/structs/refinements.ts'

WARNING in ./node_modules/superstruct/dist/index.mjs
Module Warning (from ./node_modules/source-map-loader/dist/cjs.js):
Failed to parse source map from '/Users/zeshanwain/repos/bank-stablecoin/ui/node_modules/superstruct/src/structs/types.ts' file: Error: ENOENT: no such file or directory, open '/Users/zeshanwain/repos/bank-stablecoin/ui/node_modules/superstruct/src/structs/types.ts'

WARNING in ./node_modules/superstruct/dist/index.mjs
Module Warning (from ./node_modules/source-map-loader/dist/cjs.js):
Failed to parse source map from '/Users/zeshanwain/repos/bank-stablecoin/ui/node_modules/superstruct/src/structs/utilities.ts' file: Error: ENOENT: no such file or directory, open '/Users/zeshanwain/repos/bank-stablecoin/ui/node_modules/superstruct/src/structs/utilities.ts'

WARNING in ./node_modules/superstruct/dist/index.mjs
Module Warning (from ./node_modules/source-map-loader/dist/cjs.js):
Failed to parse source map from '/Users/zeshanwain/repos/bank-stablecoin/ui/node_modules/superstruct/src/utils.ts' file: Error: ENOENT: no such file or directory, open '/Users/zeshanwain/repos/bank-stablecoin/ui/node_modules/superstruct/src/utils.ts'

WARNING in [eslint] 
src/daml.js/40f452260bef3f29dede136108fc08a88d5a5250310281067087da6f0baddff7/lib/DA/Types/index.js
  Line 1:1:  'use strict' is unnecessary inside of modules  strict

src/daml.js/40f452260bef3f29dede136108fc08a88d5a5250310281067087da6f0baddff7/lib/DA/Types/module.js
  Line 1:1:    'use strict' is unnecessary inside of modules  strict
  Line 22:14:  Expected an error object to be thrown          no-throw-literal

src/daml.js/40f452260bef3f29dede136108fc08a88d5a5250310281067087da6f0baddff7/lib/DA/index.js
  Line 1:1:  'use strict' is unnecessary inside of modules  strict

src/daml.js/40f452260bef3f29dede136108fc08a88d5a5250310281067087da6f0baddff7/lib/index.js
  Line 1:1:  'use strict' is unnecessary inside of modules  strict

src/daml.js/bank-stablecoin-1.0.0/lib/Model/AtomicSwap/index.js
  Line 1:1:  'use strict' is unnecessary inside of modules  strict

src/daml.js/bank-stablecoin-1.0.0/lib/Model/AtomicSwap/module.js
  Line 1:1:     'use strict' is unnecessary inside of modules  strict
  Line 48:28:   Expected an error object to be thrown          no-throw-literal
  Line 124:28:  Expected an error object to be thrown          no-throw-literal
  Line 221:28:  Expected an error object to be thrown          no-throw-literal
  Line 303:28:  Expected an error object to be thrown          no-throw-literal

src/daml.js/bank-stablecoin-1.0.0/lib/Model/Compliance/index.js
  Line 1:1:  'use strict' is unnecessary inside of modules  strict

src/daml.js/bank-stablecoin-1.0.0/lib/Model/Compliance/module.js
  Line 1:1:     'use strict' is unnecessary inside of modules  strict
  Line 49:28:   Expected an error object to be thrown          no-throw-literal
  Line 111:28:  Expected an error object to be thrown          no-throw-literal
  Line 178:28:  Expected an error object to be thrown          no-throw-literal

src/daml.js/bank-stablecoin-1.0.0/lib/Model/Loan/index.js
  Line 1:1:  'use strict' is unnecessary inside of modules  strict

src/daml.js/bank-stablecoin-1.0.0/lib/Model/Loan/module.js
  Line 1:1:     'use strict' is unnecessary inside of modules  strict
  Line 48:28:   Expected an error object to be thrown          no-throw-literal
  Line 135:28:  Expected an error object to be thrown          no-throw-literal
  Line 244:28:  Expected an error object to be thrown          no-throw-literal

src/daml.js/bank-stablecoin-1.0.0/lib/Model/MultiSig/index.js
  Line 1:1:  'use strict' is unnecessary inside of modules  strict

src/daml.js/bank-stablecoin-1.0.0/lib/Model/MultiSig/module.js
  Line 1:1:     'use strict' is unnecessary inside of modules  strict
  Line 49:28:   Expected an error object to be thrown          no-throw-literal
  Line 133:28:  Expected an error object to be thrown          no-throw-literal
  Line 228:28:  Expected an error object to be thrown          no-throw-literal

src/daml.js/bank-stablecoin-1.0.0/lib/Model/RealBankAccount/index.js
  Line 1:1:  'use strict' is unnecessary inside of modules  strict

src/daml.js/bank-stablecoin-1.0.0/lib/Model/RealBankAccount/module.js
  Line 1:1:     'use strict' is unnecessary inside of modules  strict
  Line 52:28:   Expected an error object to be thrown          no-throw-literal
  Line 115:28:  Expected an error object to be thrown          no-throw-literal
  Line 188:28:  Expected an error object to be thrown          no-throw-literal
  Line 256:28:  Expected an error object to be thrown          no-throw-literal
  Line 375:28:  Expected an error object to be thrown          no-throw-literal
  Line 462:28:  Expected an error object to be thrown          no-throw-literal

src/daml.js/bank-stablecoin-1.0.0/lib/Model/Stablecoin/index.js
  Line 1:1:  'use strict' is unnecessary inside of modules  strict

src/daml.js/bank-stablecoin-1.0.0/lib/Model/Stablecoin/module.js
  Line 1:1:     'use strict' is unnecessary inside of modules  strict
  Line 23:28:   Expected an error object to be thrown          no-throw-literal
  Line 89:28:   Expected an error object to be thrown          no-throw-literal
  Line 178:28:  Expected an error object to be thrown          no-throw-literal
  Line 235:28:  Expected an error object to be thrown          no-throw-literal
  Line 304:28:  Expected an error object to be thrown          no-throw-literal
  Line 405:28:  Expected an error object to be thrown          no-throw-literal

src/daml.js/d14e08374fc7197d6a0de468c968ae8ba3aadbf9315476fd39071831f5923662/lib/DA/Internal/Template/index.js
  Line 1:1:  'use strict' is unnecessary inside of modules  strict

src/daml.js/d14e08374fc7197d6a0de468c968ae8ba3aadbf9315476fd39071831f5923662/lib/DA/Internal/Template/module.js
  Line 1:1:  'use strict' is unnecessary inside of modules  strict

src/daml.js/d14e08374fc7197d6a0de468c968ae8ba3aadbf9315476fd39071831f5923662/lib/DA/Internal/index.js
  Line 1:1:  'use strict' is unnecessary inside of modules  strict

src/daml.js/d14e08374fc7197d6a0de468c968ae8ba3aadbf9315476fd39071831f5923662/lib/DA/index.js
  Line 1:1:  'use strict' is unnecessary inside of modules  strict

src/daml.js/d14e08374fc7197d6a0de468c968ae8ba3aadbf9315476fd39071831f5923662/lib/index.js
  Line 1:1:  'use strict' is unnecessary inside of modules  strict

webpack compiled with 73 warnings
ERROR in src/contexts/WalletContext.tsx:14:29
TS2554: Expected 0 arguments, but got 1.
    12 |
    13 | // Create wagmi config
  > 14 | const config = createConfig({
       |                             ^
  > 15 |   chains: [sepolia, polygonMumbai, arbitrumSepolia, optimismSepolia],
       | ^^^^^^^^^^^^^^^^^^^^^^^^^^^^^^^^^^^^^^^^^^^^^^^^^^^^^^^^^^^^^^^^^^^^^
  > 16 |   connectors: [
       | ^^^^^^^^^^^^^^^^^^^^^^^^^^^^^^^^^^^^^^^^^^^^^^^^^^^^^^^^^^^^^^^^^^^^^
  > 17 |     injected(),
       | ^^^^^^^^^^^^^^^^^^^^^^^^^^^^^^^^^^^^^^^^^^^^^^^^^^^^^^^^^^^^^^^^^^^^^
  > 18 |     walletConnect({
       | ^^^^^^^^^^^^^^^^^^^^^^^^^^^^^^^^^^^^^^^^^^^^^^^^^^^^^^^^^^^^^^^^^^^^^
  > 19 |       projectId: '0a3fc14c4ea735512ac97ba826580151',
       | ^^^^^^^^^^^^^^^^^^^^^^^^^^^^^^^^^^^^^^^^^^^^^^^^^^^^^^^^^^^^^^^^^^^^^
  > 20 |     }),
       | ^^^^^^^^^^^^^^^^^^^^^^^^^^^^^^^^^^^^^^^^^^^^^^^^^^^^^^^^^^^^^^^^^^^^^
  > 21 |   ],
       | ^^^^^^^^^^^^^^^^^^^^^^^^^^^^^^^^^^^^^^^^^^^^^^^^^^^^^^^^^^^^^^^^^^^^^
  > 22 |   transports: {
       | ^^^^^^^^^^^^^^^^^^^^^^^^^^^^^^^^^^^^^^^^^^^^^^^^^^^^^^^^^^^^^^^^^^^^^
  > 23 |     [sepolia.id]: http(),
       | ^^^^^^^^^^^^^^^^^^^^^^^^^^^^^^^^^^^^^^^^^^^^^^^^^^^^^^^^^^^^^^^^^^^^^
  > 24 |     [polygonMumbai.id]: http(),
       | ^^^^^^^^^^^^^^^^^^^^^^^^^^^^^^^^^^^^^^^^^^^^^^^^^^^^^^^^^^^^^^^^^^^^^
  > 25 |     [arbitrumSepolia.id]: http(),
       | ^^^^^^^^^^^^^^^^^^^^^^^^^^^^^^^^^^^^^^^^^^^^^^^^^^^^^^^^^^^^^^^^^^^^^
  > 26 |     [optimismSepolia.id]: http(),
       | ^^^^^^^^^^^^^^^^^^^^^^^^^^^^^^^^^^^^^^^^^^^^^^^^^^^^^^^^^^^^^^^^^^^^^
  > 27 |   },
       | ^^^^^^^^^^^^^^^^^^^^^^^^^^^^^^^^^^^^^^^^^^^^^^^^^^^^^^^^^^^^^^^^^^^^^
  > 28 | });
       | ^^
    29 |
    30 | interface WalletContextType {
    31 |   address?: `0x${string}`;

Compiling...
Compiled with warnings.

Failed to parse source map from '/Users/zeshanwain/language-support/ts/daml-ledger/index.ts' file: Error: ENOENT: no such file or directory, open '/Users/zeshanwain/language-support/ts/daml-ledger/index.ts'

Failed to parse source map from '/Users/zeshanwain/language-support/ts/daml-react/createLedgerContext.ts' file: Error: ENOENT: no such file or directory, open '/Users/zeshanwain/language-support/ts/daml-react/createLedgerContext.ts'

Failed to parse source map from '/Users/zeshanwain/language-support/ts/daml-react/defaultLedgerContext.ts' file: Error: ENOENT: no such file or directory, open '/Users/zeshanwain/language-support/ts/daml-react/defaultLedgerContext.ts'

Failed to parse source map from '/Users/zeshanwain/language-support/ts/daml-react/index.ts' file: Error: ENOENT: no such file or directory, open '/Users/zeshanwain/language-support/ts/daml-react/index.ts'

Failed to parse source map from '/Users/zeshanwain/language-support/ts/daml-types/index.ts' file: Error: ENOENT: no such file or directory, open '/Users/zeshanwain/language-support/ts/daml-types/index.ts'

Failed to parse source map from '/Users/zeshanwain/repos/bank-stablecoin/ui/node_modules/@metamask/safe-event-emitter/index.ts' file: Error: ENOENT: no such file or directory, open '/Users/zeshanwain/repos/bank-stablecoin/ui/node_modules/@metamask/safe-event-emitter/index.ts'

Failed to parse source map from '/Users/zeshanwain/repos/bank-stablecoin/ui/node_modules/@safe-global/safe-gateway-typescript-sdk/src/config.ts' file: Error: ENOENT: no such file or directory, open '/Users/zeshanwain/repos/bank-stablecoin/ui/node_modules/@safe-global/safe-gateway-typescript-sdk/src/config.ts'

Failed to parse source map from '/Users/zeshanwain/repos/bank-stablecoin/ui/node_modules/@safe-global/safe-gateway-typescript-sdk/src/endpoint.ts' file: Error: ENOENT: no such file or directory, open '/Users/zeshanwain/repos/bank-stablecoin/ui/node_modules/@safe-global/safe-gateway-typescript-sdk/src/endpoint.ts'

Failed to parse source map from '/Users/zeshanwain/repos/bank-stablecoin/ui/node_modules/@safe-global/safe-gateway-typescript-sdk/src/index.ts' file: Error: ENOENT: no such file or directory, open '/Users/zeshanwain/repos/bank-stablecoin/ui/node_modules/@safe-global/safe-gateway-typescript-sdk/src/index.ts'

Failed to parse source map from '/Users/zeshanwain/repos/bank-stablecoin/ui/node_modules/@safe-global/safe-gateway-typescript-sdk/src/types/chains.ts' file: Error: ENOENT: no such file or directory, open '/Users/zeshanwain/repos/bank-stablecoin/ui/node_modules/@safe-global/safe-gateway-typescript-sdk/src/types/chains.ts'

Failed to parse source map from '/Users/zeshanwain/repos/bank-stablecoin/ui/node_modules/@safe-global/safe-gateway-typescript-sdk/src/types/common.ts' file: Error: ENOENT: no such file or directory, open '/Users/zeshanwain/repos/bank-stablecoin/ui/node_modules/@safe-global/safe-gateway-typescript-sdk/src/types/common.ts'

Failed to parse source map from '/Users/zeshanwain/repos/bank-stablecoin/ui/node_modules/@safe-global/safe-gateway-typescript-sdk/src/types/decoded-data.ts' file: Error: ENOENT: no such file or directory, open '/Users/zeshanwain/repos/bank-stablecoin/ui/node_modules/@safe-global/safe-gateway-typescript-sdk/src/types/decoded-data.ts'

Failed to parse source map from '/Users/zeshanwain/repos/bank-stablecoin/ui/node_modules/@safe-global/safe-gateway-typescript-sdk/src/types/master-copies.ts' file: Error: ENOENT: no such file or directory, open '/Users/zeshanwain/repos/bank-stablecoin/ui/node_modules/@safe-global/safe-gateway-typescript-sdk/src/types/master-copies.ts'

Failed to parse source map from '/Users/zeshanwain/repos/bank-stablecoin/ui/node_modules/@safe-global/safe-gateway-typescript-sdk/src/types/notifications.ts' file: Error: ENOENT: no such file or directory, open '/Users/zeshanwain/repos/bank-stablecoin/ui/node_modules/@safe-global/safe-gateway-typescript-sdk/src/types/notifications.ts'

Failed to parse source map from '/Users/zeshanwain/repos/bank-stablecoin/ui/node_modules/@safe-global/safe-gateway-typescript-sdk/src/types/relay.ts' file: Error: ENOENT: no such file or directory, open '/Users/zeshanwain/repos/bank-stablecoin/ui/node_modules/@safe-global/safe-gateway-typescript-sdk/src/types/relay.ts'

Failed to parse source map from '/Users/zeshanwain/repos/bank-stablecoin/ui/node_modules/@safe-global/safe-gateway-typescript-sdk/src/types/safe-apps.ts' file: Error: ENOENT: no such file or directory, open '/Users/zeshanwain/repos/bank-stablecoin/ui/node_modules/@safe-global/safe-gateway-typescript-sdk/src/types/safe-apps.ts'

Failed to parse source map from '/Users/zeshanwain/repos/bank-stablecoin/ui/node_modules/@safe-global/safe-gateway-typescript-sdk/src/types/safe-info.ts' file: Error: ENOENT: no such file or directory, open '/Users/zeshanwain/repos/bank-stablecoin/ui/node_modules/@safe-global/safe-gateway-typescript-sdk/src/types/safe-info.ts'

Failed to parse source map from '/Users/zeshanwain/repos/bank-stablecoin/ui/node_modules/@safe-global/safe-gateway-typescript-sdk/src/types/safe-messages.ts' file: Error: ENOENT: no such file or directory, open '/Users/zeshanwain/repos/bank-stablecoin/ui/node_modules/@safe-global/safe-gateway-typescript-sdk/src/types/safe-messages.ts'

Failed to parse source map from '/Users/zeshanwain/repos/bank-stablecoin/ui/node_modules/@safe-global/safe-gateway-typescript-sdk/src/types/transactions.ts' file: Error: ENOENT: no such file or directory, open '/Users/zeshanwain/repos/bank-stablecoin/ui/node_modules/@safe-global/safe-gateway-typescript-sdk/src/types/transactions.ts'

Failed to parse source map from '/Users/zeshanwain/repos/bank-stablecoin/ui/node_modules/@safe-global/safe-gateway-typescript-sdk/src/utils.ts' file: Error: ENOENT: no such file or directory, open '/Users/zeshanwain/repos/bank-stablecoin/ui/node_modules/@safe-global/safe-gateway-typescript-sdk/src/utils.ts'

Failed to parse source map from '/Users/zeshanwain/repos/bank-stablecoin/ui/node_modules/@walletconnect/environment/src/crypto.ts' file: Error: ENOENT: no such file or directory, open '/Users/zeshanwain/repos/bank-stablecoin/ui/node_modules/@walletconnect/environment/src/crypto.ts'

Failed to parse source map from '/Users/zeshanwain/repos/bank-stablecoin/ui/node_modules/@walletconnect/environment/src/env.ts' file: Error: ENOENT: no such file or directory, open '/Users/zeshanwain/repos/bank-stablecoin/ui/node_modules/@walletconnect/environment/src/env.ts'

Failed to parse source map from '/Users/zeshanwain/repos/bank-stablecoin/ui/node_modules/@walletconnect/environment/src/index.ts' file: Error: ENOENT: no such file or directory, open '/Users/zeshanwain/repos/bank-stablecoin/ui/node_modules/@walletconnect/environment/src/index.ts'

Failed to parse source map from '/Users/zeshanwain/repos/bank-stablecoin/ui/node_modules/@walletconnect/events/src/events.ts' file: Error: ENOENT: no such file or directory, open '/Users/zeshanwain/repos/bank-stablecoin/ui/node_modules/@walletconnect/events/src/events.ts'

Failed to parse source map from '/Users/zeshanwain/repos/bank-stablecoin/ui/node_modules/@walletconnect/events/src/index.ts' file: Error: ENOENT: no such file or directory, open '/Users/zeshanwain/repos/bank-stablecoin/ui/node_modules/@walletconnect/events/src/index.ts'

Failed to parse source map from '/Users/zeshanwain/repos/bank-stablecoin/ui/node_modules/@walletconnect/jsonrpc-utils/src/constants.ts' file: Error: ENOENT: no such file or directory, open '/Users/zeshanwain/repos/bank-stablecoin/ui/node_modules/@walletconnect/jsonrpc-utils/src/constants.ts'

Failed to parse source map from '/Users/zeshanwain/repos/bank-stablecoin/ui/node_modules/@walletconnect/jsonrpc-utils/src/env.ts' file: Error: ENOENT: no such file or directory, open '/Users/zeshanwain/repos/bank-stablecoin/ui/node_modules/@walletconnect/jsonrpc-utils/src/env.ts'

Failed to parse source map from '/Users/zeshanwain/repos/bank-stablecoin/ui/node_modules/@walletconnect/jsonrpc-utils/src/error.ts' file: Error: ENOENT: no such file or directory, open '/Users/zeshanwain/repos/bank-stablecoin/ui/node_modules/@walletconnect/jsonrpc-utils/src/error.ts'

Failed to parse source map from '/Users/zeshanwain/repos/bank-stablecoin/ui/node_modules/@walletconnect/jsonrpc-utils/src/format.ts' file: Error: ENOENT: no such file or directory, open '/Users/zeshanwain/repos/bank-stablecoin/ui/node_modules/@walletconnect/jsonrpc-utils/src/format.ts'

Failed to parse source map from '/Users/zeshanwain/repos/bank-stablecoin/ui/node_modules/@walletconnect/jsonrpc-utils/src/index.ts' file: Error: ENOENT: no such file or directory, open '/Users/zeshanwain/repos/bank-stablecoin/ui/node_modules/@walletconnect/jsonrpc-utils/src/index.ts'

Failed to parse source map from '/Users/zeshanwain/repos/bank-stablecoin/ui/node_modules/@walletconnect/jsonrpc-utils/src/routing.ts' file: Error: ENOENT: no such file or directory, open '/Users/zeshanwain/repos/bank-stablecoin/ui/node_modules/@walletconnect/jsonrpc-utils/src/routing.ts'

Failed to parse source map from '/Users/zeshanwain/repos/bank-stablecoin/ui/node_modules/@walletconnect/jsonrpc-utils/src/types.ts' file: Error: ENOENT: no such file or directory, open '/Users/zeshanwain/repos/bank-stablecoin/ui/node_modules/@walletconnect/jsonrpc-utils/src/types.ts'

Failed to parse source map from '/Users/zeshanwain/repos/bank-stablecoin/ui/node_modules/@walletconnect/jsonrpc-utils/src/url.ts' file: Error: ENOENT: no such file or directory, open '/Users/zeshanwain/repos/bank-stablecoin/ui/node_modules/@walletconnect/jsonrpc-utils/src/url.ts'

Failed to parse source map from '/Users/zeshanwain/repos/bank-stablecoin/ui/node_modules/@walletconnect/jsonrpc-utils/src/validators.ts' file: Error: ENOENT: no such file or directory, open '/Users/zeshanwain/repos/bank-stablecoin/ui/node_modules/@walletconnect/jsonrpc-utils/src/validators.ts'

Failed to parse source map from '/Users/zeshanwain/repos/bank-stablecoin/ui/node_modules/@walletconnect/relay-auth/src/api.ts' file: Error: ENOENT: no such file or directory, open '/Users/zeshanwain/repos/bank-stablecoin/ui/node_modules/@walletconnect/relay-auth/src/api.ts'

Failed to parse source map from '/Users/zeshanwain/repos/bank-stablecoin/ui/node_modules/@walletconnect/relay-auth/src/constants.ts' file: Error: ENOENT: no such file or directory, open '/Users/zeshanwain/repos/bank-stablecoin/ui/node_modules/@walletconnect/relay-auth/src/constants.ts'

Failed to parse source map from '/Users/zeshanwain/repos/bank-stablecoin/ui/node_modules/@walletconnect/relay-auth/src/index.ts' file: Error: ENOENT: no such file or directory, open '/Users/zeshanwain/repos/bank-stablecoin/ui/node_modules/@walletconnect/relay-auth/src/index.ts'

Failed to parse source map from '/Users/zeshanwain/repos/bank-stablecoin/ui/node_modules/@walletconnect/relay-auth/src/types.ts' file: Error: ENOENT: no such file or directory, open '/Users/zeshanwain/repos/bank-stablecoin/ui/node_modules/@walletconnect/relay-auth/src/types.ts'

Failed to parse source map from '/Users/zeshanwain/repos/bank-stablecoin/ui/node_modules/@walletconnect/relay-auth/src/utils.ts' file: Error: ENOENT: no such file or directory, open '/Users/zeshanwain/repos/bank-stablecoin/ui/node_modules/@walletconnect/relay-auth/src/utils.ts'

Failed to parse source map from '/Users/zeshanwain/repos/bank-stablecoin/ui/node_modules/@walletconnect/safe-json/src/index.ts' file: Error: ENOENT: no such file or directory, open '/Users/zeshanwain/repos/bank-stablecoin/ui/node_modules/@walletconnect/safe-json/src/index.ts'

Failed to parse source map from '/Users/zeshanwain/repos/bank-stablecoin/ui/node_modules/@walletconnect/time/src/constants/index.ts' file: Error: ENOENT: no such file or directory, open '/Users/zeshanwain/repos/bank-stablecoin/ui/node_modules/@walletconnect/time/src/constants/index.ts'

Failed to parse source map from '/Users/zeshanwain/repos/bank-stablecoin/ui/node_modules/@walletconnect/time/src/constants/misc.ts' file: Error: ENOENT: no such file or directory, open '/Users/zeshanwain/repos/bank-stablecoin/ui/node_modules/@walletconnect/time/src/constants/misc.ts'

Failed to parse source map from '/Users/zeshanwain/repos/bank-stablecoin/ui/node_modules/@walletconnect/time/src/constants/time.ts' file: Error: ENOENT: no such file or directory, open '/Users/zeshanwain/repos/bank-stablecoin/ui/node_modules/@walletconnect/time/src/constants/time.ts'

Failed to parse source map from '/Users/zeshanwain/repos/bank-stablecoin/ui/node_modules/@walletconnect/time/src/index.ts' file: Error: ENOENT: no such file or directory, open '/Users/zeshanwain/repos/bank-stablecoin/ui/node_modules/@walletconnect/time/src/index.ts'

Failed to parse source map from '/Users/zeshanwain/repos/bank-stablecoin/ui/node_modules/@walletconnect/time/src/types/index.ts' file: Error: ENOENT: no such file or directory, open '/Users/zeshanwain/repos/bank-stablecoin/ui/node_modules/@walletconnect/time/src/types/index.ts'

Failed to parse source map from '/Users/zeshanwain/repos/bank-stablecoin/ui/node_modules/@walletconnect/time/src/types/watch.ts' file: Error: ENOENT: no such file or directory, open '/Users/zeshanwain/repos/bank-stablecoin/ui/node_modules/@walletconnect/time/src/types/watch.ts'

Failed to parse source map from '/Users/zeshanwain/repos/bank-stablecoin/ui/node_modules/@walletconnect/time/src/utils/convert.ts' file: Error: ENOENT: no such file or directory, open '/Users/zeshanwain/repos/bank-stablecoin/ui/node_modules/@walletconnect/time/src/utils/convert.ts'

Failed to parse source map from '/Users/zeshanwain/repos/bank-stablecoin/ui/node_modules/@walletconnect/time/src/utils/delay.ts' file: Error: ENOENT: no such file or directory, open '/Users/zeshanwain/repos/bank-stablecoin/ui/node_modules/@walletconnect/time/src/utils/delay.ts'

Failed to parse source map from '/Users/zeshanwain/repos/bank-stablecoin/ui/node_modules/@walletconnect/time/src/utils/index.ts' file: Error: ENOENT: no such file or directory, open '/Users/zeshanwain/repos/bank-stablecoin/ui/node_modules/@walletconnect/time/src/utils/index.ts'

Failed to parse source map from '/Users/zeshanwain/repos/bank-stablecoin/ui/node_modules/@walletconnect/time/src/watch.ts' file: Error: ENOENT: no such file or directory, open '/Users/zeshanwain/repos/bank-stablecoin/ui/node_modules/@walletconnect/time/src/watch.ts'

Failed to parse source map from '/Users/zeshanwain/repos/bank-stablecoin/ui/node_modules/@walletconnect/window-getters/src/index.ts' file: Error: ENOENT: no such file or directory, open '/Users/zeshanwain/repos/bank-stablecoin/ui/node_modules/@walletconnect/window-getters/src/index.ts'

Failed to parse source map from '/Users/zeshanwain/repos/bank-stablecoin/ui/node_modules/@walletconnect/window-metadata/src/index.ts' file: Error: ENOENT: no such file or directory, open '/Users/zeshanwain/repos/bank-stablecoin/ui/node_modules/@walletconnect/window-metadata/src/index.ts'

Failed to parse source map from '/Users/zeshanwain/repos/bank-stablecoin/ui/node_modules/eth-rpc-errors/src/classes.ts' file: Error: ENOENT: no such file or directory, open '/Users/zeshanwain/repos/bank-stablecoin/ui/node_modules/eth-rpc-errors/src/classes.ts'

Failed to parse source map from '/Users/zeshanwain/repos/bank-stablecoin/ui/node_modules/eth-rpc-errors/src/error-constants.ts' file: Error: ENOENT: no such file or directory, open '/Users/zeshanwain/repos/bank-stablecoin/ui/node_modules/eth-rpc-errors/src/error-constants.ts'

Failed to parse source map from '/Users/zeshanwain/repos/bank-stablecoin/ui/node_modules/eth-rpc-errors/src/errors.ts' file: Error: ENOENT: no such file or directory, open '/Users/zeshanwain/repos/bank-stablecoin/ui/node_modules/eth-rpc-errors/src/errors.ts'

Failed to parse source map from '/Users/zeshanwain/repos/bank-stablecoin/ui/node_modules/eth-rpc-errors/src/index.ts' file: Error: ENOENT: no such file or directory, open '/Users/zeshanwain/repos/bank-stablecoin/ui/node_modules/eth-rpc-errors/src/index.ts'

Failed to parse source map from '/Users/zeshanwain/repos/bank-stablecoin/ui/node_modules/eth-rpc-errors/src/utils.ts' file: Error: ENOENT: no such file or directory, open '/Users/zeshanwain/repos/bank-stablecoin/ui/node_modules/eth-rpc-errors/src/utils.ts'

Failed to parse source map from '/Users/zeshanwain/repos/bank-stablecoin/ui/node_modules/json-rpc-engine/src/JsonRpcEngine.ts' file: Error: ENOENT: no such file or directory, open '/Users/zeshanwain/repos/bank-stablecoin/ui/node_modules/json-rpc-engine/src/JsonRpcEngine.ts'

Failed to parse source map from '/Users/zeshanwain/repos/bank-stablecoin/ui/node_modules/json-rpc-engine/src/createAsyncMiddleware.ts' file: Error: ENOENT: no such file or directory, open '/Users/zeshanwain/repos/bank-stablecoin/ui/node_modules/json-rpc-engine/src/createAsyncMiddleware.ts'

Failed to parse source map from '/Users/zeshanwain/repos/bank-stablecoin/ui/node_modules/json-rpc-engine/src/createScaffoldMiddleware.ts' file: Error: ENOENT: no such file or directory, open '/Users/zeshanwain/repos/bank-stablecoin/ui/node_modules/json-rpc-engine/src/createScaffoldMiddleware.ts'

Failed to parse source map from '/Users/zeshanwain/repos/bank-stablecoin/ui/node_modules/json-rpc-engine/src/getUniqueId.ts' file: Error: ENOENT: no such file or directory, open '/Users/zeshanwain/repos/bank-stablecoin/ui/node_modules/json-rpc-engine/src/getUniqueId.ts'

Failed to parse source map from '/Users/zeshanwain/repos/bank-stablecoin/ui/node_modules/json-rpc-engine/src/idRemapMiddleware.ts' file: Error: ENOENT: no such file or directory, open '/Users/zeshanwain/repos/bank-stablecoin/ui/node_modules/json-rpc-engine/src/idRemapMiddleware.ts'

Failed to parse source map from '/Users/zeshanwain/repos/bank-stablecoin/ui/node_modules/json-rpc-engine/src/index.ts' file: Error: ENOENT: no such file or directory, open '/Users/zeshanwain/repos/bank-stablecoin/ui/node_modules/json-rpc-engine/src/index.ts'

Failed to parse source map from '/Users/zeshanwain/repos/bank-stablecoin/ui/node_modules/json-rpc-engine/src/mergeMiddleware.ts' file: Error: ENOENT: no such file or directory, open '/Users/zeshanwain/repos/bank-stablecoin/ui/node_modules/json-rpc-engine/src/mergeMiddleware.ts'

Failed to parse source map from '/Users/zeshanwain/repos/bank-stablecoin/ui/node_modules/json-rpc-engine/node_modules/@metamask/safe-event-emitter/index.ts' file: Error: ENOENT: no such file or directory, open '/Users/zeshanwain/repos/bank-stablecoin/ui/node_modules/json-rpc-engine/node_modules/@metamask/safe-event-emitter/index.ts'

Failed to parse source map from '/Users/zeshanwain/repos/bank-stablecoin/ui/node_modules/superstruct/src/error.ts' file: Error: ENOENT: no such file or directory, open '/Users/zeshanwain/repos/bank-stablecoin/ui/node_modules/superstruct/src/error.ts'

Failed to parse source map from '/Users/zeshanwain/repos/bank-stablecoin/ui/node_modules/superstruct/src/struct.ts' file: Error: ENOENT: no such file or directory, open '/Users/zeshanwain/repos/bank-stablecoin/ui/node_modules/superstruct/src/struct.ts'

Failed to parse source map from '/Users/zeshanwain/repos/bank-stablecoin/ui/node_modules/superstruct/src/structs/coercions.ts' file: Error: ENOENT: no such file or directory, open '/Users/zeshanwain/repos/bank-stablecoin/ui/node_modules/superstruct/src/structs/coercions.ts'

Failed to parse source map from '/Users/zeshanwain/repos/bank-stablecoin/ui/node_modules/superstruct/src/structs/refinements.ts' file: Error: ENOENT: no such file or directory, open '/Users/zeshanwain/repos/bank-stablecoin/ui/node_modules/superstruct/src/structs/refinements.ts'

Failed to parse source map from '/Users/zeshanwain/repos/bank-stablecoin/ui/node_modules/superstruct/src/structs/types.ts' file: Error: ENOENT: no such file or directory, open '/Users/zeshanwain/repos/bank-stablecoin/ui/node_modules/superstruct/src/structs/types.ts'

Failed to parse source map from '/Users/zeshanwain/repos/bank-stablecoin/ui/node_modules/superstruct/src/structs/utilities.ts' file: Error: ENOENT: no such file or directory, open '/Users/zeshanwain/repos/bank-stablecoin/ui/node_modules/superstruct/src/structs/utilities.ts'

Failed to parse source map from '/Users/zeshanwain/repos/bank-stablecoin/ui/node_modules/superstruct/src/utils.ts' file: Error: ENOENT: no such file or directory, open '/Users/zeshanwain/repos/bank-stablecoin/ui/node_modules/superstruct/src/utils.ts'

[eslint] 
src/daml.js/40f452260bef3f29dede136108fc08a88d5a5250310281067087da6f0baddff7/lib/DA/Types/index.js
  Line 1:1:  'use strict' is unnecessary inside of modules  strict

src/daml.js/40f452260bef3f29dede136108fc08a88d5a5250310281067087da6f0baddff7/lib/DA/Types/module.js
  Line 1:1:    'use strict' is unnecessary inside of modules  strict
  Line 22:14:  Expected an error object to be thrown          no-throw-literal

src/daml.js/40f452260bef3f29dede136108fc08a88d5a5250310281067087da6f0baddff7/lib/DA/index.js
  Line 1:1:  'use strict' is unnecessary inside of modules  strict

src/daml.js/40f452260bef3f29dede136108fc08a88d5a5250310281067087da6f0baddff7/lib/index.js
  Line 1:1:  'use strict' is unnecessary inside of modules  strict

src/daml.js/bank-stablecoin-1.0.0/lib/Model/AtomicSwap/index.js
  Line 1:1:  'use strict' is unnecessary inside of modules  strict

src/daml.js/bank-stablecoin-1.0.0/lib/Model/AtomicSwap/module.js
  Line 1:1:     'use strict' is unnecessary inside of modules  strict
  Line 48:28:   Expected an error object to be thrown          no-throw-literal
  Line 124:28:  Expected an error object to be thrown          no-throw-literal
  Line 221:28:  Expected an error object to be thrown          no-throw-literal
  Line 303:28:  Expected an error object to be thrown          no-throw-literal

src/daml.js/bank-stablecoin-1.0.0/lib/Model/Compliance/index.js
  Line 1:1:  'use strict' is unnecessary inside of modules  strict

src/daml.js/bank-stablecoin-1.0.0/lib/Model/Compliance/module.js
  Line 1:1:     'use strict' is unnecessary inside of modules  strict
  Line 49:28:   Expected an error object to be thrown          no-throw-literal
  Line 111:28:  Expected an error object to be thrown          no-throw-literal
  Line 178:28:  Expected an error object to be thrown          no-throw-literal

src/daml.js/bank-stablecoin-1.0.0/lib/Model/Loan/index.js
  Line 1:1:  'use strict' is unnecessary inside of modules  strict

src/daml.js/bank-stablecoin-1.0.0/lib/Model/Loan/module.js
  Line 1:1:     'use strict' is unnecessary inside of modules  strict
  Line 48:28:   Expected an error object to be thrown          no-throw-literal
  Line 135:28:  Expected an error object to be thrown          no-throw-literal
  Line 244:28:  Expected an error object to be thrown          no-throw-literal

src/daml.js/bank-stablecoin-1.0.0/lib/Model/MultiSig/index.js
  Line 1:1:  'use strict' is unnecessary inside of modules  strict

src/daml.js/bank-stablecoin-1.0.0/lib/Model/MultiSig/module.js
  Line 1:1:     'use strict' is unnecessary inside of modules  strict
  Line 49:28:   Expected an error object to be thrown          no-throw-literal
  Line 133:28:  Expected an error object to be thrown          no-throw-literal
  Line 228:28:  Expected an error object to be thrown          no-throw-literal

src/daml.js/bank-stablecoin-1.0.0/lib/Model/RealBankAccount/index.js
  Line 1:1:  'use strict' is unnecessary inside of modules  strict

src/daml.js/bank-stablecoin-1.0.0/lib/Model/RealBankAccount/module.js
  Line 1:1:     'use strict' is unnecessary inside of modules  strict
  Line 52:28:   Expected an error object to be thrown          no-throw-literal
  Line 115:28:  Expected an error object to be thrown          no-throw-literal
  Line 188:28:  Expected an error object to be thrown          no-throw-literal
  Line 256:28:  Expected an error object to be thrown          no-throw-literal
  Line 375:28:  Expected an error object to be thrown          no-throw-literal
  Line 462:28:  Expected an error object to be thrown          no-throw-literal

src/daml.js/bank-stablecoin-1.0.0/lib/Model/Stablecoin/index.js
  Line 1:1:  'use strict' is unnecessary inside of modules  strict

src/daml.js/bank-stablecoin-1.0.0/lib/Model/Stablecoin/module.js
  Line 1:1:     'use strict' is unnecessary inside of modules  strict
  Line 23:28:   Expected an error object to be thrown          no-throw-literal
  Line 89:28:   Expected an error object to be thrown          no-throw-literal
  Line 178:28:  Expected an error object to be thrown          no-throw-literal
  Line 235:28:  Expected an error object to be thrown          no-throw-literal
  Line 304:28:  Expected an error object to be thrown          no-throw-literal
  Line 405:28:  Expected an error object to be thrown          no-throw-literal

src/daml.js/d14e08374fc7197d6a0de468c968ae8ba3aadbf9315476fd39071831f5923662/lib/DA/Internal/Template/index.js
  Line 1:1:  'use strict' is unnecessary inside of modules  strict

src/daml.js/d14e08374fc7197d6a0de468c968ae8ba3aadbf9315476fd39071831f5923662/lib/DA/Internal/Template/module.js
  Line 1:1:  'use strict' is unnecessary inside of modules  strict

src/daml.js/d14e08374fc7197d6a0de468c968ae8ba3aadbf9315476fd39071831f5923662/lib/DA/Internal/index.js
  Line 1:1:  'use strict' is unnecessary inside of modules  strict

src/daml.js/d14e08374fc7197d6a0de468c968ae8ba3aadbf9315476fd39071831f5923662/lib/DA/index.js
  Line 1:1:  'use strict' is unnecessary inside of modules  strict

src/daml.js/d14e08374fc7197d6a0de468c968ae8ba3aadbf9315476fd39071831f5923662/lib/index.js
  Line 1:1:  'use strict' is unnecessary inside of modules  strict

Search for the keywords to learn more about each warning.
To ignore, add // eslint-disable-next-line to the line before.

WARNING in ./node_modules/@daml/ledger/index.js
Module Warning (from ./node_modules/source-map-loader/dist/cjs.js):
Failed to parse source map from '/Users/zeshanwain/language-support/ts/daml-ledger/index.ts' file: Error: ENOENT: no such file or directory, open '/Users/zeshanwain/language-support/ts/daml-ledger/index.ts'

WARNING in ./node_modules/@daml/react/createLedgerContext.js
Module Warning (from ./node_modules/source-map-loader/dist/cjs.js):
Failed to parse source map from '/Users/zeshanwain/language-support/ts/daml-react/createLedgerContext.ts' file: Error: ENOENT: no such file or directory, open '/Users/zeshanwain/language-support/ts/daml-react/createLedgerContext.ts'

WARNING in ./node_modules/@daml/react/defaultLedgerContext.js
Module Warning (from ./node_modules/source-map-loader/dist/cjs.js):
Failed to parse source map from '/Users/zeshanwain/language-support/ts/daml-react/defaultLedgerContext.ts' file: Error: ENOENT: no such file or directory, open '/Users/zeshanwain/language-support/ts/daml-react/defaultLedgerContext.ts'

WARNING in ./node_modules/@daml/react/index.js
Module Warning (from ./node_modules/source-map-loader/dist/cjs.js):
Failed to parse source map from '/Users/zeshanwain/language-support/ts/daml-react/index.ts' file: Error: ENOENT: no such file or directory, open '/Users/zeshanwain/language-support/ts/daml-react/index.ts'

WARNING in ./node_modules/@daml/types/index.js
Module Warning (from ./node_modules/source-map-loader/dist/cjs.js):
Failed to parse source map from '/Users/zeshanwain/language-support/ts/daml-types/index.ts' file: Error: ENOENT: no such file or directory, open '/Users/zeshanwain/language-support/ts/daml-types/index.ts'

WARNING in ./node_modules/@metamask/safe-event-emitter/dist/cjs/index.js
Module Warning (from ./node_modules/source-map-loader/dist/cjs.js):
Failed to parse source map from '/Users/zeshanwain/repos/bank-stablecoin/ui/node_modules/@metamask/safe-event-emitter/index.ts' file: Error: ENOENT: no such file or directory, open '/Users/zeshanwain/repos/bank-stablecoin/ui/node_modules/@metamask/safe-event-emitter/index.ts'

WARNING in ./node_modules/@safe-global/safe-gateway-typescript-sdk/dist/config.js
Module Warning (from ./node_modules/source-map-loader/dist/cjs.js):
Failed to parse source map from '/Users/zeshanwain/repos/bank-stablecoin/ui/node_modules/@safe-global/safe-gateway-typescript-sdk/src/config.ts' file: Error: ENOENT: no such file or directory, open '/Users/zeshanwain/repos/bank-stablecoin/ui/node_modules/@safe-global/safe-gateway-typescript-sdk/src/config.ts'

WARNING in ./node_modules/@safe-global/safe-gateway-typescript-sdk/dist/endpoint.js
Module Warning (from ./node_modules/source-map-loader/dist/cjs.js):
Failed to parse source map from '/Users/zeshanwain/repos/bank-stablecoin/ui/node_modules/@safe-global/safe-gateway-typescript-sdk/src/endpoint.ts' file: Error: ENOENT: no such file or directory, open '/Users/zeshanwain/repos/bank-stablecoin/ui/node_modules/@safe-global/safe-gateway-typescript-sdk/src/endpoint.ts'

WARNING in ./node_modules/@safe-global/safe-gateway-typescript-sdk/dist/index.js
Module Warning (from ./node_modules/source-map-loader/dist/cjs.js):
Failed to parse source map from '/Users/zeshanwain/repos/bank-stablecoin/ui/node_modules/@safe-global/safe-gateway-typescript-sdk/src/index.ts' file: Error: ENOENT: no such file or directory, open '/Users/zeshanwain/repos/bank-stablecoin/ui/node_modules/@safe-global/safe-gateway-typescript-sdk/src/index.ts'

WARNING in ./node_modules/@safe-global/safe-gateway-typescript-sdk/dist/types/chains.js
Module Warning (from ./node_modules/source-map-loader/dist/cjs.js):
Failed to parse source map from '/Users/zeshanwain/repos/bank-stablecoin/ui/node_modules/@safe-global/safe-gateway-typescript-sdk/src/types/chains.ts' file: Error: ENOENT: no such file or directory, open '/Users/zeshanwain/repos/bank-stablecoin/ui/node_modules/@safe-global/safe-gateway-typescript-sdk/src/types/chains.ts'

WARNING in ./node_modules/@safe-global/safe-gateway-typescript-sdk/dist/types/common.js
Module Warning (from ./node_modules/source-map-loader/dist/cjs.js):
Failed to parse source map from '/Users/zeshanwain/repos/bank-stablecoin/ui/node_modules/@safe-global/safe-gateway-typescript-sdk/src/types/common.ts' file: Error: ENOENT: no such file or directory, open '/Users/zeshanwain/repos/bank-stablecoin/ui/node_modules/@safe-global/safe-gateway-typescript-sdk/src/types/common.ts'

WARNING in ./node_modules/@safe-global/safe-gateway-typescript-sdk/dist/types/decoded-data.js
Module Warning (from ./node_modules/source-map-loader/dist/cjs.js):
Failed to parse source map from '/Users/zeshanwain/repos/bank-stablecoin/ui/node_modules/@safe-global/safe-gateway-typescript-sdk/src/types/decoded-data.ts' file: Error: ENOENT: no such file or directory, open '/Users/zeshanwain/repos/bank-stablecoin/ui/node_modules/@safe-global/safe-gateway-typescript-sdk/src/types/decoded-data.ts'

WARNING in ./node_modules/@safe-global/safe-gateway-typescript-sdk/dist/types/master-copies.js
Module Warning (from ./node_modules/source-map-loader/dist/cjs.js):
Failed to parse source map from '/Users/zeshanwain/repos/bank-stablecoin/ui/node_modules/@safe-global/safe-gateway-typescript-sdk/src/types/master-copies.ts' file: Error: ENOENT: no such file or directory, open '/Users/zeshanwain/repos/bank-stablecoin/ui/node_modules/@safe-global/safe-gateway-typescript-sdk/src/types/master-copies.ts'

WARNING in ./node_modules/@safe-global/safe-gateway-typescript-sdk/dist/types/notifications.js
Module Warning (from ./node_modules/source-map-loader/dist/cjs.js):
Failed to parse source map from '/Users/zeshanwain/repos/bank-stablecoin/ui/node_modules/@safe-global/safe-gateway-typescript-sdk/src/types/notifications.ts' file: Error: ENOENT: no such file or directory, open '/Users/zeshanwain/repos/bank-stablecoin/ui/node_modules/@safe-global/safe-gateway-typescript-sdk/src/types/notifications.ts'

WARNING in ./node_modules/@safe-global/safe-gateway-typescript-sdk/dist/types/relay.js
Module Warning (from ./node_modules/source-map-loader/dist/cjs.js):
Failed to parse source map from '/Users/zeshanwain/repos/bank-stablecoin/ui/node_modules/@safe-global/safe-gateway-typescript-sdk/src/types/relay.ts' file: Error: ENOENT: no such file or directory, open '/Users/zeshanwain/repos/bank-stablecoin/ui/node_modules/@safe-global/safe-gateway-typescript-sdk/src/types/relay.ts'

WARNING in ./node_modules/@safe-global/safe-gateway-typescript-sdk/dist/types/safe-apps.js
Module Warning (from ./node_modules/source-map-loader/dist/cjs.js):
Failed to parse source map from '/Users/zeshanwain/repos/bank-stablecoin/ui/node_modules/@safe-global/safe-gateway-typescript-sdk/src/types/safe-apps.ts' file: Error: ENOENT: no such file or directory, open '/Users/zeshanwain/repos/bank-stablecoin/ui/node_modules/@safe-global/safe-gateway-typescript-sdk/src/types/safe-apps.ts'

WARNING in ./node_modules/@safe-global/safe-gateway-typescript-sdk/dist/types/safe-info.js
Module Warning (from ./node_modules/source-map-loader/dist/cjs.js):
Failed to parse source map from '/Users/zeshanwain/repos/bank-stablecoin/ui/node_modules/@safe-global/safe-gateway-typescript-sdk/src/types/safe-info.ts' file: Error: ENOENT: no such file or directory, open '/Users/zeshanwain/repos/bank-stablecoin/ui/node_modules/@safe-global/safe-gateway-typescript-sdk/src/types/safe-info.ts'

WARNING in ./node_modules/@safe-global/safe-gateway-typescript-sdk/dist/types/safe-messages.js
Module Warning (from ./node_modules/source-map-loader/dist/cjs.js):
Failed to parse source map from '/Users/zeshanwain/repos/bank-stablecoin/ui/node_modules/@safe-global/safe-gateway-typescript-sdk/src/types/safe-messages.ts' file: Error: ENOENT: no such file or directory, open '/Users/zeshanwain/repos/bank-stablecoin/ui/node_modules/@safe-global/safe-gateway-typescript-sdk/src/types/safe-messages.ts'

WARNING in ./node_modules/@safe-global/safe-gateway-typescript-sdk/dist/types/transactions.js
Module Warning (from ./node_modules/source-map-loader/dist/cjs.js):
Failed to parse source map from '/Users/zeshanwain/repos/bank-stablecoin/ui/node_modules/@safe-global/safe-gateway-typescript-sdk/src/types/transactions.ts' file: Error: ENOENT: no such file or directory, open '/Users/zeshanwain/repos/bank-stablecoin/ui/node_modules/@safe-global/safe-gateway-typescript-sdk/src/types/transactions.ts'

WARNING in ./node_modules/@safe-global/safe-gateway-typescript-sdk/dist/utils.js
Module Warning (from ./node_modules/source-map-loader/dist/cjs.js):
Failed to parse source map from '/Users/zeshanwain/repos/bank-stablecoin/ui/node_modules/@safe-global/safe-gateway-typescript-sdk/src/utils.ts' file: Error: ENOENT: no such file or directory, open '/Users/zeshanwain/repos/bank-stablecoin/ui/node_modules/@safe-global/safe-gateway-typescript-sdk/src/utils.ts'

WARNING in ./node_modules/@walletconnect/environment/dist/cjs/crypto.js
Module Warning (from ./node_modules/source-map-loader/dist/cjs.js):
Failed to parse source map from '/Users/zeshanwain/repos/bank-stablecoin/ui/node_modules/@walletconnect/environment/src/crypto.ts' file: Error: ENOENT: no such file or directory, open '/Users/zeshanwain/repos/bank-stablecoin/ui/node_modules/@walletconnect/environment/src/crypto.ts'

WARNING in ./node_modules/@walletconnect/environment/dist/cjs/env.js
Module Warning (from ./node_modules/source-map-loader/dist/cjs.js):
Failed to parse source map from '/Users/zeshanwain/repos/bank-stablecoin/ui/node_modules/@walletconnect/environment/src/env.ts' file: Error: ENOENT: no such file or directory, open '/Users/zeshanwain/repos/bank-stablecoin/ui/node_modules/@walletconnect/environment/src/env.ts'

WARNING in ./node_modules/@walletconnect/environment/dist/cjs/index.js
Module Warning (from ./node_modules/source-map-loader/dist/cjs.js):
Failed to parse source map from '/Users/zeshanwain/repos/bank-stablecoin/ui/node_modules/@walletconnect/environment/src/index.ts' file: Error: ENOENT: no such file or directory, open '/Users/zeshanwain/repos/bank-stablecoin/ui/node_modules/@walletconnect/environment/src/index.ts'

WARNING in ./node_modules/@walletconnect/events/dist/esm/events.js
Module Warning (from ./node_modules/source-map-loader/dist/cjs.js):
Failed to parse source map from '/Users/zeshanwain/repos/bank-stablecoin/ui/node_modules/@walletconnect/events/src/events.ts' file: Error: ENOENT: no such file or directory, open '/Users/zeshanwain/repos/bank-stablecoin/ui/node_modules/@walletconnect/events/src/events.ts'

WARNING in ./node_modules/@walletconnect/events/dist/esm/index.js
Module Warning (from ./node_modules/source-map-loader/dist/cjs.js):
Failed to parse source map from '/Users/zeshanwain/repos/bank-stablecoin/ui/node_modules/@walletconnect/events/src/index.ts' file: Error: ENOENT: no such file or directory, open '/Users/zeshanwain/repos/bank-stablecoin/ui/node_modules/@walletconnect/events/src/index.ts'

WARNING in ./node_modules/@walletconnect/jsonrpc-utils/dist/esm/constants.js
Module Warning (from ./node_modules/source-map-loader/dist/cjs.js):
Failed to parse source map from '/Users/zeshanwain/repos/bank-stablecoin/ui/node_modules/@walletconnect/jsonrpc-utils/src/constants.ts' file: Error: ENOENT: no such file or directory, open '/Users/zeshanwain/repos/bank-stablecoin/ui/node_modules/@walletconnect/jsonrpc-utils/src/constants.ts'

WARNING in ./node_modules/@walletconnect/jsonrpc-utils/dist/esm/env.js
Module Warning (from ./node_modules/source-map-loader/dist/cjs.js):
Failed to parse source map from '/Users/zeshanwain/repos/bank-stablecoin/ui/node_modules/@walletconnect/jsonrpc-utils/src/env.ts' file: Error: ENOENT: no such file or directory, open '/Users/zeshanwain/repos/bank-stablecoin/ui/node_modules/@walletconnect/jsonrpc-utils/src/env.ts'

WARNING in ./node_modules/@walletconnect/jsonrpc-utils/dist/esm/error.js
Module Warning (from ./node_modules/source-map-loader/dist/cjs.js):
Failed to parse source map from '/Users/zeshanwain/repos/bank-stablecoin/ui/node_modules/@walletconnect/jsonrpc-utils/src/error.ts' file: Error: ENOENT: no such file or directory, open '/Users/zeshanwain/repos/bank-stablecoin/ui/node_modules/@walletconnect/jsonrpc-utils/src/error.ts'

WARNING in ./node_modules/@walletconnect/jsonrpc-utils/dist/esm/format.js
Module Warning (from ./node_modules/source-map-loader/dist/cjs.js):
Failed to parse source map from '/Users/zeshanwain/repos/bank-stablecoin/ui/node_modules/@walletconnect/jsonrpc-utils/src/format.ts' file: Error: ENOENT: no such file or directory, open '/Users/zeshanwain/repos/bank-stablecoin/ui/node_modules/@walletconnect/jsonrpc-utils/src/format.ts'

WARNING in ./node_modules/@walletconnect/jsonrpc-utils/dist/esm/index.js
Module Warning (from ./node_modules/source-map-loader/dist/cjs.js):
Failed to parse source map from '/Users/zeshanwain/repos/bank-stablecoin/ui/node_modules/@walletconnect/jsonrpc-utils/src/index.ts' file: Error: ENOENT: no such file or directory, open '/Users/zeshanwain/repos/bank-stablecoin/ui/node_modules/@walletconnect/jsonrpc-utils/src/index.ts'

WARNING in ./node_modules/@walletconnect/jsonrpc-utils/dist/esm/routing.js
Module Warning (from ./node_modules/source-map-loader/dist/cjs.js):
Failed to parse source map from '/Users/zeshanwain/repos/bank-stablecoin/ui/node_modules/@walletconnect/jsonrpc-utils/src/routing.ts' file: Error: ENOENT: no such file or directory, open '/Users/zeshanwain/repos/bank-stablecoin/ui/node_modules/@walletconnect/jsonrpc-utils/src/routing.ts'

WARNING in ./node_modules/@walletconnect/jsonrpc-utils/dist/esm/types.js
Module Warning (from ./node_modules/source-map-loader/dist/cjs.js):
Failed to parse source map from '/Users/zeshanwain/repos/bank-stablecoin/ui/node_modules/@walletconnect/jsonrpc-utils/src/types.ts' file: Error: ENOENT: no such file or directory, open '/Users/zeshanwain/repos/bank-stablecoin/ui/node_modules/@walletconnect/jsonrpc-utils/src/types.ts'

WARNING in ./node_modules/@walletconnect/jsonrpc-utils/dist/esm/url.js
Module Warning (from ./node_modules/source-map-loader/dist/cjs.js):
Failed to parse source map from '/Users/zeshanwain/repos/bank-stablecoin/ui/node_modules/@walletconnect/jsonrpc-utils/src/url.ts' file: Error: ENOENT: no such file or directory, open '/Users/zeshanwain/repos/bank-stablecoin/ui/node_modules/@walletconnect/jsonrpc-utils/src/url.ts'

WARNING in ./node_modules/@walletconnect/jsonrpc-utils/dist/esm/validators.js
Module Warning (from ./node_modules/source-map-loader/dist/cjs.js):
Failed to parse source map from '/Users/zeshanwain/repos/bank-stablecoin/ui/node_modules/@walletconnect/jsonrpc-utils/src/validators.ts' file: Error: ENOENT: no such file or directory, open '/Users/zeshanwain/repos/bank-stablecoin/ui/node_modules/@walletconnect/jsonrpc-utils/src/validators.ts'

WARNING in ./node_modules/@walletconnect/relay-auth/dist/esm/api.js
Module Warning (from ./node_modules/source-map-loader/dist/cjs.js):
Failed to parse source map from '/Users/zeshanwain/repos/bank-stablecoin/ui/node_modules/@walletconnect/relay-auth/src/api.ts' file: Error: ENOENT: no such file or directory, open '/Users/zeshanwain/repos/bank-stablecoin/ui/node_modules/@walletconnect/relay-auth/src/api.ts'

WARNING in ./node_modules/@walletconnect/relay-auth/dist/esm/constants.js
Module Warning (from ./node_modules/source-map-loader/dist/cjs.js):
Failed to parse source map from '/Users/zeshanwain/repos/bank-stablecoin/ui/node_modules/@walletconnect/relay-auth/src/constants.ts' file: Error: ENOENT: no such file or directory, open '/Users/zeshanwain/repos/bank-stablecoin/ui/node_modules/@walletconnect/relay-auth/src/constants.ts'

WARNING in ./node_modules/@walletconnect/relay-auth/dist/esm/index.js
Module Warning (from ./node_modules/source-map-loader/dist/cjs.js):
Failed to parse source map from '/Users/zeshanwain/repos/bank-stablecoin/ui/node_modules/@walletconnect/relay-auth/src/index.ts' file: Error: ENOENT: no such file or directory, open '/Users/zeshanwain/repos/bank-stablecoin/ui/node_modules/@walletconnect/relay-auth/src/index.ts'

WARNING in ./node_modules/@walletconnect/relay-auth/dist/esm/types.js
Module Warning (from ./node_modules/source-map-loader/dist/cjs.js):
Failed to parse source map from '/Users/zeshanwain/repos/bank-stablecoin/ui/node_modules/@walletconnect/relay-auth/src/types.ts' file: Error: ENOENT: no such file or directory, open '/Users/zeshanwain/repos/bank-stablecoin/ui/node_modules/@walletconnect/relay-auth/src/types.ts'

WARNING in ./node_modules/@walletconnect/relay-auth/dist/esm/utils.js
Module Warning (from ./node_modules/source-map-loader/dist/cjs.js):
Failed to parse source map from '/Users/zeshanwain/repos/bank-stablecoin/ui/node_modules/@walletconnect/relay-auth/src/utils.ts' file: Error: ENOENT: no such file or directory, open '/Users/zeshanwain/repos/bank-stablecoin/ui/node_modules/@walletconnect/relay-auth/src/utils.ts'

WARNING in ./node_modules/@walletconnect/safe-json/dist/esm/index.js
Module Warning (from ./node_modules/source-map-loader/dist/cjs.js):
Failed to parse source map from '/Users/zeshanwain/repos/bank-stablecoin/ui/node_modules/@walletconnect/safe-json/src/index.ts' file: Error: ENOENT: no such file or directory, open '/Users/zeshanwain/repos/bank-stablecoin/ui/node_modules/@walletconnect/safe-json/src/index.ts'

WARNING in ./node_modules/@walletconnect/time/dist/cjs/constants/index.js
Module Warning (from ./node_modules/source-map-loader/dist/cjs.js):
Failed to parse source map from '/Users/zeshanwain/repos/bank-stablecoin/ui/node_modules/@walletconnect/time/src/constants/index.ts' file: Error: ENOENT: no such file or directory, open '/Users/zeshanwain/repos/bank-stablecoin/ui/node_modules/@walletconnect/time/src/constants/index.ts'

WARNING in ./node_modules/@walletconnect/time/dist/cjs/constants/misc.js
Module Warning (from ./node_modules/source-map-loader/dist/cjs.js):
Failed to parse source map from '/Users/zeshanwain/repos/bank-stablecoin/ui/node_modules/@walletconnect/time/src/constants/misc.ts' file: Error: ENOENT: no such file or directory, open '/Users/zeshanwain/repos/bank-stablecoin/ui/node_modules/@walletconnect/time/src/constants/misc.ts'

WARNING in ./node_modules/@walletconnect/time/dist/cjs/constants/time.js
Module Warning (from ./node_modules/source-map-loader/dist/cjs.js):
Failed to parse source map from '/Users/zeshanwain/repos/bank-stablecoin/ui/node_modules/@walletconnect/time/src/constants/time.ts' file: Error: ENOENT: no such file or directory, open '/Users/zeshanwain/repos/bank-stablecoin/ui/node_modules/@walletconnect/time/src/constants/time.ts'

WARNING in ./node_modules/@walletconnect/time/dist/cjs/index.js
Module Warning (from ./node_modules/source-map-loader/dist/cjs.js):
Failed to parse source map from '/Users/zeshanwain/repos/bank-stablecoin/ui/node_modules/@walletconnect/time/src/index.ts' file: Error: ENOENT: no such file or directory, open '/Users/zeshanwain/repos/bank-stablecoin/ui/node_modules/@walletconnect/time/src/index.ts'

WARNING in ./node_modules/@walletconnect/time/dist/cjs/types/index.js
Module Warning (from ./node_modules/source-map-loader/dist/cjs.js):
Failed to parse source map from '/Users/zeshanwain/repos/bank-stablecoin/ui/node_modules/@walletconnect/time/src/types/index.ts' file: Error: ENOENT: no such file or directory, open '/Users/zeshanwain/repos/bank-stablecoin/ui/node_modules/@walletconnect/time/src/types/index.ts'

WARNING in ./node_modules/@walletconnect/time/dist/cjs/types/watch.js
Module Warning (from ./node_modules/source-map-loader/dist/cjs.js):
Failed to parse source map from '/Users/zeshanwain/repos/bank-stablecoin/ui/node_modules/@walletconnect/time/src/types/watch.ts' file: Error: ENOENT: no such file or directory, open '/Users/zeshanwain/repos/bank-stablecoin/ui/node_modules/@walletconnect/time/src/types/watch.ts'

WARNING in ./node_modules/@walletconnect/time/dist/cjs/utils/convert.js
Module Warning (from ./node_modules/source-map-loader/dist/cjs.js):
Failed to parse source map from '/Users/zeshanwain/repos/bank-stablecoin/ui/node_modules/@walletconnect/time/src/utils/convert.ts' file: Error: ENOENT: no such file or directory, open '/Users/zeshanwain/repos/bank-stablecoin/ui/node_modules/@walletconnect/time/src/utils/convert.ts'

WARNING in ./node_modules/@walletconnect/time/dist/cjs/utils/delay.js
Module Warning (from ./node_modules/source-map-loader/dist/cjs.js):
Failed to parse source map from '/Users/zeshanwain/repos/bank-stablecoin/ui/node_modules/@walletconnect/time/src/utils/delay.ts' file: Error: ENOENT: no such file or directory, open '/Users/zeshanwain/repos/bank-stablecoin/ui/node_modules/@walletconnect/time/src/utils/delay.ts'

WARNING in ./node_modules/@walletconnect/time/dist/cjs/utils/index.js
Module Warning (from ./node_modules/source-map-loader/dist/cjs.js):
Failed to parse source map from '/Users/zeshanwain/repos/bank-stablecoin/ui/node_modules/@walletconnect/time/src/utils/index.ts' file: Error: ENOENT: no such file or directory, open '/Users/zeshanwain/repos/bank-stablecoin/ui/node_modules/@walletconnect/time/src/utils/index.ts'

WARNING in ./node_modules/@walletconnect/time/dist/cjs/watch.js
Module Warning (from ./node_modules/source-map-loader/dist/cjs.js):
Failed to parse source map from '/Users/zeshanwain/repos/bank-stablecoin/ui/node_modules/@walletconnect/time/src/watch.ts' file: Error: ENOENT: no such file or directory, open '/Users/zeshanwain/repos/bank-stablecoin/ui/node_modules/@walletconnect/time/src/watch.ts'

WARNING in ./node_modules/@walletconnect/window-getters/dist/cjs/index.js
Module Warning (from ./node_modules/source-map-loader/dist/cjs.js):
Failed to parse source map from '/Users/zeshanwain/repos/bank-stablecoin/ui/node_modules/@walletconnect/window-getters/src/index.ts' file: Error: ENOENT: no such file or directory, open '/Users/zeshanwain/repos/bank-stablecoin/ui/node_modules/@walletconnect/window-getters/src/index.ts'

WARNING in ./node_modules/@walletconnect/window-metadata/dist/cjs/index.js
Module Warning (from ./node_modules/source-map-loader/dist/cjs.js):
Failed to parse source map from '/Users/zeshanwain/repos/bank-stablecoin/ui/node_modules/@walletconnect/window-metadata/src/index.ts' file: Error: ENOENT: no such file or directory, open '/Users/zeshanwain/repos/bank-stablecoin/ui/node_modules/@walletconnect/window-metadata/src/index.ts'

WARNING in ./node_modules/eth-rpc-errors/dist/classes.js
Module Warning (from ./node_modules/source-map-loader/dist/cjs.js):
Failed to parse source map from '/Users/zeshanwain/repos/bank-stablecoin/ui/node_modules/eth-rpc-errors/src/classes.ts' file: Error: ENOENT: no such file or directory, open '/Users/zeshanwain/repos/bank-stablecoin/ui/node_modules/eth-rpc-errors/src/classes.ts'

WARNING in ./node_modules/eth-rpc-errors/dist/error-constants.js
Module Warning (from ./node_modules/source-map-loader/dist/cjs.js):
Failed to parse source map from '/Users/zeshanwain/repos/bank-stablecoin/ui/node_modules/eth-rpc-errors/src/error-constants.ts' file: Error: ENOENT: no such file or directory, open '/Users/zeshanwain/repos/bank-stablecoin/ui/node_modules/eth-rpc-errors/src/error-constants.ts'

WARNING in ./node_modules/eth-rpc-errors/dist/errors.js
Module Warning (from ./node_modules/source-map-loader/dist/cjs.js):
Failed to parse source map from '/Users/zeshanwain/repos/bank-stablecoin/ui/node_modules/eth-rpc-errors/src/errors.ts' file: Error: ENOENT: no such file or directory, open '/Users/zeshanwain/repos/bank-stablecoin/ui/node_modules/eth-rpc-errors/src/errors.ts'

WARNING in ./node_modules/eth-rpc-errors/dist/index.js
Module Warning (from ./node_modules/source-map-loader/dist/cjs.js):
Failed to parse source map from '/Users/zeshanwain/repos/bank-stablecoin/ui/node_modules/eth-rpc-errors/src/index.ts' file: Error: ENOENT: no such file or directory, open '/Users/zeshanwain/repos/bank-stablecoin/ui/node_modules/eth-rpc-errors/src/index.ts'

WARNING in ./node_modules/eth-rpc-errors/dist/utils.js
Module Warning (from ./node_modules/source-map-loader/dist/cjs.js):
Failed to parse source map from '/Users/zeshanwain/repos/bank-stablecoin/ui/node_modules/eth-rpc-errors/src/utils.ts' file: Error: ENOENT: no such file or directory, open '/Users/zeshanwain/repos/bank-stablecoin/ui/node_modules/eth-rpc-errors/src/utils.ts'

WARNING in ./node_modules/json-rpc-engine/dist/JsonRpcEngine.js
Module Warning (from ./node_modules/source-map-loader/dist/cjs.js):
Failed to parse source map from '/Users/zeshanwain/repos/bank-stablecoin/ui/node_modules/json-rpc-engine/src/JsonRpcEngine.ts' file: Error: ENOENT: no such file or directory, open '/Users/zeshanwain/repos/bank-stablecoin/ui/node_modules/json-rpc-engine/src/JsonRpcEngine.ts'

WARNING in ./node_modules/json-rpc-engine/dist/createAsyncMiddleware.js
Module Warning (from ./node_modules/source-map-loader/dist/cjs.js):
Failed to parse source map from '/Users/zeshanwain/repos/bank-stablecoin/ui/node_modules/json-rpc-engine/src/createAsyncMiddleware.ts' file: Error: ENOENT: no such file or directory, open '/Users/zeshanwain/repos/bank-stablecoin/ui/node_modules/json-rpc-engine/src/createAsyncMiddleware.ts'

WARNING in ./node_modules/json-rpc-engine/dist/createScaffoldMiddleware.js
Module Warning (from ./node_modules/source-map-loader/dist/cjs.js):
Failed to parse source map from '/Users/zeshanwain/repos/bank-stablecoin/ui/node_modules/json-rpc-engine/src/createScaffoldMiddleware.ts' file: Error: ENOENT: no such file or directory, open '/Users/zeshanwain/repos/bank-stablecoin/ui/node_modules/json-rpc-engine/src/createScaffoldMiddleware.ts'

WARNING in ./node_modules/json-rpc-engine/dist/getUniqueId.js
Module Warning (from ./node_modules/source-map-loader/dist/cjs.js):
Failed to parse source map from '/Users/zeshanwain/repos/bank-stablecoin/ui/node_modules/json-rpc-engine/src/getUniqueId.ts' file: Error: ENOENT: no such file or directory, open '/Users/zeshanwain/repos/bank-stablecoin/ui/node_modules/json-rpc-engine/src/getUniqueId.ts'

WARNING in ./node_modules/json-rpc-engine/dist/idRemapMiddleware.js
Module Warning (from ./node_modules/source-map-loader/dist/cjs.js):
Failed to parse source map from '/Users/zeshanwain/repos/bank-stablecoin/ui/node_modules/json-rpc-engine/src/idRemapMiddleware.ts' file: Error: ENOENT: no such file or directory, open '/Users/zeshanwain/repos/bank-stablecoin/ui/node_modules/json-rpc-engine/src/idRemapMiddleware.ts'

WARNING in ./node_modules/json-rpc-engine/dist/index.js
Module Warning (from ./node_modules/source-map-loader/dist/cjs.js):
Failed to parse source map from '/Users/zeshanwain/repos/bank-stablecoin/ui/node_modules/json-rpc-engine/src/index.ts' file: Error: ENOENT: no such file or directory, open '/Users/zeshanwain/repos/bank-stablecoin/ui/node_modules/json-rpc-engine/src/index.ts'

WARNING in ./node_modules/json-rpc-engine/dist/mergeMiddleware.js
Module Warning (from ./node_modules/source-map-loader/dist/cjs.js):
Failed to parse source map from '/Users/zeshanwain/repos/bank-stablecoin/ui/node_modules/json-rpc-engine/src/mergeMiddleware.ts' file: Error: ENOENT: no such file or directory, open '/Users/zeshanwain/repos/bank-stablecoin/ui/node_modules/json-rpc-engine/src/mergeMiddleware.ts'

WARNING in ./node_modules/json-rpc-engine/node_modules/@metamask/safe-event-emitter/index.js
Module Warning (from ./node_modules/source-map-loader/dist/cjs.js):
Failed to parse source map from '/Users/zeshanwain/repos/bank-stablecoin/ui/node_modules/json-rpc-engine/node_modules/@metamask/safe-event-emitter/index.ts' file: Error: ENOENT: no such file or directory, open '/Users/zeshanwain/repos/bank-stablecoin/ui/node_modules/json-rpc-engine/node_modules/@metamask/safe-event-emitter/index.ts'

WARNING in ./node_modules/superstruct/dist/index.mjs
Module Warning (from ./node_modules/source-map-loader/dist/cjs.js):
Failed to parse source map from '/Users/zeshanwain/repos/bank-stablecoin/ui/node_modules/superstruct/src/error.ts' file: Error: ENOENT: no such file or directory, open '/Users/zeshanwain/repos/bank-stablecoin/ui/node_modules/superstruct/src/error.ts'

WARNING in ./node_modules/superstruct/dist/index.mjs
Module Warning (from ./node_modules/source-map-loader/dist/cjs.js):
Failed to parse source map from '/Users/zeshanwain/repos/bank-stablecoin/ui/node_modules/superstruct/src/struct.ts' file: Error: ENOENT: no such file or directory, open '/Users/zeshanwain/repos/bank-stablecoin/ui/node_modules/superstruct/src/struct.ts'

WARNING in ./node_modules/superstruct/dist/index.mjs
Module Warning (from ./node_modules/source-map-loader/dist/cjs.js):
Failed to parse source map from '/Users/zeshanwain/repos/bank-stablecoin/ui/node_modules/superstruct/src/structs/coercions.ts' file: Error: ENOENT: no such file or directory, open '/Users/zeshanwain/repos/bank-stablecoin/ui/node_modules/superstruct/src/structs/coercions.ts'

WARNING in ./node_modules/superstruct/dist/index.mjs
Module Warning (from ./node_modules/source-map-loader/dist/cjs.js):
Failed to parse source map from '/Users/zeshanwain/repos/bank-stablecoin/ui/node_modules/superstruct/src/structs/refinements.ts' file: Error: ENOENT: no such file or directory, open '/Users/zeshanwain/repos/bank-stablecoin/ui/node_modules/superstruct/src/structs/refinements.ts'

WARNING in ./node_modules/superstruct/dist/index.mjs
Module Warning (from ./node_modules/source-map-loader/dist/cjs.js):
Failed to parse source map from '/Users/zeshanwain/repos/bank-stablecoin/ui/node_modules/superstruct/src/structs/types.ts' file: Error: ENOENT: no such file or directory, open '/Users/zeshanwain/repos/bank-stablecoin/ui/node_modules/superstruct/src/structs/types.ts'

WARNING in ./node_modules/superstruct/dist/index.mjs
Module Warning (from ./node_modules/source-map-loader/dist/cjs.js):
Failed to parse source map from '/Users/zeshanwain/repos/bank-stablecoin/ui/node_modules/superstruct/src/structs/utilities.ts' file: Error: ENOENT: no such file or directory, open '/Users/zeshanwain/repos/bank-stablecoin/ui/node_modules/superstruct/src/structs/utilities.ts'

WARNING in ./node_modules/superstruct/dist/index.mjs
Module Warning (from ./node_modules/source-map-loader/dist/cjs.js):
Failed to parse source map from '/Users/zeshanwain/repos/bank-stablecoin/ui/node_modules/superstruct/src/utils.ts' file: Error: ENOENT: no such file or directory, open '/Users/zeshanwain/repos/bank-stablecoin/ui/node_modules/superstruct/src/utils.ts'

WARNING in [eslint] 
src/daml.js/40f452260bef3f29dede136108fc08a88d5a5250310281067087da6f0baddff7/lib/DA/Types/index.js
  Line 1:1:  'use strict' is unnecessary inside of modules  strict

src/daml.js/40f452260bef3f29dede136108fc08a88d5a5250310281067087da6f0baddff7/lib/DA/Types/module.js
  Line 1:1:    'use strict' is unnecessary inside of modules  strict
  Line 22:14:  Expected an error object to be thrown          no-throw-literal

src/daml.js/40f452260bef3f29dede136108fc08a88d5a5250310281067087da6f0baddff7/lib/DA/index.js
  Line 1:1:  'use strict' is unnecessary inside of modules  strict

src/daml.js/40f452260bef3f29dede136108fc08a88d5a5250310281067087da6f0baddff7/lib/index.js
  Line 1:1:  'use strict' is unnecessary inside of modules  strict

src/daml.js/bank-stablecoin-1.0.0/lib/Model/AtomicSwap/index.js
  Line 1:1:  'use strict' is unnecessary inside of modules  strict

src/daml.js/bank-stablecoin-1.0.0/lib/Model/AtomicSwap/module.js
  Line 1:1:     'use strict' is unnecessary inside of modules  strict
  Line 48:28:   Expected an error object to be thrown          no-throw-literal
  Line 124:28:  Expected an error object to be thrown          no-throw-literal
  Line 221:28:  Expected an error object to be thrown          no-throw-literal
  Line 303:28:  Expected an error object to be thrown          no-throw-literal

src/daml.js/bank-stablecoin-1.0.0/lib/Model/Compliance/index.js
  Line 1:1:  'use strict' is unnecessary inside of modules  strict

src/daml.js/bank-stablecoin-1.0.0/lib/Model/Compliance/module.js
  Line 1:1:     'use strict' is unnecessary inside of modules  strict
  Line 49:28:   Expected an error object to be thrown          no-throw-literal
  Line 111:28:  Expected an error object to be thrown          no-throw-literal
  Line 178:28:  Expected an error object to be thrown          no-throw-literal

src/daml.js/bank-stablecoin-1.0.0/lib/Model/Loan/index.js
  Line 1:1:  'use strict' is unnecessary inside of modules  strict

src/daml.js/bank-stablecoin-1.0.0/lib/Model/Loan/module.js
  Line 1:1:     'use strict' is unnecessary inside of modules  strict
  Line 48:28:   Expected an error object to be thrown          no-throw-literal
  Line 135:28:  Expected an error object to be thrown          no-throw-literal
  Line 244:28:  Expected an error object to be thrown          no-throw-literal

src/daml.js/bank-stablecoin-1.0.0/lib/Model/MultiSig/index.js
  Line 1:1:  'use strict' is unnecessary inside of modules  strict

src/daml.js/bank-stablecoin-1.0.0/lib/Model/MultiSig/module.js
  Line 1:1:     'use strict' is unnecessary inside of modules  strict
  Line 49:28:   Expected an error object to be thrown          no-throw-literal
  Line 133:28:  Expected an error object to be thrown          no-throw-literal
  Line 228:28:  Expected an error object to be thrown          no-throw-literal

src/daml.js/bank-stablecoin-1.0.0/lib/Model/RealBankAccount/index.js
  Line 1:1:  'use strict' is unnecessary inside of modules  strict

src/daml.js/bank-stablecoin-1.0.0/lib/Model/RealBankAccount/module.js
  Line 1:1:     'use strict' is unnecessary inside of modules  strict
  Line 52:28:   Expected an error object to be thrown          no-throw-literal
  Line 115:28:  Expected an error object to be thrown          no-throw-literal
  Line 188:28:  Expected an error object to be thrown          no-throw-literal
  Line 256:28:  Expected an error object to be thrown          no-throw-literal
  Line 375:28:  Expected an error object to be thrown          no-throw-literal
  Line 462:28:  Expected an error object to be thrown          no-throw-literal

src/daml.js/bank-stablecoin-1.0.0/lib/Model/Stablecoin/index.js
  Line 1:1:  'use strict' is unnecessary inside of modules  strict

src/daml.js/bank-stablecoin-1.0.0/lib/Model/Stablecoin/module.js
  Line 1:1:     'use strict' is unnecessary inside of modules  strict
  Line 23:28:   Expected an error object to be thrown          no-throw-literal
  Line 89:28:   Expected an error object to be thrown          no-throw-literal
  Line 178:28:  Expected an error object to be thrown          no-throw-literal
  Line 235:28:  Expected an error object to be thrown          no-throw-literal
  Line 304:28:  Expected an error object to be thrown          no-throw-literal
  Line 405:28:  Expected an error object to be thrown          no-throw-literal

src/daml.js/d14e08374fc7197d6a0de468c968ae8ba3aadbf9315476fd39071831f5923662/lib/DA/Internal/Template/index.js
  Line 1:1:  'use strict' is unnecessary inside of modules  strict

src/daml.js/d14e08374fc7197d6a0de468c968ae8ba3aadbf9315476fd39071831f5923662/lib/DA/Internal/Template/module.js
  Line 1:1:  'use strict' is unnecessary inside of modules  strict

src/daml.js/d14e08374fc7197d6a0de468c968ae8ba3aadbf9315476fd39071831f5923662/lib/DA/Internal/index.js
  Line 1:1:  'use strict' is unnecessary inside of modules  strict

src/daml.js/d14e08374fc7197d6a0de468c968ae8ba3aadbf9315476fd39071831f5923662/lib/DA/index.js
  Line 1:1:  'use strict' is unnecessary inside of modules  strict

src/daml.js/d14e08374fc7197d6a0de468c968ae8ba3aadbf9315476fd39071831f5923662/lib/index.js
  Line 1:1:  'use strict' is unnecessary inside of modules  strict

webpack compiled with 73 warnings
ERROR in src/contexts/WalletContext.tsx:14:29
TS2554: Expected 0 arguments, but got 1.
    12 |
    13 | // Create wagmi config
  > 14 | const config = createConfig({
       |                             ^
  > 15 |   chains: [sepolia, polygonMumbai, arbitrumSepolia, optimismSepolia],
       | ^^^^^^^^^^^^^^^^^^^^^^^^^^^^^^^^^^^^^^^^^^^^^^^^^^^^^^^^^^^^^^^^^^^^^
  > 16 |   connectors: [
       | ^^^^^^^^^^^^^^^^^^^^^^^^^^^^^^^^^^^^^^^^^^^^^^^^^^^^^^^^^^^^^^^^^^^^^
  > 17 |     injected(),
       | ^^^^^^^^^^^^^^^^^^^^^^^^^^^^^^^^^^^^^^^^^^^^^^^^^^^^^^^^^^^^^^^^^^^^^
  > 18 |     walletConnect({
       | ^^^^^^^^^^^^^^^^^^^^^^^^^^^^^^^^^^^^^^^^^^^^^^^^^^^^^^^^^^^^^^^^^^^^^
  > 19 |       projectId: '0a3fc14c4ea735512ac97ba826580151',
       | ^^^^^^^^^^^^^^^^^^^^^^^^^^^^^^^^^^^^^^^^^^^^^^^^^^^^^^^^^^^^^^^^^^^^^
  > 20 |     }),
       | ^^^^^^^^^^^^^^^^^^^^^^^^^^^^^^^^^^^^^^^^^^^^^^^^^^^^^^^^^^^^^^^^^^^^^
  > 21 |   ],
       | ^^^^^^^^^^^^^^^^^^^^^^^^^^^^^^^^^^^^^^^^^^^^^^^^^^^^^^^^^^^^^^^^^^^^^
  > 22 |   transports: {
       | ^^^^^^^^^^^^^^^^^^^^^^^^^^^^^^^^^^^^^^^^^^^^^^^^^^^^^^^^^^^^^^^^^^^^^
  > 23 |     [sepolia.id]: http(),
       | ^^^^^^^^^^^^^^^^^^^^^^^^^^^^^^^^^^^^^^^^^^^^^^^^^^^^^^^^^^^^^^^^^^^^^
  > 24 |     [polygonMumbai.id]: http(),
       | ^^^^^^^^^^^^^^^^^^^^^^^^^^^^^^^^^^^^^^^^^^^^^^^^^^^^^^^^^^^^^^^^^^^^^
  > 25 |     [arbitrumSepolia.id]: http(),
       | ^^^^^^^^^^^^^^^^^^^^^^^^^^^^^^^^^^^^^^^^^^^^^^^^^^^^^^^^^^^^^^^^^^^^^
  > 26 |     [optimismSepolia.id]: http(),
       | ^^^^^^^^^^^^^^^^^^^^^^^^^^^^^^^^^^^^^^^^^^^^^^^^^^^^^^^^^^^^^^^^^^^^^
  > 27 |   },
       | ^^^^^^^^^^^^^^^^^^^^^^^^^^^^^^^^^^^^^^^^^^^^^^^^^^^^^^^^^^^^^^^^^^^^^
  > 28 | });
       | ^^
    29 |
    30 | interface WalletContextType {
    31 |   address?: `0x${string}`;

Compiling...
Compiled with warnings.

Failed to parse source map from '/Users/zeshanwain/language-support/ts/daml-ledger/index.ts' file: Error: ENOENT: no such file or directory, open '/Users/zeshanwain/language-support/ts/daml-ledger/index.ts'

Failed to parse source map from '/Users/zeshanwain/language-support/ts/daml-react/createLedgerContext.ts' file: Error: ENOENT: no such file or directory, open '/Users/zeshanwain/language-support/ts/daml-react/createLedgerContext.ts'

Failed to parse source map from '/Users/zeshanwain/language-support/ts/daml-react/defaultLedgerContext.ts' file: Error: ENOENT: no such file or directory, open '/Users/zeshanwain/language-support/ts/daml-react/defaultLedgerContext.ts'

Failed to parse source map from '/Users/zeshanwain/language-support/ts/daml-react/index.ts' file: Error: ENOENT: no such file or directory, open '/Users/zeshanwain/language-support/ts/daml-react/index.ts'

Failed to parse source map from '/Users/zeshanwain/language-support/ts/daml-types/index.ts' file: Error: ENOENT: no such file or directory, open '/Users/zeshanwain/language-support/ts/daml-types/index.ts'

Failed to parse source map from '/Users/zeshanwain/repos/bank-stablecoin/ui/node_modules/@metamask/safe-event-emitter/index.ts' file: Error: ENOENT: no such file or directory, open '/Users/zeshanwain/repos/bank-stablecoin/ui/node_modules/@metamask/safe-event-emitter/index.ts'

Failed to parse source map from '/Users/zeshanwain/repos/bank-stablecoin/ui/node_modules/@safe-global/safe-gateway-typescript-sdk/src/config.ts' file: Error: ENOENT: no such file or directory, open '/Users/zeshanwain/repos/bank-stablecoin/ui/node_modules/@safe-global/safe-gateway-typescript-sdk/src/config.ts'

Failed to parse source map from '/Users/zeshanwain/repos/bank-stablecoin/ui/node_modules/@safe-global/safe-gateway-typescript-sdk/src/endpoint.ts' file: Error: ENOENT: no such file or directory, open '/Users/zeshanwain/repos/bank-stablecoin/ui/node_modules/@safe-global/safe-gateway-typescript-sdk/src/endpoint.ts'

Failed to parse source map from '/Users/zeshanwain/repos/bank-stablecoin/ui/node_modules/@safe-global/safe-gateway-typescript-sdk/src/index.ts' file: Error: ENOENT: no such file or directory, open '/Users/zeshanwain/repos/bank-stablecoin/ui/node_modules/@safe-global/safe-gateway-typescript-sdk/src/index.ts'

Failed to parse source map from '/Users/zeshanwain/repos/bank-stablecoin/ui/node_modules/@safe-global/safe-gateway-typescript-sdk/src/types/chains.ts' file: Error: ENOENT: no such file or directory, open '/Users/zeshanwain/repos/bank-stablecoin/ui/node_modules/@safe-global/safe-gateway-typescript-sdk/src/types/chains.ts'

Failed to parse source map from '/Users/zeshanwain/repos/bank-stablecoin/ui/node_modules/@safe-global/safe-gateway-typescript-sdk/src/types/common.ts' file: Error: ENOENT: no such file or directory, open '/Users/zeshanwain/repos/bank-stablecoin/ui/node_modules/@safe-global/safe-gateway-typescript-sdk/src/types/common.ts'

Failed to parse source map from '/Users/zeshanwain/repos/bank-stablecoin/ui/node_modules/@safe-global/safe-gateway-typescript-sdk/src/types/decoded-data.ts' file: Error: ENOENT: no such file or directory, open '/Users/zeshanwain/repos/bank-stablecoin/ui/node_modules/@safe-global/safe-gateway-typescript-sdk/src/types/decoded-data.ts'

Failed to parse source map from '/Users/zeshanwain/repos/bank-stablecoin/ui/node_modules/@safe-global/safe-gateway-typescript-sdk/src/types/master-copies.ts' file: Error: ENOENT: no such file or directory, open '/Users/zeshanwain/repos/bank-stablecoin/ui/node_modules/@safe-global/safe-gateway-typescript-sdk/src/types/master-copies.ts'

Failed to parse source map from '/Users/zeshanwain/repos/bank-stablecoin/ui/node_modules/@safe-global/safe-gateway-typescript-sdk/src/types/notifications.ts' file: Error: ENOENT: no such file or directory, open '/Users/zeshanwain/repos/bank-stablecoin/ui/node_modules/@safe-global/safe-gateway-typescript-sdk/src/types/notifications.ts'

Failed to parse source map from '/Users/zeshanwain/repos/bank-stablecoin/ui/node_modules/@safe-global/safe-gateway-typescript-sdk/src/types/relay.ts' file: Error: ENOENT: no such file or directory, open '/Users/zeshanwain/repos/bank-stablecoin/ui/node_modules/@safe-global/safe-gateway-typescript-sdk/src/types/relay.ts'

Failed to parse source map from '/Users/zeshanwain/repos/bank-stablecoin/ui/node_modules/@safe-global/safe-gateway-typescript-sdk/src/types/safe-apps.ts' file: Error: ENOENT: no such file or directory, open '/Users/zeshanwain/repos/bank-stablecoin/ui/node_modules/@safe-global/safe-gateway-typescript-sdk/src/types/safe-apps.ts'

Failed to parse source map from '/Users/zeshanwain/repos/bank-stablecoin/ui/node_modules/@safe-global/safe-gateway-typescript-sdk/src/types/safe-info.ts' file: Error: ENOENT: no such file or directory, open '/Users/zeshanwain/repos/bank-stablecoin/ui/node_modules/@safe-global/safe-gateway-typescript-sdk/src/types/safe-info.ts'

Failed to parse source map from '/Users/zeshanwain/repos/bank-stablecoin/ui/node_modules/@safe-global/safe-gateway-typescript-sdk/src/types/safe-messages.ts' file: Error: ENOENT: no such file or directory, open '/Users/zeshanwain/repos/bank-stablecoin/ui/node_modules/@safe-global/safe-gateway-typescript-sdk/src/types/safe-messages.ts'

Failed to parse source map from '/Users/zeshanwain/repos/bank-stablecoin/ui/node_modules/@safe-global/safe-gateway-typescript-sdk/src/types/transactions.ts' file: Error: ENOENT: no such file or directory, open '/Users/zeshanwain/repos/bank-stablecoin/ui/node_modules/@safe-global/safe-gateway-typescript-sdk/src/types/transactions.ts'

Failed to parse source map from '/Users/zeshanwain/repos/bank-stablecoin/ui/node_modules/@safe-global/safe-gateway-typescript-sdk/src/utils.ts' file: Error: ENOENT: no such file or directory, open '/Users/zeshanwain/repos/bank-stablecoin/ui/node_modules/@safe-global/safe-gateway-typescript-sdk/src/utils.ts'

Failed to parse source map from '/Users/zeshanwain/repos/bank-stablecoin/ui/node_modules/@walletconnect/environment/src/crypto.ts' file: Error: ENOENT: no such file or directory, open '/Users/zeshanwain/repos/bank-stablecoin/ui/node_modules/@walletconnect/environment/src/crypto.ts'

Failed to parse source map from '/Users/zeshanwain/repos/bank-stablecoin/ui/node_modules/@walletconnect/environment/src/env.ts' file: Error: ENOENT: no such file or directory, open '/Users/zeshanwain/repos/bank-stablecoin/ui/node_modules/@walletconnect/environment/src/env.ts'

Failed to parse source map from '/Users/zeshanwain/repos/bank-stablecoin/ui/node_modules/@walletconnect/environment/src/index.ts' file: Error: ENOENT: no such file or directory, open '/Users/zeshanwain/repos/bank-stablecoin/ui/node_modules/@walletconnect/environment/src/index.ts'

Failed to parse source map from '/Users/zeshanwain/repos/bank-stablecoin/ui/node_modules/@walletconnect/events/src/events.ts' file: Error: ENOENT: no such file or directory, open '/Users/zeshanwain/repos/bank-stablecoin/ui/node_modules/@walletconnect/events/src/events.ts'

Failed to parse source map from '/Users/zeshanwain/repos/bank-stablecoin/ui/node_modules/@walletconnect/events/src/index.ts' file: Error: ENOENT: no such file or directory, open '/Users/zeshanwain/repos/bank-stablecoin/ui/node_modules/@walletconnect/events/src/index.ts'

Failed to parse source map from '/Users/zeshanwain/repos/bank-stablecoin/ui/node_modules/@walletconnect/jsonrpc-utils/src/constants.ts' file: Error: ENOENT: no such file or directory, open '/Users/zeshanwain/repos/bank-stablecoin/ui/node_modules/@walletconnect/jsonrpc-utils/src/constants.ts'

Failed to parse source map from '/Users/zeshanwain/repos/bank-stablecoin/ui/node_modules/@walletconnect/jsonrpc-utils/src/env.ts' file: Error: ENOENT: no such file or directory, open '/Users/zeshanwain/repos/bank-stablecoin/ui/node_modules/@walletconnect/jsonrpc-utils/src/env.ts'

Failed to parse source map from '/Users/zeshanwain/repos/bank-stablecoin/ui/node_modules/@walletconnect/jsonrpc-utils/src/error.ts' file: Error: ENOENT: no such file or directory, open '/Users/zeshanwain/repos/bank-stablecoin/ui/node_modules/@walletconnect/jsonrpc-utils/src/error.ts'

Failed to parse source map from '/Users/zeshanwain/repos/bank-stablecoin/ui/node_modules/@walletconnect/jsonrpc-utils/src/format.ts' file: Error: ENOENT: no such file or directory, open '/Users/zeshanwain/repos/bank-stablecoin/ui/node_modules/@walletconnect/jsonrpc-utils/src/format.ts'

Failed to parse source map from '/Users/zeshanwain/repos/bank-stablecoin/ui/node_modules/@walletconnect/jsonrpc-utils/src/index.ts' file: Error: ENOENT: no such file or directory, open '/Users/zeshanwain/repos/bank-stablecoin/ui/node_modules/@walletconnect/jsonrpc-utils/src/index.ts'

Failed to parse source map from '/Users/zeshanwain/repos/bank-stablecoin/ui/node_modules/@walletconnect/jsonrpc-utils/src/routing.ts' file: Error: ENOENT: no such file or directory, open '/Users/zeshanwain/repos/bank-stablecoin/ui/node_modules/@walletconnect/jsonrpc-utils/src/routing.ts'

Failed to parse source map from '/Users/zeshanwain/repos/bank-stablecoin/ui/node_modules/@walletconnect/jsonrpc-utils/src/types.ts' file: Error: ENOENT: no such file or directory, open '/Users/zeshanwain/repos/bank-stablecoin/ui/node_modules/@walletconnect/jsonrpc-utils/src/types.ts'

Failed to parse source map from '/Users/zeshanwain/repos/bank-stablecoin/ui/node_modules/@walletconnect/jsonrpc-utils/src/url.ts' file: Error: ENOENT: no such file or directory, open '/Users/zeshanwain/repos/bank-stablecoin/ui/node_modules/@walletconnect/jsonrpc-utils/src/url.ts'

Failed to parse source map from '/Users/zeshanwain/repos/bank-stablecoin/ui/node_modules/@walletconnect/jsonrpc-utils/src/validators.ts' file: Error: ENOENT: no such file or directory, open '/Users/zeshanwain/repos/bank-stablecoin/ui/node_modules/@walletconnect/jsonrpc-utils/src/validators.ts'

Failed to parse source map from '/Users/zeshanwain/repos/bank-stablecoin/ui/node_modules/@walletconnect/relay-auth/src/api.ts' file: Error: ENOENT: no such file or directory, open '/Users/zeshanwain/repos/bank-stablecoin/ui/node_modules/@walletconnect/relay-auth/src/api.ts'

Failed to parse source map from '/Users/zeshanwain/repos/bank-stablecoin/ui/node_modules/@walletconnect/relay-auth/src/constants.ts' file: Error: ENOENT: no such file or directory, open '/Users/zeshanwain/repos/bank-stablecoin/ui/node_modules/@walletconnect/relay-auth/src/constants.ts'

Failed to parse source map from '/Users/zeshanwain/repos/bank-stablecoin/ui/node_modules/@walletconnect/relay-auth/src/index.ts' file: Error: ENOENT: no such file or directory, open '/Users/zeshanwain/repos/bank-stablecoin/ui/node_modules/@walletconnect/relay-auth/src/index.ts'

Failed to parse source map from '/Users/zeshanwain/repos/bank-stablecoin/ui/node_modules/@walletconnect/relay-auth/src/types.ts' file: Error: ENOENT: no such file or directory, open '/Users/zeshanwain/repos/bank-stablecoin/ui/node_modules/@walletconnect/relay-auth/src/types.ts'

Failed to parse source map from '/Users/zeshanwain/repos/bank-stablecoin/ui/node_modules/@walletconnect/relay-auth/src/utils.ts' file: Error: ENOENT: no such file or directory, open '/Users/zeshanwain/repos/bank-stablecoin/ui/node_modules/@walletconnect/relay-auth/src/utils.ts'

Failed to parse source map from '/Users/zeshanwain/repos/bank-stablecoin/ui/node_modules/@walletconnect/safe-json/src/index.ts' file: Error: ENOENT: no such file or directory, open '/Users/zeshanwain/repos/bank-stablecoin/ui/node_modules/@walletconnect/safe-json/src/index.ts'

Failed to parse source map from '/Users/zeshanwain/repos/bank-stablecoin/ui/node_modules/@walletconnect/time/src/constants/index.ts' file: Error: ENOENT: no such file or directory, open '/Users/zeshanwain/repos/bank-stablecoin/ui/node_modules/@walletconnect/time/src/constants/index.ts'

Failed to parse source map from '/Users/zeshanwain/repos/bank-stablecoin/ui/node_modules/@walletconnect/time/src/constants/misc.ts' file: Error: ENOENT: no such file or directory, open '/Users/zeshanwain/repos/bank-stablecoin/ui/node_modules/@walletconnect/time/src/constants/misc.ts'

Failed to parse source map from '/Users/zeshanwain/repos/bank-stablecoin/ui/node_modules/@walletconnect/time/src/constants/time.ts' file: Error: ENOENT: no such file or directory, open '/Users/zeshanwain/repos/bank-stablecoin/ui/node_modules/@walletconnect/time/src/constants/time.ts'

Failed to parse source map from '/Users/zeshanwain/repos/bank-stablecoin/ui/node_modules/@walletconnect/time/src/index.ts' file: Error: ENOENT: no such file or directory, open '/Users/zeshanwain/repos/bank-stablecoin/ui/node_modules/@walletconnect/time/src/index.ts'

Failed to parse source map from '/Users/zeshanwain/repos/bank-stablecoin/ui/node_modules/@walletconnect/time/src/types/index.ts' file: Error: ENOENT: no such file or directory, open '/Users/zeshanwain/repos/bank-stablecoin/ui/node_modules/@walletconnect/time/src/types/index.ts'

Failed to parse source map from '/Users/zeshanwain/repos/bank-stablecoin/ui/node_modules/@walletconnect/time/src/types/watch.ts' file: Error: ENOENT: no such file or directory, open '/Users/zeshanwain/repos/bank-stablecoin/ui/node_modules/@walletconnect/time/src/types/watch.ts'

Failed to parse source map from '/Users/zeshanwain/repos/bank-stablecoin/ui/node_modules/@walletconnect/time/src/utils/convert.ts' file: Error: ENOENT: no such file or directory, open '/Users/zeshanwain/repos/bank-stablecoin/ui/node_modules/@walletconnect/time/src/utils/convert.ts'

Failed to parse source map from '/Users/zeshanwain/repos/bank-stablecoin/ui/node_modules/@walletconnect/time/src/utils/delay.ts' file: Error: ENOENT: no such file or directory, open '/Users/zeshanwain/repos/bank-stablecoin/ui/node_modules/@walletconnect/time/src/utils/delay.ts'

Failed to parse source map from '/Users/zeshanwain/repos/bank-stablecoin/ui/node_modules/@walletconnect/time/src/utils/index.ts' file: Error: ENOENT: no such file or directory, open '/Users/zeshanwain/repos/bank-stablecoin/ui/node_modules/@walletconnect/time/src/utils/index.ts'

Failed to parse source map from '/Users/zeshanwain/repos/bank-stablecoin/ui/node_modules/@walletconnect/time/src/watch.ts' file: Error: ENOENT: no such file or directory, open '/Users/zeshanwain/repos/bank-stablecoin/ui/node_modules/@walletconnect/time/src/watch.ts'

Failed to parse source map from '/Users/zeshanwain/repos/bank-stablecoin/ui/node_modules/@walletconnect/window-getters/src/index.ts' file: Error: ENOENT: no such file or directory, open '/Users/zeshanwain/repos/bank-stablecoin/ui/node_modules/@walletconnect/window-getters/src/index.ts'

Failed to parse source map from '/Users/zeshanwain/repos/bank-stablecoin/ui/node_modules/@walletconnect/window-metadata/src/index.ts' file: Error: ENOENT: no such file or directory, open '/Users/zeshanwain/repos/bank-stablecoin/ui/node_modules/@walletconnect/window-metadata/src/index.ts'

Failed to parse source map from '/Users/zeshanwain/repos/bank-stablecoin/ui/node_modules/eth-rpc-errors/src/classes.ts' file: Error: ENOENT: no such file or directory, open '/Users/zeshanwain/repos/bank-stablecoin/ui/node_modules/eth-rpc-errors/src/classes.ts'

Failed to parse source map from '/Users/zeshanwain/repos/bank-stablecoin/ui/node_modules/eth-rpc-errors/src/error-constants.ts' file: Error: ENOENT: no such file or directory, open '/Users/zeshanwain/repos/bank-stablecoin/ui/node_modules/eth-rpc-errors/src/error-constants.ts'

Failed to parse source map from '/Users/zeshanwain/repos/bank-stablecoin/ui/node_modules/eth-rpc-errors/src/errors.ts' file: Error: ENOENT: no such file or directory, open '/Users/zeshanwain/repos/bank-stablecoin/ui/node_modules/eth-rpc-errors/src/errors.ts'

Failed to parse source map from '/Users/zeshanwain/repos/bank-stablecoin/ui/node_modules/eth-rpc-errors/src/index.ts' file: Error: ENOENT: no such file or directory, open '/Users/zeshanwain/repos/bank-stablecoin/ui/node_modules/eth-rpc-errors/src/index.ts'

Failed to parse source map from '/Users/zeshanwain/repos/bank-stablecoin/ui/node_modules/eth-rpc-errors/src/utils.ts' file: Error: ENOENT: no such file or directory, open '/Users/zeshanwain/repos/bank-stablecoin/ui/node_modules/eth-rpc-errors/src/utils.ts'

Failed to parse source map from '/Users/zeshanwain/repos/bank-stablecoin/ui/node_modules/json-rpc-engine/src/JsonRpcEngine.ts' file: Error: ENOENT: no such file or directory, open '/Users/zeshanwain/repos/bank-stablecoin/ui/node_modules/json-rpc-engine/src/JsonRpcEngine.ts'

Failed to parse source map from '/Users/zeshanwain/repos/bank-stablecoin/ui/node_modules/json-rpc-engine/src/createAsyncMiddleware.ts' file: Error: ENOENT: no such file or directory, open '/Users/zeshanwain/repos/bank-stablecoin/ui/node_modules/json-rpc-engine/src/createAsyncMiddleware.ts'

Failed to parse source map from '/Users/zeshanwain/repos/bank-stablecoin/ui/node_modules/json-rpc-engine/src/createScaffoldMiddleware.ts' file: Error: ENOENT: no such file or directory, open '/Users/zeshanwain/repos/bank-stablecoin/ui/node_modules/json-rpc-engine/src/createScaffoldMiddleware.ts'

Failed to parse source map from '/Users/zeshanwain/repos/bank-stablecoin/ui/node_modules/json-rpc-engine/src/getUniqueId.ts' file: Error: ENOENT: no such file or directory, open '/Users/zeshanwain/repos/bank-stablecoin/ui/node_modules/json-rpc-engine/src/getUniqueId.ts'

Failed to parse source map from '/Users/zeshanwain/repos/bank-stablecoin/ui/node_modules/json-rpc-engine/src/idRemapMiddleware.ts' file: Error: ENOENT: no such file or directory, open '/Users/zeshanwain/repos/bank-stablecoin/ui/node_modules/json-rpc-engine/src/idRemapMiddleware.ts'

Failed to parse source map from '/Users/zeshanwain/repos/bank-stablecoin/ui/node_modules/json-rpc-engine/src/index.ts' file: Error: ENOENT: no such file or directory, open '/Users/zeshanwain/repos/bank-stablecoin/ui/node_modules/json-rpc-engine/src/index.ts'

Failed to parse source map from '/Users/zeshanwain/repos/bank-stablecoin/ui/node_modules/json-rpc-engine/src/mergeMiddleware.ts' file: Error: ENOENT: no such file or directory, open '/Users/zeshanwain/repos/bank-stablecoin/ui/node_modules/json-rpc-engine/src/mergeMiddleware.ts'

Failed to parse source map from '/Users/zeshanwain/repos/bank-stablecoin/ui/node_modules/json-rpc-engine/node_modules/@metamask/safe-event-emitter/index.ts' file: Error: ENOENT: no such file or directory, open '/Users/zeshanwain/repos/bank-stablecoin/ui/node_modules/json-rpc-engine/node_modules/@metamask/safe-event-emitter/index.ts'

Failed to parse source map from '/Users/zeshanwain/repos/bank-stablecoin/ui/node_modules/superstruct/src/error.ts' file: Error: ENOENT: no such file or directory, open '/Users/zeshanwain/repos/bank-stablecoin/ui/node_modules/superstruct/src/error.ts'

Failed to parse source map from '/Users/zeshanwain/repos/bank-stablecoin/ui/node_modules/superstruct/src/struct.ts' file: Error: ENOENT: no such file or directory, open '/Users/zeshanwain/repos/bank-stablecoin/ui/node_modules/superstruct/src/struct.ts'

Failed to parse source map from '/Users/zeshanwain/repos/bank-stablecoin/ui/node_modules/superstruct/src/structs/coercions.ts' file: Error: ENOENT: no such file or directory, open '/Users/zeshanwain/repos/bank-stablecoin/ui/node_modules/superstruct/src/structs/coercions.ts'

Failed to parse source map from '/Users/zeshanwain/repos/bank-stablecoin/ui/node_modules/superstruct/src/structs/refinements.ts' file: Error: ENOENT: no such file or directory, open '/Users/zeshanwain/repos/bank-stablecoin/ui/node_modules/superstruct/src/structs/refinements.ts'

Failed to parse source map from '/Users/zeshanwain/repos/bank-stablecoin/ui/node_modules/superstruct/src/structs/types.ts' file: Error: ENOENT: no such file or directory, open '/Users/zeshanwain/repos/bank-stablecoin/ui/node_modules/superstruct/src/structs/types.ts'

Failed to parse source map from '/Users/zeshanwain/repos/bank-stablecoin/ui/node_modules/superstruct/src/structs/utilities.ts' file: Error: ENOENT: no such file or directory, open '/Users/zeshanwain/repos/bank-stablecoin/ui/node_modules/superstruct/src/structs/utilities.ts'

Failed to parse source map from '/Users/zeshanwain/repos/bank-stablecoin/ui/node_modules/superstruct/src/utils.ts' file: Error: ENOENT: no such file or directory, open '/Users/zeshanwain/repos/bank-stablecoin/ui/node_modules/superstruct/src/utils.ts'

[eslint] 
src/daml.js/40f452260bef3f29dede136108fc08a88d5a5250310281067087da6f0baddff7/lib/DA/Types/index.js
  Line 1:1:  'use strict' is unnecessary inside of modules  strict

src/daml.js/40f452260bef3f29dede136108fc08a88d5a5250310281067087da6f0baddff7/lib/DA/Types/module.js
  Line 1:1:    'use strict' is unnecessary inside of modules  strict
  Line 22:14:  Expected an error object to be thrown          no-throw-literal

src/daml.js/40f452260bef3f29dede136108fc08a88d5a5250310281067087da6f0baddff7/lib/DA/index.js
  Line 1:1:  'use strict' is unnecessary inside of modules  strict

src/daml.js/40f452260bef3f29dede136108fc08a88d5a5250310281067087da6f0baddff7/lib/index.js
  Line 1:1:  'use strict' is unnecessary inside of modules  strict

src/daml.js/bank-stablecoin-1.0.0/lib/Model/AtomicSwap/index.js
  Line 1:1:  'use strict' is unnecessary inside of modules  strict

src/daml.js/bank-stablecoin-1.0.0/lib/Model/AtomicSwap/module.js
  Line 1:1:     'use strict' is unnecessary inside of modules  strict
  Line 48:28:   Expected an error object to be thrown          no-throw-literal
  Line 124:28:  Expected an error object to be thrown          no-throw-literal
  Line 221:28:  Expected an error object to be thrown          no-throw-literal
  Line 303:28:  Expected an error object to be thrown          no-throw-literal

src/daml.js/bank-stablecoin-1.0.0/lib/Model/Compliance/index.js
  Line 1:1:  'use strict' is unnecessary inside of modules  strict

src/daml.js/bank-stablecoin-1.0.0/lib/Model/Compliance/module.js
  Line 1:1:     'use strict' is unnecessary inside of modules  strict
  Line 49:28:   Expected an error object to be thrown          no-throw-literal
  Line 111:28:  Expected an error object to be thrown          no-throw-literal
  Line 178:28:  Expected an error object to be thrown          no-throw-literal

src/daml.js/bank-stablecoin-1.0.0/lib/Model/Loan/index.js
  Line 1:1:  'use strict' is unnecessary inside of modules  strict

src/daml.js/bank-stablecoin-1.0.0/lib/Model/Loan/module.js
  Line 1:1:     'use strict' is unnecessary inside of modules  strict
  Line 48:28:   Expected an error object to be thrown          no-throw-literal
  Line 135:28:  Expected an error object to be thrown          no-throw-literal
  Line 244:28:  Expected an error object to be thrown          no-throw-literal

src/daml.js/bank-stablecoin-1.0.0/lib/Model/MultiSig/index.js
  Line 1:1:  'use strict' is unnecessary inside of modules  strict

src/daml.js/bank-stablecoin-1.0.0/lib/Model/MultiSig/module.js
  Line 1:1:     'use strict' is unnecessary inside of modules  strict
  Line 49:28:   Expected an error object to be thrown          no-throw-literal
  Line 133:28:  Expected an error object to be thrown          no-throw-literal
  Line 228:28:  Expected an error object to be thrown          no-throw-literal

src/daml.js/bank-stablecoin-1.0.0/lib/Model/RealBankAccount/index.js
  Line 1:1:  'use strict' is unnecessary inside of modules  strict

src/daml.js/bank-stablecoin-1.0.0/lib/Model/RealBankAccount/module.js
  Line 1:1:     'use strict' is unnecessary inside of modules  strict
  Line 52:28:   Expected an error object to be thrown          no-throw-literal
  Line 115:28:  Expected an error object to be thrown          no-throw-literal
  Line 188:28:  Expected an error object to be thrown          no-throw-literal
  Line 256:28:  Expected an error object to be thrown          no-throw-literal
  Line 375:28:  Expected an error object to be thrown          no-throw-literal
  Line 462:28:  Expected an error object to be thrown          no-throw-literal

src/daml.js/bank-stablecoin-1.0.0/lib/Model/Stablecoin/index.js
  Line 1:1:  'use strict' is unnecessary inside of modules  strict

src/daml.js/bank-stablecoin-1.0.0/lib/Model/Stablecoin/module.js
  Line 1:1:     'use strict' is unnecessary inside of modules  strict
  Line 23:28:   Expected an error object to be thrown          no-throw-literal
  Line 89:28:   Expected an error object to be thrown          no-throw-literal
  Line 178:28:  Expected an error object to be thrown          no-throw-literal
  Line 235:28:  Expected an error object to be thrown          no-throw-literal
  Line 304:28:  Expected an error object to be thrown          no-throw-literal
  Line 405:28:  Expected an error object to be thrown          no-throw-literal

src/daml.js/d14e08374fc7197d6a0de468c968ae8ba3aadbf9315476fd39071831f5923662/lib/DA/Internal/Template/index.js
  Line 1:1:  'use strict' is unnecessary inside of modules  strict

src/daml.js/d14e08374fc7197d6a0de468c968ae8ba3aadbf9315476fd39071831f5923662/lib/DA/Internal/Template/module.js
  Line 1:1:  'use strict' is unnecessary inside of modules  strict

src/daml.js/d14e08374fc7197d6a0de468c968ae8ba3aadbf9315476fd39071831f5923662/lib/DA/Internal/index.js
  Line 1:1:  'use strict' is unnecessary inside of modules  strict

src/daml.js/d14e08374fc7197d6a0de468c968ae8ba3aadbf9315476fd39071831f5923662/lib/DA/index.js
  Line 1:1:  'use strict' is unnecessary inside of modules  strict

src/daml.js/d14e08374fc7197d6a0de468c968ae8ba3aadbf9315476fd39071831f5923662/lib/index.js
  Line 1:1:  'use strict' is unnecessary inside of modules  strict

Search for the keywords to learn more about each warning.
To ignore, add // eslint-disable-next-line to the line before.

WARNING in ./node_modules/@daml/ledger/index.js
Module Warning (from ./node_modules/source-map-loader/dist/cjs.js):
Failed to parse source map from '/Users/zeshanwain/language-support/ts/daml-ledger/index.ts' file: Error: ENOENT: no such file or directory, open '/Users/zeshanwain/language-support/ts/daml-ledger/index.ts'

WARNING in ./node_modules/@daml/react/createLedgerContext.js
Module Warning (from ./node_modules/source-map-loader/dist/cjs.js):
Failed to parse source map from '/Users/zeshanwain/language-support/ts/daml-react/createLedgerContext.ts' file: Error: ENOENT: no such file or directory, open '/Users/zeshanwain/language-support/ts/daml-react/createLedgerContext.ts'

WARNING in ./node_modules/@daml/react/defaultLedgerContext.js
Module Warning (from ./node_modules/source-map-loader/dist/cjs.js):
Failed to parse source map from '/Users/zeshanwain/language-support/ts/daml-react/defaultLedgerContext.ts' file: Error: ENOENT: no such file or directory, open '/Users/zeshanwain/language-support/ts/daml-react/defaultLedgerContext.ts'

WARNING in ./node_modules/@daml/react/index.js
Module Warning (from ./node_modules/source-map-loader/dist/cjs.js):
Failed to parse source map from '/Users/zeshanwain/language-support/ts/daml-react/index.ts' file: Error: ENOENT: no such file or directory, open '/Users/zeshanwain/language-support/ts/daml-react/index.ts'

WARNING in ./node_modules/@daml/types/index.js
Module Warning (from ./node_modules/source-map-loader/dist/cjs.js):
Failed to parse source map from '/Users/zeshanwain/language-support/ts/daml-types/index.ts' file: Error: ENOENT: no such file or directory, open '/Users/zeshanwain/language-support/ts/daml-types/index.ts'

WARNING in ./node_modules/@metamask/safe-event-emitter/dist/cjs/index.js
Module Warning (from ./node_modules/source-map-loader/dist/cjs.js):
Failed to parse source map from '/Users/zeshanwain/repos/bank-stablecoin/ui/node_modules/@metamask/safe-event-emitter/index.ts' file: Error: ENOENT: no such file or directory, open '/Users/zeshanwain/repos/bank-stablecoin/ui/node_modules/@metamask/safe-event-emitter/index.ts'

WARNING in ./node_modules/@safe-global/safe-gateway-typescript-sdk/dist/config.js
Module Warning (from ./node_modules/source-map-loader/dist/cjs.js):
Failed to parse source map from '/Users/zeshanwain/repos/bank-stablecoin/ui/node_modules/@safe-global/safe-gateway-typescript-sdk/src/config.ts' file: Error: ENOENT: no such file or directory, open '/Users/zeshanwain/repos/bank-stablecoin/ui/node_modules/@safe-global/safe-gateway-typescript-sdk/src/config.ts'

WARNING in ./node_modules/@safe-global/safe-gateway-typescript-sdk/dist/endpoint.js
Module Warning (from ./node_modules/source-map-loader/dist/cjs.js):
Failed to parse source map from '/Users/zeshanwain/repos/bank-stablecoin/ui/node_modules/@safe-global/safe-gateway-typescript-sdk/src/endpoint.ts' file: Error: ENOENT: no such file or directory, open '/Users/zeshanwain/repos/bank-stablecoin/ui/node_modules/@safe-global/safe-gateway-typescript-sdk/src/endpoint.ts'

WARNING in ./node_modules/@safe-global/safe-gateway-typescript-sdk/dist/index.js
Module Warning (from ./node_modules/source-map-loader/dist/cjs.js):
Failed to parse source map from '/Users/zeshanwain/repos/bank-stablecoin/ui/node_modules/@safe-global/safe-gateway-typescript-sdk/src/index.ts' file: Error: ENOENT: no such file or directory, open '/Users/zeshanwain/repos/bank-stablecoin/ui/node_modules/@safe-global/safe-gateway-typescript-sdk/src/index.ts'

WARNING in ./node_modules/@safe-global/safe-gateway-typescript-sdk/dist/types/chains.js
Module Warning (from ./node_modules/source-map-loader/dist/cjs.js):
Failed to parse source map from '/Users/zeshanwain/repos/bank-stablecoin/ui/node_modules/@safe-global/safe-gateway-typescript-sdk/src/types/chains.ts' file: Error: ENOENT: no such file or directory, open '/Users/zeshanwain/repos/bank-stablecoin/ui/node_modules/@safe-global/safe-gateway-typescript-sdk/src/types/chains.ts'

WARNING in ./node_modules/@safe-global/safe-gateway-typescript-sdk/dist/types/common.js
Module Warning (from ./node_modules/source-map-loader/dist/cjs.js):
Failed to parse source map from '/Users/zeshanwain/repos/bank-stablecoin/ui/node_modules/@safe-global/safe-gateway-typescript-sdk/src/types/common.ts' file: Error: ENOENT: no such file or directory, open '/Users/zeshanwain/repos/bank-stablecoin/ui/node_modules/@safe-global/safe-gateway-typescript-sdk/src/types/common.ts'

WARNING in ./node_modules/@safe-global/safe-gateway-typescript-sdk/dist/types/decoded-data.js
Module Warning (from ./node_modules/source-map-loader/dist/cjs.js):
Failed to parse source map from '/Users/zeshanwain/repos/bank-stablecoin/ui/node_modules/@safe-global/safe-gateway-typescript-sdk/src/types/decoded-data.ts' file: Error: ENOENT: no such file or directory, open '/Users/zeshanwain/repos/bank-stablecoin/ui/node_modules/@safe-global/safe-gateway-typescript-sdk/src/types/decoded-data.ts'

WARNING in ./node_modules/@safe-global/safe-gateway-typescript-sdk/dist/types/master-copies.js
Module Warning (from ./node_modules/source-map-loader/dist/cjs.js):
Failed to parse source map from '/Users/zeshanwain/repos/bank-stablecoin/ui/node_modules/@safe-global/safe-gateway-typescript-sdk/src/types/master-copies.ts' file: Error: ENOENT: no such file or directory, open '/Users/zeshanwain/repos/bank-stablecoin/ui/node_modules/@safe-global/safe-gateway-typescript-sdk/src/types/master-copies.ts'

WARNING in ./node_modules/@safe-global/safe-gateway-typescript-sdk/dist/types/notifications.js
Module Warning (from ./node_modules/source-map-loader/dist/cjs.js):
Failed to parse source map from '/Users/zeshanwain/repos/bank-stablecoin/ui/node_modules/@safe-global/safe-gateway-typescript-sdk/src/types/notifications.ts' file: Error: ENOENT: no such file or directory, open '/Users/zeshanwain/repos/bank-stablecoin/ui/node_modules/@safe-global/safe-gateway-typescript-sdk/src/types/notifications.ts'

WARNING in ./node_modules/@safe-global/safe-gateway-typescript-sdk/dist/types/relay.js
Module Warning (from ./node_modules/source-map-loader/dist/cjs.js):
Failed to parse source map from '/Users/zeshanwain/repos/bank-stablecoin/ui/node_modules/@safe-global/safe-gateway-typescript-sdk/src/types/relay.ts' file: Error: ENOENT: no such file or directory, open '/Users/zeshanwain/repos/bank-stablecoin/ui/node_modules/@safe-global/safe-gateway-typescript-sdk/src/types/relay.ts'

WARNING in ./node_modules/@safe-global/safe-gateway-typescript-sdk/dist/types/safe-apps.js
Module Warning (from ./node_modules/source-map-loader/dist/cjs.js):
Failed to parse source map from '/Users/zeshanwain/repos/bank-stablecoin/ui/node_modules/@safe-global/safe-gateway-typescript-sdk/src/types/safe-apps.ts' file: Error: ENOENT: no such file or directory, open '/Users/zeshanwain/repos/bank-stablecoin/ui/node_modules/@safe-global/safe-gateway-typescript-sdk/src/types/safe-apps.ts'

WARNING in ./node_modules/@safe-global/safe-gateway-typescript-sdk/dist/types/safe-info.js
Module Warning (from ./node_modules/source-map-loader/dist/cjs.js):
Failed to parse source map from '/Users/zeshanwain/repos/bank-stablecoin/ui/node_modules/@safe-global/safe-gateway-typescript-sdk/src/types/safe-info.ts' file: Error: ENOENT: no such file or directory, open '/Users/zeshanwain/repos/bank-stablecoin/ui/node_modules/@safe-global/safe-gateway-typescript-sdk/src/types/safe-info.ts'

WARNING in ./node_modules/@safe-global/safe-gateway-typescript-sdk/dist/types/safe-messages.js
Module Warning (from ./node_modules/source-map-loader/dist/cjs.js):
Failed to parse source map from '/Users/zeshanwain/repos/bank-stablecoin/ui/node_modules/@safe-global/safe-gateway-typescript-sdk/src/types/safe-messages.ts' file: Error: ENOENT: no such file or directory, open '/Users/zeshanwain/repos/bank-stablecoin/ui/node_modules/@safe-global/safe-gateway-typescript-sdk/src/types/safe-messages.ts'

WARNING in ./node_modules/@safe-global/safe-gateway-typescript-sdk/dist/types/transactions.js
Module Warning (from ./node_modules/source-map-loader/dist/cjs.js):
Failed to parse source map from '/Users/zeshanwain/repos/bank-stablecoin/ui/node_modules/@safe-global/safe-gateway-typescript-sdk/src/types/transactions.ts' file: Error: ENOENT: no such file or directory, open '/Users/zeshanwain/repos/bank-stablecoin/ui/node_modules/@safe-global/safe-gateway-typescript-sdk/src/types/transactions.ts'

WARNING in ./node_modules/@safe-global/safe-gateway-typescript-sdk/dist/utils.js
Module Warning (from ./node_modules/source-map-loader/dist/cjs.js):
Failed to parse source map from '/Users/zeshanwain/repos/bank-stablecoin/ui/node_modules/@safe-global/safe-gateway-typescript-sdk/src/utils.ts' file: Error: ENOENT: no such file or directory, open '/Users/zeshanwain/repos/bank-stablecoin/ui/node_modules/@safe-global/safe-gateway-typescript-sdk/src/utils.ts'

WARNING in ./node_modules/@walletconnect/environment/dist/cjs/crypto.js
Module Warning (from ./node_modules/source-map-loader/dist/cjs.js):
Failed to parse source map from '/Users/zeshanwain/repos/bank-stablecoin/ui/node_modules/@walletconnect/environment/src/crypto.ts' file: Error: ENOENT: no such file or directory, open '/Users/zeshanwain/repos/bank-stablecoin/ui/node_modules/@walletconnect/environment/src/crypto.ts'

WARNING in ./node_modules/@walletconnect/environment/dist/cjs/env.js
Module Warning (from ./node_modules/source-map-loader/dist/cjs.js):
Failed to parse source map from '/Users/zeshanwain/repos/bank-stablecoin/ui/node_modules/@walletconnect/environment/src/env.ts' file: Error: ENOENT: no such file or directory, open '/Users/zeshanwain/repos/bank-stablecoin/ui/node_modules/@walletconnect/environment/src/env.ts'

WARNING in ./node_modules/@walletconnect/environment/dist/cjs/index.js
Module Warning (from ./node_modules/source-map-loader/dist/cjs.js):
Failed to parse source map from '/Users/zeshanwain/repos/bank-stablecoin/ui/node_modules/@walletconnect/environment/src/index.ts' file: Error: ENOENT: no such file or directory, open '/Users/zeshanwain/repos/bank-stablecoin/ui/node_modules/@walletconnect/environment/src/index.ts'

WARNING in ./node_modules/@walletconnect/events/dist/esm/events.js
Module Warning (from ./node_modules/source-map-loader/dist/cjs.js):
Failed to parse source map from '/Users/zeshanwain/repos/bank-stablecoin/ui/node_modules/@walletconnect/events/src/events.ts' file: Error: ENOENT: no such file or directory, open '/Users/zeshanwain/repos/bank-stablecoin/ui/node_modules/@walletconnect/events/src/events.ts'

WARNING in ./node_modules/@walletconnect/events/dist/esm/index.js
Module Warning (from ./node_modules/source-map-loader/dist/cjs.js):
Failed to parse source map from '/Users/zeshanwain/repos/bank-stablecoin/ui/node_modules/@walletconnect/events/src/index.ts' file: Error: ENOENT: no such file or directory, open '/Users/zeshanwain/repos/bank-stablecoin/ui/node_modules/@walletconnect/events/src/index.ts'

WARNING in ./node_modules/@walletconnect/jsonrpc-utils/dist/esm/constants.js
Module Warning (from ./node_modules/source-map-loader/dist/cjs.js):
Failed to parse source map from '/Users/zeshanwain/repos/bank-stablecoin/ui/node_modules/@walletconnect/jsonrpc-utils/src/constants.ts' file: Error: ENOENT: no such file or directory, open '/Users/zeshanwain/repos/bank-stablecoin/ui/node_modules/@walletconnect/jsonrpc-utils/src/constants.ts'

WARNING in ./node_modules/@walletconnect/jsonrpc-utils/dist/esm/env.js
Module Warning (from ./node_modules/source-map-loader/dist/cjs.js):
Failed to parse source map from '/Users/zeshanwain/repos/bank-stablecoin/ui/node_modules/@walletconnect/jsonrpc-utils/src/env.ts' file: Error: ENOENT: no such file or directory, open '/Users/zeshanwain/repos/bank-stablecoin/ui/node_modules/@walletconnect/jsonrpc-utils/src/env.ts'

WARNING in ./node_modules/@walletconnect/jsonrpc-utils/dist/esm/error.js
Module Warning (from ./node_modules/source-map-loader/dist/cjs.js):
Failed to parse source map from '/Users/zeshanwain/repos/bank-stablecoin/ui/node_modules/@walletconnect/jsonrpc-utils/src/error.ts' file: Error: ENOENT: no such file or directory, open '/Users/zeshanwain/repos/bank-stablecoin/ui/node_modules/@walletconnect/jsonrpc-utils/src/error.ts'

WARNING in ./node_modules/@walletconnect/jsonrpc-utils/dist/esm/format.js
Module Warning (from ./node_modules/source-map-loader/dist/cjs.js):
Failed to parse source map from '/Users/zeshanwain/repos/bank-stablecoin/ui/node_modules/@walletconnect/jsonrpc-utils/src/format.ts' file: Error: ENOENT: no such file or directory, open '/Users/zeshanwain/repos/bank-stablecoin/ui/node_modules/@walletconnect/jsonrpc-utils/src/format.ts'

WARNING in ./node_modules/@walletconnect/jsonrpc-utils/dist/esm/index.js
Module Warning (from ./node_modules/source-map-loader/dist/cjs.js):
Failed to parse source map from '/Users/zeshanwain/repos/bank-stablecoin/ui/node_modules/@walletconnect/jsonrpc-utils/src/index.ts' file: Error: ENOENT: no such file or directory, open '/Users/zeshanwain/repos/bank-stablecoin/ui/node_modules/@walletconnect/jsonrpc-utils/src/index.ts'

WARNING in ./node_modules/@walletconnect/jsonrpc-utils/dist/esm/routing.js
Module Warning (from ./node_modules/source-map-loader/dist/cjs.js):
Failed to parse source map from '/Users/zeshanwain/repos/bank-stablecoin/ui/node_modules/@walletconnect/jsonrpc-utils/src/routing.ts' file: Error: ENOENT: no such file or directory, open '/Users/zeshanwain/repos/bank-stablecoin/ui/node_modules/@walletconnect/jsonrpc-utils/src/routing.ts'

WARNING in ./node_modules/@walletconnect/jsonrpc-utils/dist/esm/types.js
Module Warning (from ./node_modules/source-map-loader/dist/cjs.js):
Failed to parse source map from '/Users/zeshanwain/repos/bank-stablecoin/ui/node_modules/@walletconnect/jsonrpc-utils/src/types.ts' file: Error: ENOENT: no such file or directory, open '/Users/zeshanwain/repos/bank-stablecoin/ui/node_modules/@walletconnect/jsonrpc-utils/src/types.ts'

WARNING in ./node_modules/@walletconnect/jsonrpc-utils/dist/esm/url.js
Module Warning (from ./node_modules/source-map-loader/dist/cjs.js):
Failed to parse source map from '/Users/zeshanwain/repos/bank-stablecoin/ui/node_modules/@walletconnect/jsonrpc-utils/src/url.ts' file: Error: ENOENT: no such file or directory, open '/Users/zeshanwain/repos/bank-stablecoin/ui/node_modules/@walletconnect/jsonrpc-utils/src/url.ts'

WARNING in ./node_modules/@walletconnect/jsonrpc-utils/dist/esm/validators.js
Module Warning (from ./node_modules/source-map-loader/dist/cjs.js):
Failed to parse source map from '/Users/zeshanwain/repos/bank-stablecoin/ui/node_modules/@walletconnect/jsonrpc-utils/src/validators.ts' file: Error: ENOENT: no such file or directory, open '/Users/zeshanwain/repos/bank-stablecoin/ui/node_modules/@walletconnect/jsonrpc-utils/src/validators.ts'

WARNING in ./node_modules/@walletconnect/relay-auth/dist/esm/api.js
Module Warning (from ./node_modules/source-map-loader/dist/cjs.js):
Failed to parse source map from '/Users/zeshanwain/repos/bank-stablecoin/ui/node_modules/@walletconnect/relay-auth/src/api.ts' file: Error: ENOENT: no such file or directory, open '/Users/zeshanwain/repos/bank-stablecoin/ui/node_modules/@walletconnect/relay-auth/src/api.ts'

WARNING in ./node_modules/@walletconnect/relay-auth/dist/esm/constants.js
Module Warning (from ./node_modules/source-map-loader/dist/cjs.js):
Failed to parse source map from '/Users/zeshanwain/repos/bank-stablecoin/ui/node_modules/@walletconnect/relay-auth/src/constants.ts' file: Error: ENOENT: no such file or directory, open '/Users/zeshanwain/repos/bank-stablecoin/ui/node_modules/@walletconnect/relay-auth/src/constants.ts'

WARNING in ./node_modules/@walletconnect/relay-auth/dist/esm/index.js
Module Warning (from ./node_modules/source-map-loader/dist/cjs.js):
Failed to parse source map from '/Users/zeshanwain/repos/bank-stablecoin/ui/node_modules/@walletconnect/relay-auth/src/index.ts' file: Error: ENOENT: no such file or directory, open '/Users/zeshanwain/repos/bank-stablecoin/ui/node_modules/@walletconnect/relay-auth/src/index.ts'

WARNING in ./node_modules/@walletconnect/relay-auth/dist/esm/types.js
Module Warning (from ./node_modules/source-map-loader/dist/cjs.js):
Failed to parse source map from '/Users/zeshanwain/repos/bank-stablecoin/ui/node_modules/@walletconnect/relay-auth/src/types.ts' file: Error: ENOENT: no such file or directory, open '/Users/zeshanwain/repos/bank-stablecoin/ui/node_modules/@walletconnect/relay-auth/src/types.ts'

WARNING in ./node_modules/@walletconnect/relay-auth/dist/esm/utils.js
Module Warning (from ./node_modules/source-map-loader/dist/cjs.js):
Failed to parse source map from '/Users/zeshanwain/repos/bank-stablecoin/ui/node_modules/@walletconnect/relay-auth/src/utils.ts' file: Error: ENOENT: no such file or directory, open '/Users/zeshanwain/repos/bank-stablecoin/ui/node_modules/@walletconnect/relay-auth/src/utils.ts'

WARNING in ./node_modules/@walletconnect/safe-json/dist/esm/index.js
Module Warning (from ./node_modules/source-map-loader/dist/cjs.js):
Failed to parse source map from '/Users/zeshanwain/repos/bank-stablecoin/ui/node_modules/@walletconnect/safe-json/src/index.ts' file: Error: ENOENT: no such file or directory, open '/Users/zeshanwain/repos/bank-stablecoin/ui/node_modules/@walletconnect/safe-json/src/index.ts'

WARNING in ./node_modules/@walletconnect/time/dist/cjs/constants/index.js
Module Warning (from ./node_modules/source-map-loader/dist/cjs.js):
Failed to parse source map from '/Users/zeshanwain/repos/bank-stablecoin/ui/node_modules/@walletconnect/time/src/constants/index.ts' file: Error: ENOENT: no such file or directory, open '/Users/zeshanwain/repos/bank-stablecoin/ui/node_modules/@walletconnect/time/src/constants/index.ts'

WARNING in ./node_modules/@walletconnect/time/dist/cjs/constants/misc.js
Module Warning (from ./node_modules/source-map-loader/dist/cjs.js):
Failed to parse source map from '/Users/zeshanwain/repos/bank-stablecoin/ui/node_modules/@walletconnect/time/src/constants/misc.ts' file: Error: ENOENT: no such file or directory, open '/Users/zeshanwain/repos/bank-stablecoin/ui/node_modules/@walletconnect/time/src/constants/misc.ts'

WARNING in ./node_modules/@walletconnect/time/dist/cjs/constants/time.js
Module Warning (from ./node_modules/source-map-loader/dist/cjs.js):
Failed to parse source map from '/Users/zeshanwain/repos/bank-stablecoin/ui/node_modules/@walletconnect/time/src/constants/time.ts' file: Error: ENOENT: no such file or directory, open '/Users/zeshanwain/repos/bank-stablecoin/ui/node_modules/@walletconnect/time/src/constants/time.ts'

WARNING in ./node_modules/@walletconnect/time/dist/cjs/index.js
Module Warning (from ./node_modules/source-map-loader/dist/cjs.js):
Failed to parse source map from '/Users/zeshanwain/repos/bank-stablecoin/ui/node_modules/@walletconnect/time/src/index.ts' file: Error: ENOENT: no such file or directory, open '/Users/zeshanwain/repos/bank-stablecoin/ui/node_modules/@walletconnect/time/src/index.ts'

WARNING in ./node_modules/@walletconnect/time/dist/cjs/types/index.js
Module Warning (from ./node_modules/source-map-loader/dist/cjs.js):
Failed to parse source map from '/Users/zeshanwain/repos/bank-stablecoin/ui/node_modules/@walletconnect/time/src/types/index.ts' file: Error: ENOENT: no such file or directory, open '/Users/zeshanwain/repos/bank-stablecoin/ui/node_modules/@walletconnect/time/src/types/index.ts'

WARNING in ./node_modules/@walletconnect/time/dist/cjs/types/watch.js
Module Warning (from ./node_modules/source-map-loader/dist/cjs.js):
Failed to parse source map from '/Users/zeshanwain/repos/bank-stablecoin/ui/node_modules/@walletconnect/time/src/types/watch.ts' file: Error: ENOENT: no such file or directory, open '/Users/zeshanwain/repos/bank-stablecoin/ui/node_modules/@walletconnect/time/src/types/watch.ts'

WARNING in ./node_modules/@walletconnect/time/dist/cjs/utils/convert.js
Module Warning (from ./node_modules/source-map-loader/dist/cjs.js):
Failed to parse source map from '/Users/zeshanwain/repos/bank-stablecoin/ui/node_modules/@walletconnect/time/src/utils/convert.ts' file: Error: ENOENT: no such file or directory, open '/Users/zeshanwain/repos/bank-stablecoin/ui/node_modules/@walletconnect/time/src/utils/convert.ts'

WARNING in ./node_modules/@walletconnect/time/dist/cjs/utils/delay.js
Module Warning (from ./node_modules/source-map-loader/dist/cjs.js):
Failed to parse source map from '/Users/zeshanwain/repos/bank-stablecoin/ui/node_modules/@walletconnect/time/src/utils/delay.ts' file: Error: ENOENT: no such file or directory, open '/Users/zeshanwain/repos/bank-stablecoin/ui/node_modules/@walletconnect/time/src/utils/delay.ts'

WARNING in ./node_modules/@walletconnect/time/dist/cjs/utils/index.js
Module Warning (from ./node_modules/source-map-loader/dist/cjs.js):
Failed to parse source map from '/Users/zeshanwain/repos/bank-stablecoin/ui/node_modules/@walletconnect/time/src/utils/index.ts' file: Error: ENOENT: no such file or directory, open '/Users/zeshanwain/repos/bank-stablecoin/ui/node_modules/@walletconnect/time/src/utils/index.ts'

WARNING in ./node_modules/@walletconnect/time/dist/cjs/watch.js
Module Warning (from ./node_modules/source-map-loader/dist/cjs.js):
Failed to parse source map from '/Users/zeshanwain/repos/bank-stablecoin/ui/node_modules/@walletconnect/time/src/watch.ts' file: Error: ENOENT: no such file or directory, open '/Users/zeshanwain/repos/bank-stablecoin/ui/node_modules/@walletconnect/time/src/watch.ts'

WARNING in ./node_modules/@walletconnect/window-getters/dist/cjs/index.js
Module Warning (from ./node_modules/source-map-loader/dist/cjs.js):
Failed to parse source map from '/Users/zeshanwain/repos/bank-stablecoin/ui/node_modules/@walletconnect/window-getters/src/index.ts' file: Error: ENOENT: no such file or directory, open '/Users/zeshanwain/repos/bank-stablecoin/ui/node_modules/@walletconnect/window-getters/src/index.ts'

WARNING in ./node_modules/@walletconnect/window-metadata/dist/cjs/index.js
Module Warning (from ./node_modules/source-map-loader/dist/cjs.js):
Failed to parse source map from '/Users/zeshanwain/repos/bank-stablecoin/ui/node_modules/@walletconnect/window-metadata/src/index.ts' file: Error: ENOENT: no such file or directory, open '/Users/zeshanwain/repos/bank-stablecoin/ui/node_modules/@walletconnect/window-metadata/src/index.ts'

WARNING in ./node_modules/eth-rpc-errors/dist/classes.js
Module Warning (from ./node_modules/source-map-loader/dist/cjs.js):
Failed to parse source map from '/Users/zeshanwain/repos/bank-stablecoin/ui/node_modules/eth-rpc-errors/src/classes.ts' file: Error: ENOENT: no such file or directory, open '/Users/zeshanwain/repos/bank-stablecoin/ui/node_modules/eth-rpc-errors/src/classes.ts'

WARNING in ./node_modules/eth-rpc-errors/dist/error-constants.js
Module Warning (from ./node_modules/source-map-loader/dist/cjs.js):
Failed to parse source map from '/Users/zeshanwain/repos/bank-stablecoin/ui/node_modules/eth-rpc-errors/src/error-constants.ts' file: Error: ENOENT: no such file or directory, open '/Users/zeshanwain/repos/bank-stablecoin/ui/node_modules/eth-rpc-errors/src/error-constants.ts'

WARNING in ./node_modules/eth-rpc-errors/dist/errors.js
Module Warning (from ./node_modules/source-map-loader/dist/cjs.js):
Failed to parse source map from '/Users/zeshanwain/repos/bank-stablecoin/ui/node_modules/eth-rpc-errors/src/errors.ts' file: Error: ENOENT: no such file or directory, open '/Users/zeshanwain/repos/bank-stablecoin/ui/node_modules/eth-rpc-errors/src/errors.ts'

WARNING in ./node_modules/eth-rpc-errors/dist/index.js
Module Warning (from ./node_modules/source-map-loader/dist/cjs.js):
Failed to parse source map from '/Users/zeshanwain/repos/bank-stablecoin/ui/node_modules/eth-rpc-errors/src/index.ts' file: Error: ENOENT: no such file or directory, open '/Users/zeshanwain/repos/bank-stablecoin/ui/node_modules/eth-rpc-errors/src/index.ts'

WARNING in ./node_modules/eth-rpc-errors/dist/utils.js
Module Warning (from ./node_modules/source-map-loader/dist/cjs.js):
Failed to parse source map from '/Users/zeshanwain/repos/bank-stablecoin/ui/node_modules/eth-rpc-errors/src/utils.ts' file: Error: ENOENT: no such file or directory, open '/Users/zeshanwain/repos/bank-stablecoin/ui/node_modules/eth-rpc-errors/src/utils.ts'

WARNING in ./node_modules/json-rpc-engine/dist/JsonRpcEngine.js
Module Warning (from ./node_modules/source-map-loader/dist/cjs.js):
Failed to parse source map from '/Users/zeshanwain/repos/bank-stablecoin/ui/node_modules/json-rpc-engine/src/JsonRpcEngine.ts' file: Error: ENOENT: no such file or directory, open '/Users/zeshanwain/repos/bank-stablecoin/ui/node_modules/json-rpc-engine/src/JsonRpcEngine.ts'

WARNING in ./node_modules/json-rpc-engine/dist/createAsyncMiddleware.js
Module Warning (from ./node_modules/source-map-loader/dist/cjs.js):
Failed to parse source map from '/Users/zeshanwain/repos/bank-stablecoin/ui/node_modules/json-rpc-engine/src/createAsyncMiddleware.ts' file: Error: ENOENT: no such file or directory, open '/Users/zeshanwain/repos/bank-stablecoin/ui/node_modules/json-rpc-engine/src/createAsyncMiddleware.ts'

WARNING in ./node_modules/json-rpc-engine/dist/createScaffoldMiddleware.js
Module Warning (from ./node_modules/source-map-loader/dist/cjs.js):
Failed to parse source map from '/Users/zeshanwain/repos/bank-stablecoin/ui/node_modules/json-rpc-engine/src/createScaffoldMiddleware.ts' file: Error: ENOENT: no such file or directory, open '/Users/zeshanwain/repos/bank-stablecoin/ui/node_modules/json-rpc-engine/src/createScaffoldMiddleware.ts'

WARNING in ./node_modules/json-rpc-engine/dist/getUniqueId.js
Module Warning (from ./node_modules/source-map-loader/dist/cjs.js):
Failed to parse source map from '/Users/zeshanwain/repos/bank-stablecoin/ui/node_modules/json-rpc-engine/src/getUniqueId.ts' file: Error: ENOENT: no such file or directory, open '/Users/zeshanwain/repos/bank-stablecoin/ui/node_modules/json-rpc-engine/src/getUniqueId.ts'

WARNING in ./node_modules/json-rpc-engine/dist/idRemapMiddleware.js
Module Warning (from ./node_modules/source-map-loader/dist/cjs.js):
Failed to parse source map from '/Users/zeshanwain/repos/bank-stablecoin/ui/node_modules/json-rpc-engine/src/idRemapMiddleware.ts' file: Error: ENOENT: no such file or directory, open '/Users/zeshanwain/repos/bank-stablecoin/ui/node_modules/json-rpc-engine/src/idRemapMiddleware.ts'

WARNING in ./node_modules/json-rpc-engine/dist/index.js
Module Warning (from ./node_modules/source-map-loader/dist/cjs.js):
Failed to parse source map from '/Users/zeshanwain/repos/bank-stablecoin/ui/node_modules/json-rpc-engine/src/index.ts' file: Error: ENOENT: no such file or directory, open '/Users/zeshanwain/repos/bank-stablecoin/ui/node_modules/json-rpc-engine/src/index.ts'

WARNING in ./node_modules/json-rpc-engine/dist/mergeMiddleware.js
Module Warning (from ./node_modules/source-map-loader/dist/cjs.js):
Failed to parse source map from '/Users/zeshanwain/repos/bank-stablecoin/ui/node_modules/json-rpc-engine/src/mergeMiddleware.ts' file: Error: ENOENT: no such file or directory, open '/Users/zeshanwain/repos/bank-stablecoin/ui/node_modules/json-rpc-engine/src/mergeMiddleware.ts'

WARNING in ./node_modules/json-rpc-engine/node_modules/@metamask/safe-event-emitter/index.js
Module Warning (from ./node_modules/source-map-loader/dist/cjs.js):
Failed to parse source map from '/Users/zeshanwain/repos/bank-stablecoin/ui/node_modules/json-rpc-engine/node_modules/@metamask/safe-event-emitter/index.ts' file: Error: ENOENT: no such file or directory, open '/Users/zeshanwain/repos/bank-stablecoin/ui/node_modules/json-rpc-engine/node_modules/@metamask/safe-event-emitter/index.ts'

WARNING in ./node_modules/superstruct/dist/index.mjs
Module Warning (from ./node_modules/source-map-loader/dist/cjs.js):
Failed to parse source map from '/Users/zeshanwain/repos/bank-stablecoin/ui/node_modules/superstruct/src/error.ts' file: Error: ENOENT: no such file or directory, open '/Users/zeshanwain/repos/bank-stablecoin/ui/node_modules/superstruct/src/error.ts'

WARNING in ./node_modules/superstruct/dist/index.mjs
Module Warning (from ./node_modules/source-map-loader/dist/cjs.js):
Failed to parse source map from '/Users/zeshanwain/repos/bank-stablecoin/ui/node_modules/superstruct/src/struct.ts' file: Error: ENOENT: no such file or directory, open '/Users/zeshanwain/repos/bank-stablecoin/ui/node_modules/superstruct/src/struct.ts'

WARNING in ./node_modules/superstruct/dist/index.mjs
Module Warning (from ./node_modules/source-map-loader/dist/cjs.js):
Failed to parse source map from '/Users/zeshanwain/repos/bank-stablecoin/ui/node_modules/superstruct/src/structs/coercions.ts' file: Error: ENOENT: no such file or directory, open '/Users/zeshanwain/repos/bank-stablecoin/ui/node_modules/superstruct/src/structs/coercions.ts'

WARNING in ./node_modules/superstruct/dist/index.mjs
Module Warning (from ./node_modules/source-map-loader/dist/cjs.js):
Failed to parse source map from '/Users/zeshanwain/repos/bank-stablecoin/ui/node_modules/superstruct/src/structs/refinements.ts' file: Error: ENOENT: no such file or directory, open '/Users/zeshanwain/repos/bank-stablecoin/ui/node_modules/superstruct/src/structs/refinements.ts'

WARNING in ./node_modules/superstruct/dist/index.mjs
Module Warning (from ./node_modules/source-map-loader/dist/cjs.js):
Failed to parse source map from '/Users/zeshanwain/repos/bank-stablecoin/ui/node_modules/superstruct/src/structs/types.ts' file: Error: ENOENT: no such file or directory, open '/Users/zeshanwain/repos/bank-stablecoin/ui/node_modules/superstruct/src/structs/types.ts'

WARNING in ./node_modules/superstruct/dist/index.mjs
Module Warning (from ./node_modules/source-map-loader/dist/cjs.js):
Failed to parse source map from '/Users/zeshanwain/repos/bank-stablecoin/ui/node_modules/superstruct/src/structs/utilities.ts' file: Error: ENOENT: no such file or directory, open '/Users/zeshanwain/repos/bank-stablecoin/ui/node_modules/superstruct/src/structs/utilities.ts'

WARNING in ./node_modules/superstruct/dist/index.mjs
Module Warning (from ./node_modules/source-map-loader/dist/cjs.js):
Failed to parse source map from '/Users/zeshanwain/repos/bank-stablecoin/ui/node_modules/superstruct/src/utils.ts' file: Error: ENOENT: no such file or directory, open '/Users/zeshanwain/repos/bank-stablecoin/ui/node_modules/superstruct/src/utils.ts'

WARNING in [eslint] 
src/daml.js/40f452260bef3f29dede136108fc08a88d5a5250310281067087da6f0baddff7/lib/DA/Types/index.js
  Line 1:1:  'use strict' is unnecessary inside of modules  strict

src/daml.js/40f452260bef3f29dede136108fc08a88d5a5250310281067087da6f0baddff7/lib/DA/Types/module.js
  Line 1:1:    'use strict' is unnecessary inside of modules  strict
  Line 22:14:  Expected an error object to be thrown          no-throw-literal

src/daml.js/40f452260bef3f29dede136108fc08a88d5a5250310281067087da6f0baddff7/lib/DA/index.js
  Line 1:1:  'use strict' is unnecessary inside of modules  strict

src/daml.js/40f452260bef3f29dede136108fc08a88d5a5250310281067087da6f0baddff7/lib/index.js
  Line 1:1:  'use strict' is unnecessary inside of modules  strict

src/daml.js/bank-stablecoin-1.0.0/lib/Model/AtomicSwap/index.js
  Line 1:1:  'use strict' is unnecessary inside of modules  strict

src/daml.js/bank-stablecoin-1.0.0/lib/Model/AtomicSwap/module.js
  Line 1:1:     'use strict' is unnecessary inside of modules  strict
  Line 48:28:   Expected an error object to be thrown          no-throw-literal
  Line 124:28:  Expected an error object to be thrown          no-throw-literal
  Line 221:28:  Expected an error object to be thrown          no-throw-literal
  Line 303:28:  Expected an error object to be thrown          no-throw-literal

src/daml.js/bank-stablecoin-1.0.0/lib/Model/Compliance/index.js
  Line 1:1:  'use strict' is unnecessary inside of modules  strict

src/daml.js/bank-stablecoin-1.0.0/lib/Model/Compliance/module.js
  Line 1:1:     'use strict' is unnecessary inside of modules  strict
  Line 49:28:   Expected an error object to be thrown          no-throw-literal
  Line 111:28:  Expected an error object to be thrown          no-throw-literal
  Line 178:28:  Expected an error object to be thrown          no-throw-literal

src/daml.js/bank-stablecoin-1.0.0/lib/Model/Loan/index.js
  Line 1:1:  'use strict' is unnecessary inside of modules  strict

src/daml.js/bank-stablecoin-1.0.0/lib/Model/Loan/module.js
  Line 1:1:     'use strict' is unnecessary inside of modules  strict
  Line 48:28:   Expected an error object to be thrown          no-throw-literal
  Line 135:28:  Expected an error object to be thrown          no-throw-literal
  Line 244:28:  Expected an error object to be thrown          no-throw-literal

src/daml.js/bank-stablecoin-1.0.0/lib/Model/MultiSig/index.js
  Line 1:1:  'use strict' is unnecessary inside of modules  strict

src/daml.js/bank-stablecoin-1.0.0/lib/Model/MultiSig/module.js
  Line 1:1:     'use strict' is unnecessary inside of modules  strict
  Line 49:28:   Expected an error object to be thrown          no-throw-literal
  Line 133:28:  Expected an error object to be thrown          no-throw-literal
  Line 228:28:  Expected an error object to be thrown          no-throw-literal

src/daml.js/bank-stablecoin-1.0.0/lib/Model/RealBankAccount/index.js
  Line 1:1:  'use strict' is unnecessary inside of modules  strict

src/daml.js/bank-stablecoin-1.0.0/lib/Model/RealBankAccount/module.js
  Line 1:1:     'use strict' is unnecessary inside of modules  strict
  Line 52:28:   Expected an error object to be thrown          no-throw-literal
  Line 115:28:  Expected an error object to be thrown          no-throw-literal
  Line 188:28:  Expected an error object to be thrown          no-throw-literal
  Line 256:28:  Expected an error object to be thrown          no-throw-literal
  Line 375:28:  Expected an error object to be thrown          no-throw-literal
  Line 462:28:  Expected an error object to be thrown          no-throw-literal

src/daml.js/bank-stablecoin-1.0.0/lib/Model/Stablecoin/index.js
  Line 1:1:  'use strict' is unnecessary inside of modules  strict

src/daml.js/bank-stablecoin-1.0.0/lib/Model/Stablecoin/module.js
  Line 1:1:     'use strict' is unnecessary inside of modules  strict
  Line 23:28:   Expected an error object to be thrown          no-throw-literal
  Line 89:28:   Expected an error object to be thrown          no-throw-literal
  Line 178:28:  Expected an error object to be thrown          no-throw-literal
  Line 235:28:  Expected an error object to be thrown          no-throw-literal
  Line 304:28:  Expected an error object to be thrown          no-throw-literal
  Line 405:28:  Expected an error object to be thrown          no-throw-literal

src/daml.js/d14e08374fc7197d6a0de468c968ae8ba3aadbf9315476fd39071831f5923662/lib/DA/Internal/Template/index.js
  Line 1:1:  'use strict' is unnecessary inside of modules  strict

src/daml.js/d14e08374fc7197d6a0de468c968ae8ba3aadbf9315476fd39071831f5923662/lib/DA/Internal/Template/module.js
  Line 1:1:  'use strict' is unnecessary inside of modules  strict

src/daml.js/d14e08374fc7197d6a0de468c968ae8ba3aadbf9315476fd39071831f5923662/lib/DA/Internal/index.js
  Line 1:1:  'use strict' is unnecessary inside of modules  strict

src/daml.js/d14e08374fc7197d6a0de468c968ae8ba3aadbf9315476fd39071831f5923662/lib/DA/index.js
  Line 1:1:  'use strict' is unnecessary inside of modules  strict

src/daml.js/d14e08374fc7197d6a0de468c968ae8ba3aadbf9315476fd39071831f5923662/lib/index.js
  Line 1:1:  'use strict' is unnecessary inside of modules  strict

webpack compiled with 73 warnings
Files successfully emitted, waiting for typecheck results...
Issues checking in progress...
ERROR in src/contexts/WalletContext.tsx:14:29
TS2554: Expected 0 arguments, but got 1.
    12 |
    13 | // Create wagmi config
  > 14 | const config = createConfig({
       |                             ^
  > 15 |   chains: [sepolia, polygonMumbai, arbitrumSepolia, optimismSepolia],
       | ^^^^^^^^^^^^^^^^^^^^^^^^^^^^^^^^^^^^^^^^^^^^^^^^^^^^^^^^^^^^^^^^^^^^^
  > 16 |   connectors: [
       | ^^^^^^^^^^^^^^^^^^^^^^^^^^^^^^^^^^^^^^^^^^^^^^^^^^^^^^^^^^^^^^^^^^^^^
  > 17 |     injected(),
       | ^^^^^^^^^^^^^^^^^^^^^^^^^^^^^^^^^^^^^^^^^^^^^^^^^^^^^^^^^^^^^^^^^^^^^
  > 18 |     walletConnect({
       | ^^^^^^^^^^^^^^^^^^^^^^^^^^^^^^^^^^^^^^^^^^^^^^^^^^^^^^^^^^^^^^^^^^^^^
  > 19 |       projectId: '0a3fc14c4ea735512ac97ba826580151',
       | ^^^^^^^^^^^^^^^^^^^^^^^^^^^^^^^^^^^^^^^^^^^^^^^^^^^^^^^^^^^^^^^^^^^^^
  > 20 |     }),
       | ^^^^^^^^^^^^^^^^^^^^^^^^^^^^^^^^^^^^^^^^^^^^^^^^^^^^^^^^^^^^^^^^^^^^^
  > 21 |   ],
       | ^^^^^^^^^^^^^^^^^^^^^^^^^^^^^^^^^^^^^^^^^^^^^^^^^^^^^^^^^^^^^^^^^^^^^
  > 22 |   transports: {
       | ^^^^^^^^^^^^^^^^^^^^^^^^^^^^^^^^^^^^^^^^^^^^^^^^^^^^^^^^^^^^^^^^^^^^^
  > 23 |     [sepolia.id]: http(),
       | ^^^^^^^^^^^^^^^^^^^^^^^^^^^^^^^^^^^^^^^^^^^^^^^^^^^^^^^^^^^^^^^^^^^^^
  > 24 |     [polygonMumbai.id]: http(),
       | ^^^^^^^^^^^^^^^^^^^^^^^^^^^^^^^^^^^^^^^^^^^^^^^^^^^^^^^^^^^^^^^^^^^^^
  > 25 |     [arbitrumSepolia.id]: http(),
       | ^^^^^^^^^^^^^^^^^^^^^^^^^^^^^^^^^^^^^^^^^^^^^^^^^^^^^^^^^^^^^^^^^^^^^
  > 26 |     [optimismSepolia.id]: http(),
       | ^^^^^^^^^^^^^^^^^^^^^^^^^^^^^^^^^^^^^^^^^^^^^^^^^^^^^^^^^^^^^^^^^^^^^
  > 27 |   },
       | ^^^^^^^^^^^^^^^^^^^^^^^^^^^^^^^^^^^^^^^^^^^^^^^^^^^^^^^^^^^^^^^^^^^^^
  > 28 | });
       | ^^
    29 |
    30 | interface WalletContextType {
    31 |   address?: `0x${string}`;

Compiling...
Failed to compile.

SyntaxError: /Users/zeshanwain/repos/bank-stablecoin/ui/src/contexts/WalletContext.tsx: Identifier 'createConfig' has already been declared. (3:9)
  1 | import React, { createContext, useContext } from 'react';
  2 | import { createConfig, http, Config } from 'wagmi';
> 3 | import { createConfig } from '@wagmi/core';
    |          ^
  4 | import type { Chain } from 'viem';
  5 | import { sepolia, polygonMumbai, arbitrumSepolia, optimismSepolia } from 'viem/chains';
  6 | import { injected, walletConnect } from '@wagmi/connectors';
    at parser.next (<anonymous>)
    at normalizeFile.next (<anonymous>)
    at run.next (<anonymous>)
    at transform.next (<anonymous>)
WARNING in ./node_modules/@daml/ledger/index.js
Module Warning (from ./node_modules/source-map-loader/dist/cjs.js):
Failed to parse source map from '/Users/zeshanwain/language-support/ts/daml-ledger/index.ts' file: Error: ENOENT: no such file or directory, open '/Users/zeshanwain/language-support/ts/daml-ledger/index.ts'

WARNING in ./node_modules/@daml/react/createLedgerContext.js
Module Warning (from ./node_modules/source-map-loader/dist/cjs.js):
Failed to parse source map from '/Users/zeshanwain/language-support/ts/daml-react/createLedgerContext.ts' file: Error: ENOENT: no such file or directory, open '/Users/zeshanwain/language-support/ts/daml-react/createLedgerContext.ts'

WARNING in ./node_modules/@daml/react/defaultLedgerContext.js
Module Warning (from ./node_modules/source-map-loader/dist/cjs.js):
Failed to parse source map from '/Users/zeshanwain/language-support/ts/daml-react/defaultLedgerContext.ts' file: Error: ENOENT: no such file or directory, open '/Users/zeshanwain/language-support/ts/daml-react/defaultLedgerContext.ts'

WARNING in ./node_modules/@daml/react/index.js
Module Warning (from ./node_modules/source-map-loader/dist/cjs.js):
Failed to parse source map from '/Users/zeshanwain/language-support/ts/daml-react/index.ts' file: Error: ENOENT: no such file or directory, open '/Users/zeshanwain/language-support/ts/daml-react/index.ts'

WARNING in ./node_modules/@daml/types/index.js
Module Warning (from ./node_modules/source-map-loader/dist/cjs.js):
Failed to parse source map from '/Users/zeshanwain/language-support/ts/daml-types/index.ts' file: Error: ENOENT: no such file or directory, open '/Users/zeshanwain/language-support/ts/daml-types/index.ts'

WARNING in [eslint] 
src/contexts/WalletContext.tsx
  Line 3:10:  'createConfig' is already defined  @typescript-eslint/no-redeclare
  Line 4:15:  'Chain' is defined but never used  @typescript-eslint/no-unused-vars

src/daml.js/40f452260bef3f29dede136108fc08a88d5a5250310281067087da6f0baddff7/lib/DA/Types/index.js
  Line 1:1:  'use strict' is unnecessary inside of modules  strict

src/daml.js/40f452260bef3f29dede136108fc08a88d5a5250310281067087da6f0baddff7/lib/DA/Types/module.js
  Line 1:1:    'use strict' is unnecessary inside of modules  strict
  Line 22:14:  Expected an error object to be thrown          no-throw-literal

src/daml.js/40f452260bef3f29dede136108fc08a88d5a5250310281067087da6f0baddff7/lib/DA/index.js
  Line 1:1:  'use strict' is unnecessary inside of modules  strict

src/daml.js/40f452260bef3f29dede136108fc08a88d5a5250310281067087da6f0baddff7/lib/index.js
  Line 1:1:  'use strict' is unnecessary inside of modules  strict

src/daml.js/bank-stablecoin-1.0.0/lib/Model/AtomicSwap/index.js
  Line 1:1:  'use strict' is unnecessary inside of modules  strict

src/daml.js/bank-stablecoin-1.0.0/lib/Model/AtomicSwap/module.js
  Line 1:1:     'use strict' is unnecessary inside of modules  strict
  Line 48:28:   Expected an error object to be thrown          no-throw-literal
  Line 124:28:  Expected an error object to be thrown          no-throw-literal
  Line 221:28:  Expected an error object to be thrown          no-throw-literal
  Line 303:28:  Expected an error object to be thrown          no-throw-literal

src/daml.js/bank-stablecoin-1.0.0/lib/Model/Compliance/index.js
  Line 1:1:  'use strict' is unnecessary inside of modules  strict

src/daml.js/bank-stablecoin-1.0.0/lib/Model/Compliance/module.js
  Line 1:1:     'use strict' is unnecessary inside of modules  strict
  Line 49:28:   Expected an error object to be thrown          no-throw-literal
  Line 111:28:  Expected an error object to be thrown          no-throw-literal
  Line 178:28:  Expected an error object to be thrown          no-throw-literal

src/daml.js/bank-stablecoin-1.0.0/lib/Model/Loan/index.js
  Line 1:1:  'use strict' is unnecessary inside of modules  strict

src/daml.js/bank-stablecoin-1.0.0/lib/Model/Loan/module.js
  Line 1:1:     'use strict' is unnecessary inside of modules  strict
  Line 48:28:   Expected an error object to be thrown          no-throw-literal
  Line 135:28:  Expected an error object to be thrown          no-throw-literal
  Line 244:28:  Expected an error object to be thrown          no-throw-literal

src/daml.js/bank-stablecoin-1.0.0/lib/Model/MultiSig/index.js
  Line 1:1:  'use strict' is unnecessary inside of modules  strict

src/daml.js/bank-stablecoin-1.0.0/lib/Model/MultiSig/module.js
  Line 1:1:     'use strict' is unnecessary inside of modules  strict
  Line 49:28:   Expected an error object to be thrown          no-throw-literal
  Line 133:28:  Expected an error object to be thrown          no-throw-literal
  Line 228:28:  Expected an error object to be thrown          no-throw-literal

src/daml.js/bank-stablecoin-1.0.0/lib/Model/RealBankAccount/index.js
  Line 1:1:  'use strict' is unnecessary inside of modules  strict

src/daml.js/bank-stablecoin-1.0.0/lib/Model/RealBankAccount/module.js
  Line 1:1:     'use strict' is unnecessary inside of modules  strict
  Line 52:28:   Expected an error object to be thrown          no-throw-literal
  Line 115:28:  Expected an error object to be thrown          no-throw-literal
  Line 188:28:  Expected an error object to be thrown          no-throw-literal
  Line 256:28:  Expected an error object to be thrown          no-throw-literal
  Line 375:28:  Expected an error object to be thrown          no-throw-literal
  Line 462:28:  Expected an error object to be thrown          no-throw-literal

src/daml.js/bank-stablecoin-1.0.0/lib/Model/Stablecoin/index.js
  Line 1:1:  'use strict' is unnecessary inside of modules  strict

src/daml.js/bank-stablecoin-1.0.0/lib/Model/Stablecoin/module.js
  Line 1:1:     'use strict' is unnecessary inside of modules  strict
  Line 23:28:   Expected an error object to be thrown          no-throw-literal
  Line 89:28:   Expected an error object to be thrown          no-throw-literal
  Line 178:28:  Expected an error object to be thrown          no-throw-literal
  Line 235:28:  Expected an error object to be thrown          no-throw-literal
  Line 304:28:  Expected an error object to be thrown          no-throw-literal
  Line 405:28:  Expected an error object to be thrown          no-throw-literal

src/daml.js/d14e08374fc7197d6a0de468c968ae8ba3aadbf9315476fd39071831f5923662/lib/DA/Internal/Template/index.js
  Line 1:1:  'use strict' is unnecessary inside of modules  strict

src/daml.js/d14e08374fc7197d6a0de468c968ae8ba3aadbf9315476fd39071831f5923662/lib/DA/Internal/Template/module.js
  Line 1:1:  'use strict' is unnecessary inside of modules  strict

src/daml.js/d14e08374fc7197d6a0de468c968ae8ba3aadbf9315476fd39071831f5923662/lib/DA/Internal/index.js
  Line 1:1:  'use strict' is unnecessary inside of modules  strict

src/daml.js/d14e08374fc7197d6a0de468c968ae8ba3aadbf9315476fd39071831f5923662/lib/DA/index.js
  Line 1:1:  'use strict' is unnecessary inside of modules  strict

src/daml.js/d14e08374fc7197d6a0de468c968ae8ba3aadbf9315476fd39071831f5923662/lib/index.js
  Line 1:1:  'use strict' is unnecessary inside of modules  strict

ERROR in ./src/contexts/WalletContext.tsx
Module build failed (from ./node_modules/babel-loader/lib/index.js):
SyntaxError: /Users/zeshanwain/repos/bank-stablecoin/ui/src/contexts/WalletContext.tsx: Identifier 'createConfig' has already been declared. (3:9)

  1 | import React, { createContext, useContext } from 'react';
  2 | import { createConfig, http, Config } from 'wagmi';
> 3 | import { createConfig } from '@wagmi/core';
    |          ^
  4 | import type { Chain } from 'viem';
  5 | import { sepolia, polygonMumbai, arbitrumSepolia, optimismSepolia } from 'viem/chains';
  6 | import { injected, walletConnect } from '@wagmi/connectors';
    at constructor (/Users/zeshanwain/repos/bank-stablecoin/ui/node_modules/@babel/parser/lib/index.js:367:19)
    at TypeScriptParserMixin.raise (/Users/zeshanwain/repos/bank-stablecoin/ui/node_modules/@babel/parser/lib/index.js:6630:19)
    at TypeScriptScopeHandler.declareName (/Users/zeshanwain/repos/bank-stablecoin/ui/node_modules/@babel/parser/lib/index.js:4899:21)
    at TypeScriptParserMixin.declareNameFromIdentifier (/Users/zeshanwain/repos/bank-stablecoin/ui/node_modules/@babel/parser/lib/index.js:7594:16)
    at TypeScriptParserMixin.checkIdentifier (/Users/zeshanwain/repos/bank-stablecoin/ui/node_modules/@babel/parser/lib/index.js:7590:12)
    at TypeScriptParserMixin.checkLVal (/Users/zeshanwain/repos/bank-stablecoin/ui/node_modules/@babel/parser/lib/index.js:7529:12)
    at TypeScriptParserMixin.finishImportSpecifier (/Users/zeshanwain/repos/bank-stablecoin/ui/node_modules/@babel/parser/lib/index.js:14275:10)
    at TypeScriptParserMixin.parseImportSpecifier (/Users/zeshanwain/repos/bank-stablecoin/ui/node_modules/@babel/parser/lib/index.js:14432:17)
    at TypeScriptParserMixin.parseImportSpecifier (/Users/zeshanwain/repos/bank-stablecoin/ui/node_modules/@babel/parser/lib/index.js:10171:18)
    at TypeScriptParserMixin.parseNamedImportSpecifiers (/Users/zeshanwain/repos/bank-stablecoin/ui/node_modules/@babel/parser/lib/index.js:14411:36)
    at TypeScriptParserMixin.parseImportSpecifiersAndAfter (/Users/zeshanwain/repos/bank-stablecoin/ui/node_modules/@babel/parser/lib/index.js:14251:37)
    at TypeScriptParserMixin.parseImport (/Users/zeshanwain/repos/bank-stablecoin/ui/node_modules/@babel/parser/lib/index.js:14244:17)
    at TypeScriptParserMixin.parseImport (/Users/zeshanwain/repos/bank-stablecoin/ui/node_modules/@babel/parser/lib/index.js:9441:26)
    at TypeScriptParserMixin.parseStatementContent (/Users/zeshanwain/repos/bank-stablecoin/ui/node_modules/@babel/parser/lib/index.js:12885:27)
    at TypeScriptParserMixin.parseStatementContent (/Users/zeshanwain/repos/bank-stablecoin/ui/node_modules/@babel/parser/lib/index.js:9532:18)
    at TypeScriptParserMixin.parseStatementLike (/Users/zeshanwain/repos/bank-stablecoin/ui/node_modules/@babel/parser/lib/index.js:12776:17)
    at TypeScriptParserMixin.parseModuleItem (/Users/zeshanwain/repos/bank-stablecoin/ui/node_modules/@babel/parser/lib/index.js:12753:17)
    at TypeScriptParserMixin.parseBlockOrModuleBlockBody (/Users/zeshanwain/repos/bank-stablecoin/ui/node_modules/@babel/parser/lib/index.js:13325:36)
    at TypeScriptParserMixin.parseBlockBody (/Users/zeshanwain/repos/bank-stablecoin/ui/node_modules/@babel/parser/lib/index.js:13318:10)
    at TypeScriptParserMixin.parseProgram (/Users/zeshanwain/repos/bank-stablecoin/ui/node_modules/@babel/parser/lib/index.js:12634:10)
    at TypeScriptParserMixin.parseTopLevel (/Users/zeshanwain/repos/bank-stablecoin/ui/node_modules/@babel/parser/lib/index.js:12624:25)
    at TypeScriptParserMixin.parse (/Users/zeshanwain/repos/bank-stablecoin/ui/node_modules/@babel/parser/lib/index.js:14501:10)
    at TypeScriptParserMixin.parse (/Users/zeshanwain/repos/bank-stablecoin/ui/node_modules/@babel/parser/lib/index.js:10149:18)
    at parse (/Users/zeshanwain/repos/bank-stablecoin/ui/node_modules/@babel/parser/lib/index.js:14535:38)
    at parser (/Users/zeshanwain/repos/bank-stablecoin/ui/node_modules/@babel/core/lib/parser/index.js:41:34)
    at parser.next (<anonymous>)
    at normalizeFile (/Users/zeshanwain/repos/bank-stablecoin/ui/node_modules/@babel/core/lib/transformation/normalize-file.js:64:37)
    at normalizeFile.next (<anonymous>)
    at run (/Users/zeshanwain/repos/bank-stablecoin/ui/node_modules/@babel/core/lib/transformation/index.js:22:50)
    at run.next (<anonymous>)
    at transform (/Users/zeshanwain/repos/bank-stablecoin/ui/node_modules/@babel/core/lib/transform.js:22:33)
    at transform.next (<anonymous>)
    at step (/Users/zeshanwain/repos/bank-stablecoin/ui/node_modules/gensync/index.js:261:32)
    at /Users/zeshanwain/repos/bank-stablecoin/ui/node_modules/gensync/index.js:273:13
    at async.call.result.err.err (/Users/zeshanwain/repos/bank-stablecoin/ui/node_modules/gensync/index.js:223:11)

ERROR in [eslint] 
src/contexts/WalletContext.tsx
  Line 52:6:  'WagmiProvider' is not defined  react/jsx-no-undef

Search for the keywords to learn more about each error.

webpack compiled with 2 errors and 6 warnings
Files successfully emitted, waiting for typecheck results...
Issues checking in progress...
ERROR in src/contexts/WalletContext.tsx:2:10
TS2300: Duplicate identifier 'createConfig'.
    1 | import React, { createContext, useContext } from 'react';
  > 2 | import { createConfig, http, Config } from 'wagmi';
      |          ^^^^^^^^^^^^
    3 | import { createConfig } from '@wagmi/core';
    4 | import type { Chain } from 'viem';
    5 | import { sepolia, polygonMumbai, arbitrumSepolia, optimismSepolia } from 'viem/chains';

ERROR in src/contexts/WalletContext.tsx:3:10
TS2300: Duplicate identifier 'createConfig'.
    1 | import React, { createContext, useContext } from 'react';
    2 | import { createConfig, http, Config } from 'wagmi';
  > 3 | import { createConfig } from '@wagmi/core';
      |          ^^^^^^^^^^^^
    4 | import type { Chain } from 'viem';
    5 | import { sepolia, polygonMumbai, arbitrumSepolia, optimismSepolia } from 'viem/chains';
    6 | import { injected, walletConnect } from '@wagmi/connectors';

ERROR in src/contexts/WalletContext.tsx:17:37
TS2554: Expected 0 arguments, but got 1.
    15 |
    16 | // Create config with explicit type
  > 17 | const config: Config = createConfig({
       |                                     ^
  > 18 |   chains,
       | ^^^^^^^^^
  > 19 |   connectors: [
       | ^^^^^^^^^
  > 20 |     injected(),
       | ^^^^^^^^^
  > 21 |     walletConnect({
       | ^^^^^^^^^
  > 22 |       projectId: '0a3fc14c4ea735512ac97ba826580151',
       | ^^^^^^^^^
  > 23 |     }),
       | ^^^^^^^^^
  > 24 |   ],
       | ^^^^^^^^^
  > 25 |   transports: {
       | ^^^^^^^^^
  > 26 |     [sepolia.id]: http(),
       | ^^^^^^^^^
  > 27 |     [polygonMumbai.id]: http(),
       | ^^^^^^^^^
  > 28 |     [arbitrumSepolia.id]: http(),
       | ^^^^^^^^^
  > 29 |     [optimismSepolia.id]: http(),
       | ^^^^^^^^^
  > 30 |   },
       | ^^^^^^^^^
  > 31 | }) as Config;
       | ^^
    32 |
    33 | interface WalletContextType {
    34 |   address?: `0x${string}`;

ERROR in src/contexts/WalletContext.tsx:52:6
TS2304: Cannot find name 'WagmiProvider'.
    50 | export const WalletProvider: React.FC<{ children: React.ReactNode }> = ({ children }) => {
    51 |   return (
  > 52 |     <WagmiProvider config={config as any}>
       |      ^^^^^^^^^^^^^
    53 |       <QueryClientProvider client={queryClient}>
    54 |         <WalletProviderInner>{children}</WalletProviderInner>
    55 |       </QueryClientProvider>

ERROR in src/contexts/WalletContext.tsx:56:7
TS2304: Cannot find name 'WagmiProvider'.
    54 |         <WalletProviderInner>{children}</WalletProviderInner>
    55 |       </QueryClientProvider>
  > 56 |     </WagmiProvider>
       |       ^^^^^^^^^^^^^
    57 |   );
    58 | };
    59 |

Compiling...
Failed to compile.

[eslint] 
src/contexts/WalletContext.tsx
  Line 52:6:  'WagmiProvider' is not defined  react/jsx-no-undef

Search for the keywords to learn more about each error.
WARNING in ./node_modules/@daml/ledger/index.js
Module Warning (from ./node_modules/source-map-loader/dist/cjs.js):
Failed to parse source map from '/Users/zeshanwain/language-support/ts/daml-ledger/index.ts' file: Error: ENOENT: no such file or directory, open '/Users/zeshanwain/language-support/ts/daml-ledger/index.ts'

WARNING in ./node_modules/@daml/react/createLedgerContext.js
Module Warning (from ./node_modules/source-map-loader/dist/cjs.js):
Failed to parse source map from '/Users/zeshanwain/language-support/ts/daml-react/createLedgerContext.ts' file: Error: ENOENT: no such file or directory, open '/Users/zeshanwain/language-support/ts/daml-react/createLedgerContext.ts'

WARNING in ./node_modules/@daml/react/defaultLedgerContext.js
Module Warning (from ./node_modules/source-map-loader/dist/cjs.js):
Failed to parse source map from '/Users/zeshanwain/language-support/ts/daml-react/defaultLedgerContext.ts' file: Error: ENOENT: no such file or directory, open '/Users/zeshanwain/language-support/ts/daml-react/defaultLedgerContext.ts'

WARNING in ./node_modules/@daml/react/index.js
Module Warning (from ./node_modules/source-map-loader/dist/cjs.js):
Failed to parse source map from '/Users/zeshanwain/language-support/ts/daml-react/index.ts' file: Error: ENOENT: no such file or directory, open '/Users/zeshanwain/language-support/ts/daml-react/index.ts'

WARNING in ./node_modules/@daml/types/index.js
Module Warning (from ./node_modules/source-map-loader/dist/cjs.js):
Failed to parse source map from '/Users/zeshanwain/language-support/ts/daml-types/index.ts' file: Error: ENOENT: no such file or directory, open '/Users/zeshanwain/language-support/ts/daml-types/index.ts'

WARNING in ./node_modules/@metamask/safe-event-emitter/dist/cjs/index.js
Module Warning (from ./node_modules/source-map-loader/dist/cjs.js):
Failed to parse source map from '/Users/zeshanwain/repos/bank-stablecoin/ui/node_modules/@metamask/safe-event-emitter/index.ts' file: Error: ENOENT: no such file or directory, open '/Users/zeshanwain/repos/bank-stablecoin/ui/node_modules/@metamask/safe-event-emitter/index.ts'

WARNING in ./node_modules/@safe-global/safe-gateway-typescript-sdk/dist/config.js
Module Warning (from ./node_modules/source-map-loader/dist/cjs.js):
Failed to parse source map from '/Users/zeshanwain/repos/bank-stablecoin/ui/node_modules/@safe-global/safe-gateway-typescript-sdk/src/config.ts' file: Error: ENOENT: no such file or directory, open '/Users/zeshanwain/repos/bank-stablecoin/ui/node_modules/@safe-global/safe-gateway-typescript-sdk/src/config.ts'

WARNING in ./node_modules/@safe-global/safe-gateway-typescript-sdk/dist/endpoint.js
Module Warning (from ./node_modules/source-map-loader/dist/cjs.js):
Failed to parse source map from '/Users/zeshanwain/repos/bank-stablecoin/ui/node_modules/@safe-global/safe-gateway-typescript-sdk/src/endpoint.ts' file: Error: ENOENT: no such file or directory, open '/Users/zeshanwain/repos/bank-stablecoin/ui/node_modules/@safe-global/safe-gateway-typescript-sdk/src/endpoint.ts'

WARNING in ./node_modules/@safe-global/safe-gateway-typescript-sdk/dist/index.js
Module Warning (from ./node_modules/source-map-loader/dist/cjs.js):
Failed to parse source map from '/Users/zeshanwain/repos/bank-stablecoin/ui/node_modules/@safe-global/safe-gateway-typescript-sdk/src/index.ts' file: Error: ENOENT: no such file or directory, open '/Users/zeshanwain/repos/bank-stablecoin/ui/node_modules/@safe-global/safe-gateway-typescript-sdk/src/index.ts'

WARNING in ./node_modules/@safe-global/safe-gateway-typescript-sdk/dist/types/chains.js
Module Warning (from ./node_modules/source-map-loader/dist/cjs.js):
Failed to parse source map from '/Users/zeshanwain/repos/bank-stablecoin/ui/node_modules/@safe-global/safe-gateway-typescript-sdk/src/types/chains.ts' file: Error: ENOENT: no such file or directory, open '/Users/zeshanwain/repos/bank-stablecoin/ui/node_modules/@safe-global/safe-gateway-typescript-sdk/src/types/chains.ts'

WARNING in ./node_modules/@safe-global/safe-gateway-typescript-sdk/dist/types/common.js
Module Warning (from ./node_modules/source-map-loader/dist/cjs.js):
Failed to parse source map from '/Users/zeshanwain/repos/bank-stablecoin/ui/node_modules/@safe-global/safe-gateway-typescript-sdk/src/types/common.ts' file: Error: ENOENT: no such file or directory, open '/Users/zeshanwain/repos/bank-stablecoin/ui/node_modules/@safe-global/safe-gateway-typescript-sdk/src/types/common.ts'

WARNING in ./node_modules/@safe-global/safe-gateway-typescript-sdk/dist/types/decoded-data.js
Module Warning (from ./node_modules/source-map-loader/dist/cjs.js):
Failed to parse source map from '/Users/zeshanwain/repos/bank-stablecoin/ui/node_modules/@safe-global/safe-gateway-typescript-sdk/src/types/decoded-data.ts' file: Error: ENOENT: no such file or directory, open '/Users/zeshanwain/repos/bank-stablecoin/ui/node_modules/@safe-global/safe-gateway-typescript-sdk/src/types/decoded-data.ts'

WARNING in ./node_modules/@safe-global/safe-gateway-typescript-sdk/dist/types/master-copies.js
Module Warning (from ./node_modules/source-map-loader/dist/cjs.js):
Failed to parse source map from '/Users/zeshanwain/repos/bank-stablecoin/ui/node_modules/@safe-global/safe-gateway-typescript-sdk/src/types/master-copies.ts' file: Error: ENOENT: no such file or directory, open '/Users/zeshanwain/repos/bank-stablecoin/ui/node_modules/@safe-global/safe-gateway-typescript-sdk/src/types/master-copies.ts'

WARNING in ./node_modules/@safe-global/safe-gateway-typescript-sdk/dist/types/notifications.js
Module Warning (from ./node_modules/source-map-loader/dist/cjs.js):
Failed to parse source map from '/Users/zeshanwain/repos/bank-stablecoin/ui/node_modules/@safe-global/safe-gateway-typescript-sdk/src/types/notifications.ts' file: Error: ENOENT: no such file or directory, open '/Users/zeshanwain/repos/bank-stablecoin/ui/node_modules/@safe-global/safe-gateway-typescript-sdk/src/types/notifications.ts'

WARNING in ./node_modules/@safe-global/safe-gateway-typescript-sdk/dist/types/relay.js
Module Warning (from ./node_modules/source-map-loader/dist/cjs.js):
Failed to parse source map from '/Users/zeshanwain/repos/bank-stablecoin/ui/node_modules/@safe-global/safe-gateway-typescript-sdk/src/types/relay.ts' file: Error: ENOENT: no such file or directory, open '/Users/zeshanwain/repos/bank-stablecoin/ui/node_modules/@safe-global/safe-gateway-typescript-sdk/src/types/relay.ts'

WARNING in ./node_modules/@safe-global/safe-gateway-typescript-sdk/dist/types/safe-apps.js
Module Warning (from ./node_modules/source-map-loader/dist/cjs.js):
Failed to parse source map from '/Users/zeshanwain/repos/bank-stablecoin/ui/node_modules/@safe-global/safe-gateway-typescript-sdk/src/types/safe-apps.ts' file: Error: ENOENT: no such file or directory, open '/Users/zeshanwain/repos/bank-stablecoin/ui/node_modules/@safe-global/safe-gateway-typescript-sdk/src/types/safe-apps.ts'

WARNING in ./node_modules/@safe-global/safe-gateway-typescript-sdk/dist/types/safe-info.js
Module Warning (from ./node_modules/source-map-loader/dist/cjs.js):
Failed to parse source map from '/Users/zeshanwain/repos/bank-stablecoin/ui/node_modules/@safe-global/safe-gateway-typescript-sdk/src/types/safe-info.ts' file: Error: ENOENT: no such file or directory, open '/Users/zeshanwain/repos/bank-stablecoin/ui/node_modules/@safe-global/safe-gateway-typescript-sdk/src/types/safe-info.ts'

WARNING in ./node_modules/@safe-global/safe-gateway-typescript-sdk/dist/types/safe-messages.js
Module Warning (from ./node_modules/source-map-loader/dist/cjs.js):
Failed to parse source map from '/Users/zeshanwain/repos/bank-stablecoin/ui/node_modules/@safe-global/safe-gateway-typescript-sdk/src/types/safe-messages.ts' file: Error: ENOENT: no such file or directory, open '/Users/zeshanwain/repos/bank-stablecoin/ui/node_modules/@safe-global/safe-gateway-typescript-sdk/src/types/safe-messages.ts'

WARNING in ./node_modules/@safe-global/safe-gateway-typescript-sdk/dist/types/transactions.js
Module Warning (from ./node_modules/source-map-loader/dist/cjs.js):
Failed to parse source map from '/Users/zeshanwain/repos/bank-stablecoin/ui/node_modules/@safe-global/safe-gateway-typescript-sdk/src/types/transactions.ts' file: Error: ENOENT: no such file or directory, open '/Users/zeshanwain/repos/bank-stablecoin/ui/node_modules/@safe-global/safe-gateway-typescript-sdk/src/types/transactions.ts'

WARNING in ./node_modules/@safe-global/safe-gateway-typescript-sdk/dist/utils.js
Module Warning (from ./node_modules/source-map-loader/dist/cjs.js):
Failed to parse source map from '/Users/zeshanwain/repos/bank-stablecoin/ui/node_modules/@safe-global/safe-gateway-typescript-sdk/src/utils.ts' file: Error: ENOENT: no such file or directory, open '/Users/zeshanwain/repos/bank-stablecoin/ui/node_modules/@safe-global/safe-gateway-typescript-sdk/src/utils.ts'

WARNING in ./node_modules/@walletconnect/environment/dist/cjs/crypto.js
Module Warning (from ./node_modules/source-map-loader/dist/cjs.js):
Failed to parse source map from '/Users/zeshanwain/repos/bank-stablecoin/ui/node_modules/@walletconnect/environment/src/crypto.ts' file: Error: ENOENT: no such file or directory, open '/Users/zeshanwain/repos/bank-stablecoin/ui/node_modules/@walletconnect/environment/src/crypto.ts'

WARNING in ./node_modules/@walletconnect/environment/dist/cjs/env.js
Module Warning (from ./node_modules/source-map-loader/dist/cjs.js):
Failed to parse source map from '/Users/zeshanwain/repos/bank-stablecoin/ui/node_modules/@walletconnect/environment/src/env.ts' file: Error: ENOENT: no such file or directory, open '/Users/zeshanwain/repos/bank-stablecoin/ui/node_modules/@walletconnect/environment/src/env.ts'

WARNING in ./node_modules/@walletconnect/environment/dist/cjs/index.js
Module Warning (from ./node_modules/source-map-loader/dist/cjs.js):
Failed to parse source map from '/Users/zeshanwain/repos/bank-stablecoin/ui/node_modules/@walletconnect/environment/src/index.ts' file: Error: ENOENT: no such file or directory, open '/Users/zeshanwain/repos/bank-stablecoin/ui/node_modules/@walletconnect/environment/src/index.ts'

WARNING in ./node_modules/@walletconnect/events/dist/esm/events.js
Module Warning (from ./node_modules/source-map-loader/dist/cjs.js):
Failed to parse source map from '/Users/zeshanwain/repos/bank-stablecoin/ui/node_modules/@walletconnect/events/src/events.ts' file: Error: ENOENT: no such file or directory, open '/Users/zeshanwain/repos/bank-stablecoin/ui/node_modules/@walletconnect/events/src/events.ts'

WARNING in ./node_modules/@walletconnect/events/dist/esm/index.js
Module Warning (from ./node_modules/source-map-loader/dist/cjs.js):
Failed to parse source map from '/Users/zeshanwain/repos/bank-stablecoin/ui/node_modules/@walletconnect/events/src/index.ts' file: Error: ENOENT: no such file or directory, open '/Users/zeshanwain/repos/bank-stablecoin/ui/node_modules/@walletconnect/events/src/index.ts'

WARNING in ./node_modules/@walletconnect/jsonrpc-utils/dist/esm/constants.js
Module Warning (from ./node_modules/source-map-loader/dist/cjs.js):
Failed to parse source map from '/Users/zeshanwain/repos/bank-stablecoin/ui/node_modules/@walletconnect/jsonrpc-utils/src/constants.ts' file: Error: ENOENT: no such file or directory, open '/Users/zeshanwain/repos/bank-stablecoin/ui/node_modules/@walletconnect/jsonrpc-utils/src/constants.ts'

WARNING in ./node_modules/@walletconnect/jsonrpc-utils/dist/esm/env.js
Module Warning (from ./node_modules/source-map-loader/dist/cjs.js):
Failed to parse source map from '/Users/zeshanwain/repos/bank-stablecoin/ui/node_modules/@walletconnect/jsonrpc-utils/src/env.ts' file: Error: ENOENT: no such file or directory, open '/Users/zeshanwain/repos/bank-stablecoin/ui/node_modules/@walletconnect/jsonrpc-utils/src/env.ts'

WARNING in ./node_modules/@walletconnect/jsonrpc-utils/dist/esm/error.js
Module Warning (from ./node_modules/source-map-loader/dist/cjs.js):
Failed to parse source map from '/Users/zeshanwain/repos/bank-stablecoin/ui/node_modules/@walletconnect/jsonrpc-utils/src/error.ts' file: Error: ENOENT: no such file or directory, open '/Users/zeshanwain/repos/bank-stablecoin/ui/node_modules/@walletconnect/jsonrpc-utils/src/error.ts'

WARNING in ./node_modules/@walletconnect/jsonrpc-utils/dist/esm/format.js
Module Warning (from ./node_modules/source-map-loader/dist/cjs.js):
Failed to parse source map from '/Users/zeshanwain/repos/bank-stablecoin/ui/node_modules/@walletconnect/jsonrpc-utils/src/format.ts' file: Error: ENOENT: no such file or directory, open '/Users/zeshanwain/repos/bank-stablecoin/ui/node_modules/@walletconnect/jsonrpc-utils/src/format.ts'

WARNING in ./node_modules/@walletconnect/jsonrpc-utils/dist/esm/index.js
Module Warning (from ./node_modules/source-map-loader/dist/cjs.js):
Failed to parse source map from '/Users/zeshanwain/repos/bank-stablecoin/ui/node_modules/@walletconnect/jsonrpc-utils/src/index.ts' file: Error: ENOENT: no such file or directory, open '/Users/zeshanwain/repos/bank-stablecoin/ui/node_modules/@walletconnect/jsonrpc-utils/src/index.ts'

WARNING in ./node_modules/@walletconnect/jsonrpc-utils/dist/esm/routing.js
Module Warning (from ./node_modules/source-map-loader/dist/cjs.js):
Failed to parse source map from '/Users/zeshanwain/repos/bank-stablecoin/ui/node_modules/@walletconnect/jsonrpc-utils/src/routing.ts' file: Error: ENOENT: no such file or directory, open '/Users/zeshanwain/repos/bank-stablecoin/ui/node_modules/@walletconnect/jsonrpc-utils/src/routing.ts'

WARNING in ./node_modules/@walletconnect/jsonrpc-utils/dist/esm/types.js
Module Warning (from ./node_modules/source-map-loader/dist/cjs.js):
Failed to parse source map from '/Users/zeshanwain/repos/bank-stablecoin/ui/node_modules/@walletconnect/jsonrpc-utils/src/types.ts' file: Error: ENOENT: no such file or directory, open '/Users/zeshanwain/repos/bank-stablecoin/ui/node_modules/@walletconnect/jsonrpc-utils/src/types.ts'

WARNING in ./node_modules/@walletconnect/jsonrpc-utils/dist/esm/url.js
Module Warning (from ./node_modules/source-map-loader/dist/cjs.js):
Failed to parse source map from '/Users/zeshanwain/repos/bank-stablecoin/ui/node_modules/@walletconnect/jsonrpc-utils/src/url.ts' file: Error: ENOENT: no such file or directory, open '/Users/zeshanwain/repos/bank-stablecoin/ui/node_modules/@walletconnect/jsonrpc-utils/src/url.ts'

WARNING in ./node_modules/@walletconnect/jsonrpc-utils/dist/esm/validators.js
Module Warning (from ./node_modules/source-map-loader/dist/cjs.js):
Failed to parse source map from '/Users/zeshanwain/repos/bank-stablecoin/ui/node_modules/@walletconnect/jsonrpc-utils/src/validators.ts' file: Error: ENOENT: no such file or directory, open '/Users/zeshanwain/repos/bank-stablecoin/ui/node_modules/@walletconnect/jsonrpc-utils/src/validators.ts'

WARNING in ./node_modules/@walletconnect/relay-auth/dist/esm/api.js
Module Warning (from ./node_modules/source-map-loader/dist/cjs.js):
Failed to parse source map from '/Users/zeshanwain/repos/bank-stablecoin/ui/node_modules/@walletconnect/relay-auth/src/api.ts' file: Error: ENOENT: no such file or directory, open '/Users/zeshanwain/repos/bank-stablecoin/ui/node_modules/@walletconnect/relay-auth/src/api.ts'

WARNING in ./node_modules/@walletconnect/relay-auth/dist/esm/constants.js
Module Warning (from ./node_modules/source-map-loader/dist/cjs.js):
Failed to parse source map from '/Users/zeshanwain/repos/bank-stablecoin/ui/node_modules/@walletconnect/relay-auth/src/constants.ts' file: Error: ENOENT: no such file or directory, open '/Users/zeshanwain/repos/bank-stablecoin/ui/node_modules/@walletconnect/relay-auth/src/constants.ts'

WARNING in ./node_modules/@walletconnect/relay-auth/dist/esm/index.js
Module Warning (from ./node_modules/source-map-loader/dist/cjs.js):
Failed to parse source map from '/Users/zeshanwain/repos/bank-stablecoin/ui/node_modules/@walletconnect/relay-auth/src/index.ts' file: Error: ENOENT: no such file or directory, open '/Users/zeshanwain/repos/bank-stablecoin/ui/node_modules/@walletconnect/relay-auth/src/index.ts'

WARNING in ./node_modules/@walletconnect/relay-auth/dist/esm/types.js
Module Warning (from ./node_modules/source-map-loader/dist/cjs.js):
Failed to parse source map from '/Users/zeshanwain/repos/bank-stablecoin/ui/node_modules/@walletconnect/relay-auth/src/types.ts' file: Error: ENOENT: no such file or directory, open '/Users/zeshanwain/repos/bank-stablecoin/ui/node_modules/@walletconnect/relay-auth/src/types.ts'

WARNING in ./node_modules/@walletconnect/relay-auth/dist/esm/utils.js
Module Warning (from ./node_modules/source-map-loader/dist/cjs.js):
Failed to parse source map from '/Users/zeshanwain/repos/bank-stablecoin/ui/node_modules/@walletconnect/relay-auth/src/utils.ts' file: Error: ENOENT: no such file or directory, open '/Users/zeshanwain/repos/bank-stablecoin/ui/node_modules/@walletconnect/relay-auth/src/utils.ts'

WARNING in ./node_modules/@walletconnect/safe-json/dist/esm/index.js
Module Warning (from ./node_modules/source-map-loader/dist/cjs.js):
Failed to parse source map from '/Users/zeshanwain/repos/bank-stablecoin/ui/node_modules/@walletconnect/safe-json/src/index.ts' file: Error: ENOENT: no such file or directory, open '/Users/zeshanwain/repos/bank-stablecoin/ui/node_modules/@walletconnect/safe-json/src/index.ts'

WARNING in ./node_modules/@walletconnect/time/dist/cjs/constants/index.js
Module Warning (from ./node_modules/source-map-loader/dist/cjs.js):
Failed to parse source map from '/Users/zeshanwain/repos/bank-stablecoin/ui/node_modules/@walletconnect/time/src/constants/index.ts' file: Error: ENOENT: no such file or directory, open '/Users/zeshanwain/repos/bank-stablecoin/ui/node_modules/@walletconnect/time/src/constants/index.ts'

WARNING in ./node_modules/@walletconnect/time/dist/cjs/constants/misc.js
Module Warning (from ./node_modules/source-map-loader/dist/cjs.js):
Failed to parse source map from '/Users/zeshanwain/repos/bank-stablecoin/ui/node_modules/@walletconnect/time/src/constants/misc.ts' file: Error: ENOENT: no such file or directory, open '/Users/zeshanwain/repos/bank-stablecoin/ui/node_modules/@walletconnect/time/src/constants/misc.ts'

WARNING in ./node_modules/@walletconnect/time/dist/cjs/constants/time.js
Module Warning (from ./node_modules/source-map-loader/dist/cjs.js):
Failed to parse source map from '/Users/zeshanwain/repos/bank-stablecoin/ui/node_modules/@walletconnect/time/src/constants/time.ts' file: Error: ENOENT: no such file or directory, open '/Users/zeshanwain/repos/bank-stablecoin/ui/node_modules/@walletconnect/time/src/constants/time.ts'

WARNING in ./node_modules/@walletconnect/time/dist/cjs/index.js
Module Warning (from ./node_modules/source-map-loader/dist/cjs.js):
Failed to parse source map from '/Users/zeshanwain/repos/bank-stablecoin/ui/node_modules/@walletconnect/time/src/index.ts' file: Error: ENOENT: no such file or directory, open '/Users/zeshanwain/repos/bank-stablecoin/ui/node_modules/@walletconnect/time/src/index.ts'

WARNING in ./node_modules/@walletconnect/time/dist/cjs/types/index.js
Module Warning (from ./node_modules/source-map-loader/dist/cjs.js):
Failed to parse source map from '/Users/zeshanwain/repos/bank-stablecoin/ui/node_modules/@walletconnect/time/src/types/index.ts' file: Error: ENOENT: no such file or directory, open '/Users/zeshanwain/repos/bank-stablecoin/ui/node_modules/@walletconnect/time/src/types/index.ts'

WARNING in ./node_modules/@walletconnect/time/dist/cjs/types/watch.js
Module Warning (from ./node_modules/source-map-loader/dist/cjs.js):
Failed to parse source map from '/Users/zeshanwain/repos/bank-stablecoin/ui/node_modules/@walletconnect/time/src/types/watch.ts' file: Error: ENOENT: no such file or directory, open '/Users/zeshanwain/repos/bank-stablecoin/ui/node_modules/@walletconnect/time/src/types/watch.ts'

WARNING in ./node_modules/@walletconnect/time/dist/cjs/utils/convert.js
Module Warning (from ./node_modules/source-map-loader/dist/cjs.js):
Failed to parse source map from '/Users/zeshanwain/repos/bank-stablecoin/ui/node_modules/@walletconnect/time/src/utils/convert.ts' file: Error: ENOENT: no such file or directory, open '/Users/zeshanwain/repos/bank-stablecoin/ui/node_modules/@walletconnect/time/src/utils/convert.ts'

WARNING in ./node_modules/@walletconnect/time/dist/cjs/utils/delay.js
Module Warning (from ./node_modules/source-map-loader/dist/cjs.js):
Failed to parse source map from '/Users/zeshanwain/repos/bank-stablecoin/ui/node_modules/@walletconnect/time/src/utils/delay.ts' file: Error: ENOENT: no such file or directory, open '/Users/zeshanwain/repos/bank-stablecoin/ui/node_modules/@walletconnect/time/src/utils/delay.ts'

WARNING in ./node_modules/@walletconnect/time/dist/cjs/utils/index.js
Module Warning (from ./node_modules/source-map-loader/dist/cjs.js):
Failed to parse source map from '/Users/zeshanwain/repos/bank-stablecoin/ui/node_modules/@walletconnect/time/src/utils/index.ts' file: Error: ENOENT: no such file or directory, open '/Users/zeshanwain/repos/bank-stablecoin/ui/node_modules/@walletconnect/time/src/utils/index.ts'

WARNING in ./node_modules/@walletconnect/time/dist/cjs/watch.js
Module Warning (from ./node_modules/source-map-loader/dist/cjs.js):
Failed to parse source map from '/Users/zeshanwain/repos/bank-stablecoin/ui/node_modules/@walletconnect/time/src/watch.ts' file: Error: ENOENT: no such file or directory, open '/Users/zeshanwain/repos/bank-stablecoin/ui/node_modules/@walletconnect/time/src/watch.ts'

WARNING in ./node_modules/@walletconnect/window-getters/dist/cjs/index.js
Module Warning (from ./node_modules/source-map-loader/dist/cjs.js):
Failed to parse source map from '/Users/zeshanwain/repos/bank-stablecoin/ui/node_modules/@walletconnect/window-getters/src/index.ts' file: Error: ENOENT: no such file or directory, open '/Users/zeshanwain/repos/bank-stablecoin/ui/node_modules/@walletconnect/window-getters/src/index.ts'

WARNING in ./node_modules/@walletconnect/window-metadata/dist/cjs/index.js
Module Warning (from ./node_modules/source-map-loader/dist/cjs.js):
Failed to parse source map from '/Users/zeshanwain/repos/bank-stablecoin/ui/node_modules/@walletconnect/window-metadata/src/index.ts' file: Error: ENOENT: no such file or directory, open '/Users/zeshanwain/repos/bank-stablecoin/ui/node_modules/@walletconnect/window-metadata/src/index.ts'

WARNING in ./node_modules/eth-rpc-errors/dist/classes.js
Module Warning (from ./node_modules/source-map-loader/dist/cjs.js):
Failed to parse source map from '/Users/zeshanwain/repos/bank-stablecoin/ui/node_modules/eth-rpc-errors/src/classes.ts' file: Error: ENOENT: no such file or directory, open '/Users/zeshanwain/repos/bank-stablecoin/ui/node_modules/eth-rpc-errors/src/classes.ts'

WARNING in ./node_modules/eth-rpc-errors/dist/error-constants.js
Module Warning (from ./node_modules/source-map-loader/dist/cjs.js):
Failed to parse source map from '/Users/zeshanwain/repos/bank-stablecoin/ui/node_modules/eth-rpc-errors/src/error-constants.ts' file: Error: ENOENT: no such file or directory, open '/Users/zeshanwain/repos/bank-stablecoin/ui/node_modules/eth-rpc-errors/src/error-constants.ts'

WARNING in ./node_modules/eth-rpc-errors/dist/errors.js
Module Warning (from ./node_modules/source-map-loader/dist/cjs.js):
Failed to parse source map from '/Users/zeshanwain/repos/bank-stablecoin/ui/node_modules/eth-rpc-errors/src/errors.ts' file: Error: ENOENT: no such file or directory, open '/Users/zeshanwain/repos/bank-stablecoin/ui/node_modules/eth-rpc-errors/src/errors.ts'

WARNING in ./node_modules/eth-rpc-errors/dist/index.js
Module Warning (from ./node_modules/source-map-loader/dist/cjs.js):
Failed to parse source map from '/Users/zeshanwain/repos/bank-stablecoin/ui/node_modules/eth-rpc-errors/src/index.ts' file: Error: ENOENT: no such file or directory, open '/Users/zeshanwain/repos/bank-stablecoin/ui/node_modules/eth-rpc-errors/src/index.ts'

WARNING in ./node_modules/eth-rpc-errors/dist/utils.js
Module Warning (from ./node_modules/source-map-loader/dist/cjs.js):
Failed to parse source map from '/Users/zeshanwain/repos/bank-stablecoin/ui/node_modules/eth-rpc-errors/src/utils.ts' file: Error: ENOENT: no such file or directory, open '/Users/zeshanwain/repos/bank-stablecoin/ui/node_modules/eth-rpc-errors/src/utils.ts'

WARNING in ./node_modules/json-rpc-engine/dist/JsonRpcEngine.js
Module Warning (from ./node_modules/source-map-loader/dist/cjs.js):
Failed to parse source map from '/Users/zeshanwain/repos/bank-stablecoin/ui/node_modules/json-rpc-engine/src/JsonRpcEngine.ts' file: Error: ENOENT: no such file or directory, open '/Users/zeshanwain/repos/bank-stablecoin/ui/node_modules/json-rpc-engine/src/JsonRpcEngine.ts'

WARNING in ./node_modules/json-rpc-engine/dist/createAsyncMiddleware.js
Module Warning (from ./node_modules/source-map-loader/dist/cjs.js):
Failed to parse source map from '/Users/zeshanwain/repos/bank-stablecoin/ui/node_modules/json-rpc-engine/src/createAsyncMiddleware.ts' file: Error: ENOENT: no such file or directory, open '/Users/zeshanwain/repos/bank-stablecoin/ui/node_modules/json-rpc-engine/src/createAsyncMiddleware.ts'

WARNING in ./node_modules/json-rpc-engine/dist/createScaffoldMiddleware.js
Module Warning (from ./node_modules/source-map-loader/dist/cjs.js):
Failed to parse source map from '/Users/zeshanwain/repos/bank-stablecoin/ui/node_modules/json-rpc-engine/src/createScaffoldMiddleware.ts' file: Error: ENOENT: no such file or directory, open '/Users/zeshanwain/repos/bank-stablecoin/ui/node_modules/json-rpc-engine/src/createScaffoldMiddleware.ts'

WARNING in ./node_modules/json-rpc-engine/dist/getUniqueId.js
Module Warning (from ./node_modules/source-map-loader/dist/cjs.js):
Failed to parse source map from '/Users/zeshanwain/repos/bank-stablecoin/ui/node_modules/json-rpc-engine/src/getUniqueId.ts' file: Error: ENOENT: no such file or directory, open '/Users/zeshanwain/repos/bank-stablecoin/ui/node_modules/json-rpc-engine/src/getUniqueId.ts'

WARNING in ./node_modules/json-rpc-engine/dist/idRemapMiddleware.js
Module Warning (from ./node_modules/source-map-loader/dist/cjs.js):
Failed to parse source map from '/Users/zeshanwain/repos/bank-stablecoin/ui/node_modules/json-rpc-engine/src/idRemapMiddleware.ts' file: Error: ENOENT: no such file or directory, open '/Users/zeshanwain/repos/bank-stablecoin/ui/node_modules/json-rpc-engine/src/idRemapMiddleware.ts'

WARNING in ./node_modules/json-rpc-engine/dist/index.js
Module Warning (from ./node_modules/source-map-loader/dist/cjs.js):
Failed to parse source map from '/Users/zeshanwain/repos/bank-stablecoin/ui/node_modules/json-rpc-engine/src/index.ts' file: Error: ENOENT: no such file or directory, open '/Users/zeshanwain/repos/bank-stablecoin/ui/node_modules/json-rpc-engine/src/index.ts'

WARNING in ./node_modules/json-rpc-engine/dist/mergeMiddleware.js
Module Warning (from ./node_modules/source-map-loader/dist/cjs.js):
Failed to parse source map from '/Users/zeshanwain/repos/bank-stablecoin/ui/node_modules/json-rpc-engine/src/mergeMiddleware.ts' file: Error: ENOENT: no such file or directory, open '/Users/zeshanwain/repos/bank-stablecoin/ui/node_modules/json-rpc-engine/src/mergeMiddleware.ts'

WARNING in ./node_modules/json-rpc-engine/node_modules/@metamask/safe-event-emitter/index.js
Module Warning (from ./node_modules/source-map-loader/dist/cjs.js):
Failed to parse source map from '/Users/zeshanwain/repos/bank-stablecoin/ui/node_modules/json-rpc-engine/node_modules/@metamask/safe-event-emitter/index.ts' file: Error: ENOENT: no such file or directory, open '/Users/zeshanwain/repos/bank-stablecoin/ui/node_modules/json-rpc-engine/node_modules/@metamask/safe-event-emitter/index.ts'

WARNING in ./node_modules/superstruct/dist/index.mjs
Module Warning (from ./node_modules/source-map-loader/dist/cjs.js):
Failed to parse source map from '/Users/zeshanwain/repos/bank-stablecoin/ui/node_modules/superstruct/src/error.ts' file: Error: ENOENT: no such file or directory, open '/Users/zeshanwain/repos/bank-stablecoin/ui/node_modules/superstruct/src/error.ts'

WARNING in ./node_modules/superstruct/dist/index.mjs
Module Warning (from ./node_modules/source-map-loader/dist/cjs.js):
Failed to parse source map from '/Users/zeshanwain/repos/bank-stablecoin/ui/node_modules/superstruct/src/struct.ts' file: Error: ENOENT: no such file or directory, open '/Users/zeshanwain/repos/bank-stablecoin/ui/node_modules/superstruct/src/struct.ts'

WARNING in ./node_modules/superstruct/dist/index.mjs
Module Warning (from ./node_modules/source-map-loader/dist/cjs.js):
Failed to parse source map from '/Users/zeshanwain/repos/bank-stablecoin/ui/node_modules/superstruct/src/structs/coercions.ts' file: Error: ENOENT: no such file or directory, open '/Users/zeshanwain/repos/bank-stablecoin/ui/node_modules/superstruct/src/structs/coercions.ts'

WARNING in ./node_modules/superstruct/dist/index.mjs
Module Warning (from ./node_modules/source-map-loader/dist/cjs.js):
Failed to parse source map from '/Users/zeshanwain/repos/bank-stablecoin/ui/node_modules/superstruct/src/structs/refinements.ts' file: Error: ENOENT: no such file or directory, open '/Users/zeshanwain/repos/bank-stablecoin/ui/node_modules/superstruct/src/structs/refinements.ts'

WARNING in ./node_modules/superstruct/dist/index.mjs
Module Warning (from ./node_modules/source-map-loader/dist/cjs.js):
Failed to parse source map from '/Users/zeshanwain/repos/bank-stablecoin/ui/node_modules/superstruct/src/structs/types.ts' file: Error: ENOENT: no such file or directory, open '/Users/zeshanwain/repos/bank-stablecoin/ui/node_modules/superstruct/src/structs/types.ts'

WARNING in ./node_modules/superstruct/dist/index.mjs
Module Warning (from ./node_modules/source-map-loader/dist/cjs.js):
Failed to parse source map from '/Users/zeshanwain/repos/bank-stablecoin/ui/node_modules/superstruct/src/structs/utilities.ts' file: Error: ENOENT: no such file or directory, open '/Users/zeshanwain/repos/bank-stablecoin/ui/node_modules/superstruct/src/structs/utilities.ts'

WARNING in ./node_modules/superstruct/dist/index.mjs
Module Warning (from ./node_modules/source-map-loader/dist/cjs.js):
Failed to parse source map from '/Users/zeshanwain/repos/bank-stablecoin/ui/node_modules/superstruct/src/utils.ts' file: Error: ENOENT: no such file or directory, open '/Users/zeshanwain/repos/bank-stablecoin/ui/node_modules/superstruct/src/utils.ts'

WARNING in [eslint] 
src/contexts/WalletContext.tsx
  Line 4:15:  'Chain' is defined but never used  @typescript-eslint/no-unused-vars

src/daml.js/40f452260bef3f29dede136108fc08a88d5a5250310281067087da6f0baddff7/lib/DA/Types/index.js
  Line 1:1:  'use strict' is unnecessary inside of modules  strict

src/daml.js/40f452260bef3f29dede136108fc08a88d5a5250310281067087da6f0baddff7/lib/DA/Types/module.js
  Line 1:1:    'use strict' is unnecessary inside of modules  strict
  Line 22:14:  Expected an error object to be thrown          no-throw-literal

src/daml.js/40f452260bef3f29dede136108fc08a88d5a5250310281067087da6f0baddff7/lib/DA/index.js
  Line 1:1:  'use strict' is unnecessary inside of modules  strict

src/daml.js/40f452260bef3f29dede136108fc08a88d5a5250310281067087da6f0baddff7/lib/index.js
  Line 1:1:  'use strict' is unnecessary inside of modules  strict

src/daml.js/bank-stablecoin-1.0.0/lib/Model/AtomicSwap/index.js
  Line 1:1:  'use strict' is unnecessary inside of modules  strict

src/daml.js/bank-stablecoin-1.0.0/lib/Model/AtomicSwap/module.js
  Line 1:1:     'use strict' is unnecessary inside of modules  strict
  Line 48:28:   Expected an error object to be thrown          no-throw-literal
  Line 124:28:  Expected an error object to be thrown          no-throw-literal
  Line 221:28:  Expected an error object to be thrown          no-throw-literal
  Line 303:28:  Expected an error object to be thrown          no-throw-literal

src/daml.js/bank-stablecoin-1.0.0/lib/Model/Compliance/index.js
  Line 1:1:  'use strict' is unnecessary inside of modules  strict

src/daml.js/bank-stablecoin-1.0.0/lib/Model/Compliance/module.js
  Line 1:1:     'use strict' is unnecessary inside of modules  strict
  Line 49:28:   Expected an error object to be thrown          no-throw-literal
  Line 111:28:  Expected an error object to be thrown          no-throw-literal
  Line 178:28:  Expected an error object to be thrown          no-throw-literal

src/daml.js/bank-stablecoin-1.0.0/lib/Model/Loan/index.js
  Line 1:1:  'use strict' is unnecessary inside of modules  strict

src/daml.js/bank-stablecoin-1.0.0/lib/Model/Loan/module.js
  Line 1:1:     'use strict' is unnecessary inside of modules  strict
  Line 48:28:   Expected an error object to be thrown          no-throw-literal
  Line 135:28:  Expected an error object to be thrown          no-throw-literal
  Line 244:28:  Expected an error object to be thrown          no-throw-literal

src/daml.js/bank-stablecoin-1.0.0/lib/Model/MultiSig/index.js
  Line 1:1:  'use strict' is unnecessary inside of modules  strict

src/daml.js/bank-stablecoin-1.0.0/lib/Model/MultiSig/module.js
  Line 1:1:     'use strict' is unnecessary inside of modules  strict
  Line 49:28:   Expected an error object to be thrown          no-throw-literal
  Line 133:28:  Expected an error object to be thrown          no-throw-literal
  Line 228:28:  Expected an error object to be thrown          no-throw-literal

src/daml.js/bank-stablecoin-1.0.0/lib/Model/RealBankAccount/index.js
  Line 1:1:  'use strict' is unnecessary inside of modules  strict

src/daml.js/bank-stablecoin-1.0.0/lib/Model/RealBankAccount/module.js
  Line 1:1:     'use strict' is unnecessary inside of modules  strict
  Line 52:28:   Expected an error object to be thrown          no-throw-literal
  Line 115:28:  Expected an error object to be thrown          no-throw-literal
  Line 188:28:  Expected an error object to be thrown          no-throw-literal
  Line 256:28:  Expected an error object to be thrown          no-throw-literal
  Line 375:28:  Expected an error object to be thrown          no-throw-literal
  Line 462:28:  Expected an error object to be thrown          no-throw-literal

src/daml.js/bank-stablecoin-1.0.0/lib/Model/Stablecoin/index.js
  Line 1:1:  'use strict' is unnecessary inside of modules  strict

src/daml.js/bank-stablecoin-1.0.0/lib/Model/Stablecoin/module.js
  Line 1:1:     'use strict' is unnecessary inside of modules  strict
  Line 23:28:   Expected an error object to be thrown          no-throw-literal
  Line 89:28:   Expected an error object to be thrown          no-throw-literal
  Line 178:28:  Expected an error object to be thrown          no-throw-literal
  Line 235:28:  Expected an error object to be thrown          no-throw-literal
  Line 304:28:  Expected an error object to be thrown          no-throw-literal
  Line 405:28:  Expected an error object to be thrown          no-throw-literal

src/daml.js/d14e08374fc7197d6a0de468c968ae8ba3aadbf9315476fd39071831f5923662/lib/DA/Internal/Template/index.js
  Line 1:1:  'use strict' is unnecessary inside of modules  strict

src/daml.js/d14e08374fc7197d6a0de468c968ae8ba3aadbf9315476fd39071831f5923662/lib/DA/Internal/Template/module.js
  Line 1:1:  'use strict' is unnecessary inside of modules  strict

src/daml.js/d14e08374fc7197d6a0de468c968ae8ba3aadbf9315476fd39071831f5923662/lib/DA/Internal/index.js
  Line 1:1:  'use strict' is unnecessary inside of modules  strict

src/daml.js/d14e08374fc7197d6a0de468c968ae8ba3aadbf9315476fd39071831f5923662/lib/DA/index.js
  Line 1:1:  'use strict' is unnecessary inside of modules  strict

src/daml.js/d14e08374fc7197d6a0de468c968ae8ba3aadbf9315476fd39071831f5923662/lib/index.js
  Line 1:1:  'use strict' is unnecessary inside of modules  strict

ERROR in [eslint] 
src/contexts/WalletContext.tsx
  Line 52:6:  'WagmiProvider' is not defined  react/jsx-no-undef

Search for the keywords to learn more about each error.

webpack compiled with 1 error and 73 warnings
Files successfully emitted, waiting for typecheck results...
Issues checking in progress...
ERROR in src/contexts/WalletContext.tsx:17:37
TS2554: Expected 0 arguments, but got 1.
    15 |
    16 | // Create config with explicit type
  > 17 | const config: Config = createConfig({
       |                                     ^
  > 18 |   chains,
       | ^^^^^^^^^
  > 19 |   connectors: [
       | ^^^^^^^^^
  > 20 |     injected(),
       | ^^^^^^^^^
  > 21 |     walletConnect({
       | ^^^^^^^^^
  > 22 |       projectId: '0a3fc14c4ea735512ac97ba826580151',
       | ^^^^^^^^^
  > 23 |     }),
       | ^^^^^^^^^
  > 24 |   ],
       | ^^^^^^^^^
  > 25 |   transports: {
       | ^^^^^^^^^
  > 26 |     [sepolia.id]: http(),
       | ^^^^^^^^^
  > 27 |     [polygonMumbai.id]: http(),
       | ^^^^^^^^^
  > 28 |     [arbitrumSepolia.id]: http(),
       | ^^^^^^^^^
  > 29 |     [optimismSepolia.id]: http(),
       | ^^^^^^^^^
  > 30 |   },
       | ^^^^^^^^^
  > 31 | }) as Config;
       | ^^
    32 |
    33 | interface WalletContextType {
    34 |   address?: `0x${string}`;

ERROR in src/contexts/WalletContext.tsx:52:6
TS2304: Cannot find name 'WagmiProvider'.
    50 | export const WalletProvider: React.FC<{ children: React.ReactNode }> = ({ children }) => {
    51 |   return (
  > 52 |     <WagmiProvider config={config as any}>
       |      ^^^^^^^^^^^^^
    53 |       <QueryClientProvider client={queryClient}>
    54 |         <WalletProviderInner>{children}</WalletProviderInner>
    55 |       </QueryClientProvider>

ERROR in src/contexts/WalletContext.tsx:56:7
TS2304: Cannot find name 'WagmiProvider'.
    54 |         <WalletProviderInner>{children}</WalletProviderInner>
    55 |       </QueryClientProvider>
  > 56 |     </WagmiProvider>
       |       ^^^^^^^^^^^^^
    57 |   );
    58 | };
    59 |

Compiling...
Failed to compile.

[eslint] 
src/contexts/WalletContext.tsx
  Line 52:6:  'WagmiProvider' is not defined  react/jsx-no-undef

Search for the keywords to learn more about each error.
WARNING in ./node_modules/@daml/ledger/index.js
Module Warning (from ./node_modules/source-map-loader/dist/cjs.js):
Failed to parse source map from '/Users/zeshanwain/language-support/ts/daml-ledger/index.ts' file: Error: ENOENT: no such file or directory, open '/Users/zeshanwain/language-support/ts/daml-ledger/index.ts'

WARNING in ./node_modules/@daml/react/createLedgerContext.js
Module Warning (from ./node_modules/source-map-loader/dist/cjs.js):
Failed to parse source map from '/Users/zeshanwain/language-support/ts/daml-react/createLedgerContext.ts' file: Error: ENOENT: no such file or directory, open '/Users/zeshanwain/language-support/ts/daml-react/createLedgerContext.ts'

WARNING in ./node_modules/@daml/react/defaultLedgerContext.js
Module Warning (from ./node_modules/source-map-loader/dist/cjs.js):
Failed to parse source map from '/Users/zeshanwain/language-support/ts/daml-react/defaultLedgerContext.ts' file: Error: ENOENT: no such file or directory, open '/Users/zeshanwain/language-support/ts/daml-react/defaultLedgerContext.ts'

WARNING in ./node_modules/@daml/react/index.js
Module Warning (from ./node_modules/source-map-loader/dist/cjs.js):
Failed to parse source map from '/Users/zeshanwain/language-support/ts/daml-react/index.ts' file: Error: ENOENT: no such file or directory, open '/Users/zeshanwain/language-support/ts/daml-react/index.ts'

WARNING in ./node_modules/@daml/types/index.js
Module Warning (from ./node_modules/source-map-loader/dist/cjs.js):
Failed to parse source map from '/Users/zeshanwain/language-support/ts/daml-types/index.ts' file: Error: ENOENT: no such file or directory, open '/Users/zeshanwain/language-support/ts/daml-types/index.ts'

WARNING in ./node_modules/@metamask/safe-event-emitter/dist/cjs/index.js
Module Warning (from ./node_modules/source-map-loader/dist/cjs.js):
Failed to parse source map from '/Users/zeshanwain/repos/bank-stablecoin/ui/node_modules/@metamask/safe-event-emitter/index.ts' file: Error: ENOENT: no such file or directory, open '/Users/zeshanwain/repos/bank-stablecoin/ui/node_modules/@metamask/safe-event-emitter/index.ts'

WARNING in ./node_modules/@safe-global/safe-gateway-typescript-sdk/dist/config.js
Module Warning (from ./node_modules/source-map-loader/dist/cjs.js):
Failed to parse source map from '/Users/zeshanwain/repos/bank-stablecoin/ui/node_modules/@safe-global/safe-gateway-typescript-sdk/src/config.ts' file: Error: ENOENT: no such file or directory, open '/Users/zeshanwain/repos/bank-stablecoin/ui/node_modules/@safe-global/safe-gateway-typescript-sdk/src/config.ts'

WARNING in ./node_modules/@safe-global/safe-gateway-typescript-sdk/dist/endpoint.js
Module Warning (from ./node_modules/source-map-loader/dist/cjs.js):
Failed to parse source map from '/Users/zeshanwain/repos/bank-stablecoin/ui/node_modules/@safe-global/safe-gateway-typescript-sdk/src/endpoint.ts' file: Error: ENOENT: no such file or directory, open '/Users/zeshanwain/repos/bank-stablecoin/ui/node_modules/@safe-global/safe-gateway-typescript-sdk/src/endpoint.ts'

WARNING in ./node_modules/@safe-global/safe-gateway-typescript-sdk/dist/index.js
Module Warning (from ./node_modules/source-map-loader/dist/cjs.js):
Failed to parse source map from '/Users/zeshanwain/repos/bank-stablecoin/ui/node_modules/@safe-global/safe-gateway-typescript-sdk/src/index.ts' file: Error: ENOENT: no such file or directory, open '/Users/zeshanwain/repos/bank-stablecoin/ui/node_modules/@safe-global/safe-gateway-typescript-sdk/src/index.ts'

WARNING in ./node_modules/@safe-global/safe-gateway-typescript-sdk/dist/types/chains.js
Module Warning (from ./node_modules/source-map-loader/dist/cjs.js):
Failed to parse source map from '/Users/zeshanwain/repos/bank-stablecoin/ui/node_modules/@safe-global/safe-gateway-typescript-sdk/src/types/chains.ts' file: Error: ENOENT: no such file or directory, open '/Users/zeshanwain/repos/bank-stablecoin/ui/node_modules/@safe-global/safe-gateway-typescript-sdk/src/types/chains.ts'

WARNING in ./node_modules/@safe-global/safe-gateway-typescript-sdk/dist/types/common.js
Module Warning (from ./node_modules/source-map-loader/dist/cjs.js):
Failed to parse source map from '/Users/zeshanwain/repos/bank-stablecoin/ui/node_modules/@safe-global/safe-gateway-typescript-sdk/src/types/common.ts' file: Error: ENOENT: no such file or directory, open '/Users/zeshanwain/repos/bank-stablecoin/ui/node_modules/@safe-global/safe-gateway-typescript-sdk/src/types/common.ts'

WARNING in ./node_modules/@safe-global/safe-gateway-typescript-sdk/dist/types/decoded-data.js
Module Warning (from ./node_modules/source-map-loader/dist/cjs.js):
Failed to parse source map from '/Users/zeshanwain/repos/bank-stablecoin/ui/node_modules/@safe-global/safe-gateway-typescript-sdk/src/types/decoded-data.ts' file: Error: ENOENT: no such file or directory, open '/Users/zeshanwain/repos/bank-stablecoin/ui/node_modules/@safe-global/safe-gateway-typescript-sdk/src/types/decoded-data.ts'

WARNING in ./node_modules/@safe-global/safe-gateway-typescript-sdk/dist/types/master-copies.js
Module Warning (from ./node_modules/source-map-loader/dist/cjs.js):
Failed to parse source map from '/Users/zeshanwain/repos/bank-stablecoin/ui/node_modules/@safe-global/safe-gateway-typescript-sdk/src/types/master-copies.ts' file: Error: ENOENT: no such file or directory, open '/Users/zeshanwain/repos/bank-stablecoin/ui/node_modules/@safe-global/safe-gateway-typescript-sdk/src/types/master-copies.ts'

WARNING in ./node_modules/@safe-global/safe-gateway-typescript-sdk/dist/types/notifications.js
Module Warning (from ./node_modules/source-map-loader/dist/cjs.js):
Failed to parse source map from '/Users/zeshanwain/repos/bank-stablecoin/ui/node_modules/@safe-global/safe-gateway-typescript-sdk/src/types/notifications.ts' file: Error: ENOENT: no such file or directory, open '/Users/zeshanwain/repos/bank-stablecoin/ui/node_modules/@safe-global/safe-gateway-typescript-sdk/src/types/notifications.ts'

WARNING in ./node_modules/@safe-global/safe-gateway-typescript-sdk/dist/types/relay.js
Module Warning (from ./node_modules/source-map-loader/dist/cjs.js):
Failed to parse source map from '/Users/zeshanwain/repos/bank-stablecoin/ui/node_modules/@safe-global/safe-gateway-typescript-sdk/src/types/relay.ts' file: Error: ENOENT: no such file or directory, open '/Users/zeshanwain/repos/bank-stablecoin/ui/node_modules/@safe-global/safe-gateway-typescript-sdk/src/types/relay.ts'

WARNING in ./node_modules/@safe-global/safe-gateway-typescript-sdk/dist/types/safe-apps.js
Module Warning (from ./node_modules/source-map-loader/dist/cjs.js):
Failed to parse source map from '/Users/zeshanwain/repos/bank-stablecoin/ui/node_modules/@safe-global/safe-gateway-typescript-sdk/src/types/safe-apps.ts' file: Error: ENOENT: no such file or directory, open '/Users/zeshanwain/repos/bank-stablecoin/ui/node_modules/@safe-global/safe-gateway-typescript-sdk/src/types/safe-apps.ts'

WARNING in ./node_modules/@safe-global/safe-gateway-typescript-sdk/dist/types/safe-info.js
Module Warning (from ./node_modules/source-map-loader/dist/cjs.js):
Failed to parse source map from '/Users/zeshanwain/repos/bank-stablecoin/ui/node_modules/@safe-global/safe-gateway-typescript-sdk/src/types/safe-info.ts' file: Error: ENOENT: no such file or directory, open '/Users/zeshanwain/repos/bank-stablecoin/ui/node_modules/@safe-global/safe-gateway-typescript-sdk/src/types/safe-info.ts'

WARNING in ./node_modules/@safe-global/safe-gateway-typescript-sdk/dist/types/safe-messages.js
Module Warning (from ./node_modules/source-map-loader/dist/cjs.js):
Failed to parse source map from '/Users/zeshanwain/repos/bank-stablecoin/ui/node_modules/@safe-global/safe-gateway-typescript-sdk/src/types/safe-messages.ts' file: Error: ENOENT: no such file or directory, open '/Users/zeshanwain/repos/bank-stablecoin/ui/node_modules/@safe-global/safe-gateway-typescript-sdk/src/types/safe-messages.ts'

WARNING in ./node_modules/@safe-global/safe-gateway-typescript-sdk/dist/types/transactions.js
Module Warning (from ./node_modules/source-map-loader/dist/cjs.js):
Failed to parse source map from '/Users/zeshanwain/repos/bank-stablecoin/ui/node_modules/@safe-global/safe-gateway-typescript-sdk/src/types/transactions.ts' file: Error: ENOENT: no such file or directory, open '/Users/zeshanwain/repos/bank-stablecoin/ui/node_modules/@safe-global/safe-gateway-typescript-sdk/src/types/transactions.ts'

WARNING in ./node_modules/@safe-global/safe-gateway-typescript-sdk/dist/utils.js
Module Warning (from ./node_modules/source-map-loader/dist/cjs.js):
Failed to parse source map from '/Users/zeshanwain/repos/bank-stablecoin/ui/node_modules/@safe-global/safe-gateway-typescript-sdk/src/utils.ts' file: Error: ENOENT: no such file or directory, open '/Users/zeshanwain/repos/bank-stablecoin/ui/node_modules/@safe-global/safe-gateway-typescript-sdk/src/utils.ts'

WARNING in ./node_modules/@walletconnect/environment/dist/cjs/crypto.js
Module Warning (from ./node_modules/source-map-loader/dist/cjs.js):
Failed to parse source map from '/Users/zeshanwain/repos/bank-stablecoin/ui/node_modules/@walletconnect/environment/src/crypto.ts' file: Error: ENOENT: no such file or directory, open '/Users/zeshanwain/repos/bank-stablecoin/ui/node_modules/@walletconnect/environment/src/crypto.ts'

WARNING in ./node_modules/@walletconnect/environment/dist/cjs/env.js
Module Warning (from ./node_modules/source-map-loader/dist/cjs.js):
Failed to parse source map from '/Users/zeshanwain/repos/bank-stablecoin/ui/node_modules/@walletconnect/environment/src/env.ts' file: Error: ENOENT: no such file or directory, open '/Users/zeshanwain/repos/bank-stablecoin/ui/node_modules/@walletconnect/environment/src/env.ts'

WARNING in ./node_modules/@walletconnect/environment/dist/cjs/index.js
Module Warning (from ./node_modules/source-map-loader/dist/cjs.js):
Failed to parse source map from '/Users/zeshanwain/repos/bank-stablecoin/ui/node_modules/@walletconnect/environment/src/index.ts' file: Error: ENOENT: no such file or directory, open '/Users/zeshanwain/repos/bank-stablecoin/ui/node_modules/@walletconnect/environment/src/index.ts'

WARNING in ./node_modules/@walletconnect/events/dist/esm/events.js
Module Warning (from ./node_modules/source-map-loader/dist/cjs.js):
Failed to parse source map from '/Users/zeshanwain/repos/bank-stablecoin/ui/node_modules/@walletconnect/events/src/events.ts' file: Error: ENOENT: no such file or directory, open '/Users/zeshanwain/repos/bank-stablecoin/ui/node_modules/@walletconnect/events/src/events.ts'

WARNING in ./node_modules/@walletconnect/events/dist/esm/index.js
Module Warning (from ./node_modules/source-map-loader/dist/cjs.js):
Failed to parse source map from '/Users/zeshanwain/repos/bank-stablecoin/ui/node_modules/@walletconnect/events/src/index.ts' file: Error: ENOENT: no such file or directory, open '/Users/zeshanwain/repos/bank-stablecoin/ui/node_modules/@walletconnect/events/src/index.ts'

WARNING in ./node_modules/@walletconnect/jsonrpc-utils/dist/esm/constants.js
Module Warning (from ./node_modules/source-map-loader/dist/cjs.js):
Failed to parse source map from '/Users/zeshanwain/repos/bank-stablecoin/ui/node_modules/@walletconnect/jsonrpc-utils/src/constants.ts' file: Error: ENOENT: no such file or directory, open '/Users/zeshanwain/repos/bank-stablecoin/ui/node_modules/@walletconnect/jsonrpc-utils/src/constants.ts'

WARNING in ./node_modules/@walletconnect/jsonrpc-utils/dist/esm/env.js
Module Warning (from ./node_modules/source-map-loader/dist/cjs.js):
Failed to parse source map from '/Users/zeshanwain/repos/bank-stablecoin/ui/node_modules/@walletconnect/jsonrpc-utils/src/env.ts' file: Error: ENOENT: no such file or directory, open '/Users/zeshanwain/repos/bank-stablecoin/ui/node_modules/@walletconnect/jsonrpc-utils/src/env.ts'

WARNING in ./node_modules/@walletconnect/jsonrpc-utils/dist/esm/error.js
Module Warning (from ./node_modules/source-map-loader/dist/cjs.js):
Failed to parse source map from '/Users/zeshanwain/repos/bank-stablecoin/ui/node_modules/@walletconnect/jsonrpc-utils/src/error.ts' file: Error: ENOENT: no such file or directory, open '/Users/zeshanwain/repos/bank-stablecoin/ui/node_modules/@walletconnect/jsonrpc-utils/src/error.ts'

WARNING in ./node_modules/@walletconnect/jsonrpc-utils/dist/esm/format.js
Module Warning (from ./node_modules/source-map-loader/dist/cjs.js):
Failed to parse source map from '/Users/zeshanwain/repos/bank-stablecoin/ui/node_modules/@walletconnect/jsonrpc-utils/src/format.ts' file: Error: ENOENT: no such file or directory, open '/Users/zeshanwain/repos/bank-stablecoin/ui/node_modules/@walletconnect/jsonrpc-utils/src/format.ts'

WARNING in ./node_modules/@walletconnect/jsonrpc-utils/dist/esm/index.js
Module Warning (from ./node_modules/source-map-loader/dist/cjs.js):
Failed to parse source map from '/Users/zeshanwain/repos/bank-stablecoin/ui/node_modules/@walletconnect/jsonrpc-utils/src/index.ts' file: Error: ENOENT: no such file or directory, open '/Users/zeshanwain/repos/bank-stablecoin/ui/node_modules/@walletconnect/jsonrpc-utils/src/index.ts'

WARNING in ./node_modules/@walletconnect/jsonrpc-utils/dist/esm/routing.js
Module Warning (from ./node_modules/source-map-loader/dist/cjs.js):
Failed to parse source map from '/Users/zeshanwain/repos/bank-stablecoin/ui/node_modules/@walletconnect/jsonrpc-utils/src/routing.ts' file: Error: ENOENT: no such file or directory, open '/Users/zeshanwain/repos/bank-stablecoin/ui/node_modules/@walletconnect/jsonrpc-utils/src/routing.ts'

WARNING in ./node_modules/@walletconnect/jsonrpc-utils/dist/esm/types.js
Module Warning (from ./node_modules/source-map-loader/dist/cjs.js):
Failed to parse source map from '/Users/zeshanwain/repos/bank-stablecoin/ui/node_modules/@walletconnect/jsonrpc-utils/src/types.ts' file: Error: ENOENT: no such file or directory, open '/Users/zeshanwain/repos/bank-stablecoin/ui/node_modules/@walletconnect/jsonrpc-utils/src/types.ts'

WARNING in ./node_modules/@walletconnect/jsonrpc-utils/dist/esm/url.js
Module Warning (from ./node_modules/source-map-loader/dist/cjs.js):
Failed to parse source map from '/Users/zeshanwain/repos/bank-stablecoin/ui/node_modules/@walletconnect/jsonrpc-utils/src/url.ts' file: Error: ENOENT: no such file or directory, open '/Users/zeshanwain/repos/bank-stablecoin/ui/node_modules/@walletconnect/jsonrpc-utils/src/url.ts'

WARNING in ./node_modules/@walletconnect/jsonrpc-utils/dist/esm/validators.js
Module Warning (from ./node_modules/source-map-loader/dist/cjs.js):
Failed to parse source map from '/Users/zeshanwain/repos/bank-stablecoin/ui/node_modules/@walletconnect/jsonrpc-utils/src/validators.ts' file: Error: ENOENT: no such file or directory, open '/Users/zeshanwain/repos/bank-stablecoin/ui/node_modules/@walletconnect/jsonrpc-utils/src/validators.ts'

WARNING in ./node_modules/@walletconnect/relay-auth/dist/esm/api.js
Module Warning (from ./node_modules/source-map-loader/dist/cjs.js):
Failed to parse source map from '/Users/zeshanwain/repos/bank-stablecoin/ui/node_modules/@walletconnect/relay-auth/src/api.ts' file: Error: ENOENT: no such file or directory, open '/Users/zeshanwain/repos/bank-stablecoin/ui/node_modules/@walletconnect/relay-auth/src/api.ts'

WARNING in ./node_modules/@walletconnect/relay-auth/dist/esm/constants.js
Module Warning (from ./node_modules/source-map-loader/dist/cjs.js):
Failed to parse source map from '/Users/zeshanwain/repos/bank-stablecoin/ui/node_modules/@walletconnect/relay-auth/src/constants.ts' file: Error: ENOENT: no such file or directory, open '/Users/zeshanwain/repos/bank-stablecoin/ui/node_modules/@walletconnect/relay-auth/src/constants.ts'

WARNING in ./node_modules/@walletconnect/relay-auth/dist/esm/index.js
Module Warning (from ./node_modules/source-map-loader/dist/cjs.js):
Failed to parse source map from '/Users/zeshanwain/repos/bank-stablecoin/ui/node_modules/@walletconnect/relay-auth/src/index.ts' file: Error: ENOENT: no such file or directory, open '/Users/zeshanwain/repos/bank-stablecoin/ui/node_modules/@walletconnect/relay-auth/src/index.ts'

WARNING in ./node_modules/@walletconnect/relay-auth/dist/esm/types.js
Module Warning (from ./node_modules/source-map-loader/dist/cjs.js):
Failed to parse source map from '/Users/zeshanwain/repos/bank-stablecoin/ui/node_modules/@walletconnect/relay-auth/src/types.ts' file: Error: ENOENT: no such file or directory, open '/Users/zeshanwain/repos/bank-stablecoin/ui/node_modules/@walletconnect/relay-auth/src/types.ts'

WARNING in ./node_modules/@walletconnect/relay-auth/dist/esm/utils.js
Module Warning (from ./node_modules/source-map-loader/dist/cjs.js):
Failed to parse source map from '/Users/zeshanwain/repos/bank-stablecoin/ui/node_modules/@walletconnect/relay-auth/src/utils.ts' file: Error: ENOENT: no such file or directory, open '/Users/zeshanwain/repos/bank-stablecoin/ui/node_modules/@walletconnect/relay-auth/src/utils.ts'

WARNING in ./node_modules/@walletconnect/safe-json/dist/esm/index.js
Module Warning (from ./node_modules/source-map-loader/dist/cjs.js):
Failed to parse source map from '/Users/zeshanwain/repos/bank-stablecoin/ui/node_modules/@walletconnect/safe-json/src/index.ts' file: Error: ENOENT: no such file or directory, open '/Users/zeshanwain/repos/bank-stablecoin/ui/node_modules/@walletconnect/safe-json/src/index.ts'

WARNING in ./node_modules/@walletconnect/time/dist/cjs/constants/index.js
Module Warning (from ./node_modules/source-map-loader/dist/cjs.js):
Failed to parse source map from '/Users/zeshanwain/repos/bank-stablecoin/ui/node_modules/@walletconnect/time/src/constants/index.ts' file: Error: ENOENT: no such file or directory, open '/Users/zeshanwain/repos/bank-stablecoin/ui/node_modules/@walletconnect/time/src/constants/index.ts'

WARNING in ./node_modules/@walletconnect/time/dist/cjs/constants/misc.js
Module Warning (from ./node_modules/source-map-loader/dist/cjs.js):
Failed to parse source map from '/Users/zeshanwain/repos/bank-stablecoin/ui/node_modules/@walletconnect/time/src/constants/misc.ts' file: Error: ENOENT: no such file or directory, open '/Users/zeshanwain/repos/bank-stablecoin/ui/node_modules/@walletconnect/time/src/constants/misc.ts'

WARNING in ./node_modules/@walletconnect/time/dist/cjs/constants/time.js
Module Warning (from ./node_modules/source-map-loader/dist/cjs.js):
Failed to parse source map from '/Users/zeshanwain/repos/bank-stablecoin/ui/node_modules/@walletconnect/time/src/constants/time.ts' file: Error: ENOENT: no such file or directory, open '/Users/zeshanwain/repos/bank-stablecoin/ui/node_modules/@walletconnect/time/src/constants/time.ts'

WARNING in ./node_modules/@walletconnect/time/dist/cjs/index.js
Module Warning (from ./node_modules/source-map-loader/dist/cjs.js):
Failed to parse source map from '/Users/zeshanwain/repos/bank-stablecoin/ui/node_modules/@walletconnect/time/src/index.ts' file: Error: ENOENT: no such file or directory, open '/Users/zeshanwain/repos/bank-stablecoin/ui/node_modules/@walletconnect/time/src/index.ts'

WARNING in ./node_modules/@walletconnect/time/dist/cjs/types/index.js
Module Warning (from ./node_modules/source-map-loader/dist/cjs.js):
Failed to parse source map from '/Users/zeshanwain/repos/bank-stablecoin/ui/node_modules/@walletconnect/time/src/types/index.ts' file: Error: ENOENT: no such file or directory, open '/Users/zeshanwain/repos/bank-stablecoin/ui/node_modules/@walletconnect/time/src/types/index.ts'

WARNING in ./node_modules/@walletconnect/time/dist/cjs/types/watch.js
Module Warning (from ./node_modules/source-map-loader/dist/cjs.js):
Failed to parse source map from '/Users/zeshanwain/repos/bank-stablecoin/ui/node_modules/@walletconnect/time/src/types/watch.ts' file: Error: ENOENT: no such file or directory, open '/Users/zeshanwain/repos/bank-stablecoin/ui/node_modules/@walletconnect/time/src/types/watch.ts'

WARNING in ./node_modules/@walletconnect/time/dist/cjs/utils/convert.js
Module Warning (from ./node_modules/source-map-loader/dist/cjs.js):
Failed to parse source map from '/Users/zeshanwain/repos/bank-stablecoin/ui/node_modules/@walletconnect/time/src/utils/convert.ts' file: Error: ENOENT: no such file or directory, open '/Users/zeshanwain/repos/bank-stablecoin/ui/node_modules/@walletconnect/time/src/utils/convert.ts'

WARNING in ./node_modules/@walletconnect/time/dist/cjs/utils/delay.js
Module Warning (from ./node_modules/source-map-loader/dist/cjs.js):
Failed to parse source map from '/Users/zeshanwain/repos/bank-stablecoin/ui/node_modules/@walletconnect/time/src/utils/delay.ts' file: Error: ENOENT: no such file or directory, open '/Users/zeshanwain/repos/bank-stablecoin/ui/node_modules/@walletconnect/time/src/utils/delay.ts'

WARNING in ./node_modules/@walletconnect/time/dist/cjs/utils/index.js
Module Warning (from ./node_modules/source-map-loader/dist/cjs.js):
Failed to parse source map from '/Users/zeshanwain/repos/bank-stablecoin/ui/node_modules/@walletconnect/time/src/utils/index.ts' file: Error: ENOENT: no such file or directory, open '/Users/zeshanwain/repos/bank-stablecoin/ui/node_modules/@walletconnect/time/src/utils/index.ts'

WARNING in ./node_modules/@walletconnect/time/dist/cjs/watch.js
Module Warning (from ./node_modules/source-map-loader/dist/cjs.js):
Failed to parse source map from '/Users/zeshanwain/repos/bank-stablecoin/ui/node_modules/@walletconnect/time/src/watch.ts' file: Error: ENOENT: no such file or directory, open '/Users/zeshanwain/repos/bank-stablecoin/ui/node_modules/@walletconnect/time/src/watch.ts'

WARNING in ./node_modules/@walletconnect/window-getters/dist/cjs/index.js
Module Warning (from ./node_modules/source-map-loader/dist/cjs.js):
Failed to parse source map from '/Users/zeshanwain/repos/bank-stablecoin/ui/node_modules/@walletconnect/window-getters/src/index.ts' file: Error: ENOENT: no such file or directory, open '/Users/zeshanwain/repos/bank-stablecoin/ui/node_modules/@walletconnect/window-getters/src/index.ts'

WARNING in ./node_modules/@walletconnect/window-metadata/dist/cjs/index.js
Module Warning (from ./node_modules/source-map-loader/dist/cjs.js):
Failed to parse source map from '/Users/zeshanwain/repos/bank-stablecoin/ui/node_modules/@walletconnect/window-metadata/src/index.ts' file: Error: ENOENT: no such file or directory, open '/Users/zeshanwain/repos/bank-stablecoin/ui/node_modules/@walletconnect/window-metadata/src/index.ts'

WARNING in ./node_modules/eth-rpc-errors/dist/classes.js
Module Warning (from ./node_modules/source-map-loader/dist/cjs.js):
Failed to parse source map from '/Users/zeshanwain/repos/bank-stablecoin/ui/node_modules/eth-rpc-errors/src/classes.ts' file: Error: ENOENT: no such file or directory, open '/Users/zeshanwain/repos/bank-stablecoin/ui/node_modules/eth-rpc-errors/src/classes.ts'

WARNING in ./node_modules/eth-rpc-errors/dist/error-constants.js
Module Warning (from ./node_modules/source-map-loader/dist/cjs.js):
Failed to parse source map from '/Users/zeshanwain/repos/bank-stablecoin/ui/node_modules/eth-rpc-errors/src/error-constants.ts' file: Error: ENOENT: no such file or directory, open '/Users/zeshanwain/repos/bank-stablecoin/ui/node_modules/eth-rpc-errors/src/error-constants.ts'

WARNING in ./node_modules/eth-rpc-errors/dist/errors.js
Module Warning (from ./node_modules/source-map-loader/dist/cjs.js):
Failed to parse source map from '/Users/zeshanwain/repos/bank-stablecoin/ui/node_modules/eth-rpc-errors/src/errors.ts' file: Error: ENOENT: no such file or directory, open '/Users/zeshanwain/repos/bank-stablecoin/ui/node_modules/eth-rpc-errors/src/errors.ts'

WARNING in ./node_modules/eth-rpc-errors/dist/index.js
Module Warning (from ./node_modules/source-map-loader/dist/cjs.js):
Failed to parse source map from '/Users/zeshanwain/repos/bank-stablecoin/ui/node_modules/eth-rpc-errors/src/index.ts' file: Error: ENOENT: no such file or directory, open '/Users/zeshanwain/repos/bank-stablecoin/ui/node_modules/eth-rpc-errors/src/index.ts'

WARNING in ./node_modules/eth-rpc-errors/dist/utils.js
Module Warning (from ./node_modules/source-map-loader/dist/cjs.js):
Failed to parse source map from '/Users/zeshanwain/repos/bank-stablecoin/ui/node_modules/eth-rpc-errors/src/utils.ts' file: Error: ENOENT: no such file or directory, open '/Users/zeshanwain/repos/bank-stablecoin/ui/node_modules/eth-rpc-errors/src/utils.ts'

WARNING in ./node_modules/json-rpc-engine/dist/JsonRpcEngine.js
Module Warning (from ./node_modules/source-map-loader/dist/cjs.js):
Failed to parse source map from '/Users/zeshanwain/repos/bank-stablecoin/ui/node_modules/json-rpc-engine/src/JsonRpcEngine.ts' file: Error: ENOENT: no such file or directory, open '/Users/zeshanwain/repos/bank-stablecoin/ui/node_modules/json-rpc-engine/src/JsonRpcEngine.ts'

WARNING in ./node_modules/json-rpc-engine/dist/createAsyncMiddleware.js
Module Warning (from ./node_modules/source-map-loader/dist/cjs.js):
Failed to parse source map from '/Users/zeshanwain/repos/bank-stablecoin/ui/node_modules/json-rpc-engine/src/createAsyncMiddleware.ts' file: Error: ENOENT: no such file or directory, open '/Users/zeshanwain/repos/bank-stablecoin/ui/node_modules/json-rpc-engine/src/createAsyncMiddleware.ts'

WARNING in ./node_modules/json-rpc-engine/dist/createScaffoldMiddleware.js
Module Warning (from ./node_modules/source-map-loader/dist/cjs.js):
Failed to parse source map from '/Users/zeshanwain/repos/bank-stablecoin/ui/node_modules/json-rpc-engine/src/createScaffoldMiddleware.ts' file: Error: ENOENT: no such file or directory, open '/Users/zeshanwain/repos/bank-stablecoin/ui/node_modules/json-rpc-engine/src/createScaffoldMiddleware.ts'

WARNING in ./node_modules/json-rpc-engine/dist/getUniqueId.js
Module Warning (from ./node_modules/source-map-loader/dist/cjs.js):
Failed to parse source map from '/Users/zeshanwain/repos/bank-stablecoin/ui/node_modules/json-rpc-engine/src/getUniqueId.ts' file: Error: ENOENT: no such file or directory, open '/Users/zeshanwain/repos/bank-stablecoin/ui/node_modules/json-rpc-engine/src/getUniqueId.ts'

WARNING in ./node_modules/json-rpc-engine/dist/idRemapMiddleware.js
Module Warning (from ./node_modules/source-map-loader/dist/cjs.js):
Failed to parse source map from '/Users/zeshanwain/repos/bank-stablecoin/ui/node_modules/json-rpc-engine/src/idRemapMiddleware.ts' file: Error: ENOENT: no such file or directory, open '/Users/zeshanwain/repos/bank-stablecoin/ui/node_modules/json-rpc-engine/src/idRemapMiddleware.ts'

WARNING in ./node_modules/json-rpc-engine/dist/index.js
Module Warning (from ./node_modules/source-map-loader/dist/cjs.js):
Failed to parse source map from '/Users/zeshanwain/repos/bank-stablecoin/ui/node_modules/json-rpc-engine/src/index.ts' file: Error: ENOENT: no such file or directory, open '/Users/zeshanwain/repos/bank-stablecoin/ui/node_modules/json-rpc-engine/src/index.ts'

WARNING in ./node_modules/json-rpc-engine/dist/mergeMiddleware.js
Module Warning (from ./node_modules/source-map-loader/dist/cjs.js):
Failed to parse source map from '/Users/zeshanwain/repos/bank-stablecoin/ui/node_modules/json-rpc-engine/src/mergeMiddleware.ts' file: Error: ENOENT: no such file or directory, open '/Users/zeshanwain/repos/bank-stablecoin/ui/node_modules/json-rpc-engine/src/mergeMiddleware.ts'

WARNING in ./node_modules/json-rpc-engine/node_modules/@metamask/safe-event-emitter/index.js
Module Warning (from ./node_modules/source-map-loader/dist/cjs.js):
Failed to parse source map from '/Users/zeshanwain/repos/bank-stablecoin/ui/node_modules/json-rpc-engine/node_modules/@metamask/safe-event-emitter/index.ts' file: Error: ENOENT: no such file or directory, open '/Users/zeshanwain/repos/bank-stablecoin/ui/node_modules/json-rpc-engine/node_modules/@metamask/safe-event-emitter/index.ts'

WARNING in ./node_modules/superstruct/dist/index.mjs
Module Warning (from ./node_modules/source-map-loader/dist/cjs.js):
Failed to parse source map from '/Users/zeshanwain/repos/bank-stablecoin/ui/node_modules/superstruct/src/error.ts' file: Error: ENOENT: no such file or directory, open '/Users/zeshanwain/repos/bank-stablecoin/ui/node_modules/superstruct/src/error.ts'

WARNING in ./node_modules/superstruct/dist/index.mjs
Module Warning (from ./node_modules/source-map-loader/dist/cjs.js):
Failed to parse source map from '/Users/zeshanwain/repos/bank-stablecoin/ui/node_modules/superstruct/src/struct.ts' file: Error: ENOENT: no such file or directory, open '/Users/zeshanwain/repos/bank-stablecoin/ui/node_modules/superstruct/src/struct.ts'

WARNING in ./node_modules/superstruct/dist/index.mjs
Module Warning (from ./node_modules/source-map-loader/dist/cjs.js):
Failed to parse source map from '/Users/zeshanwain/repos/bank-stablecoin/ui/node_modules/superstruct/src/structs/coercions.ts' file: Error: ENOENT: no such file or directory, open '/Users/zeshanwain/repos/bank-stablecoin/ui/node_modules/superstruct/src/structs/coercions.ts'

WARNING in ./node_modules/superstruct/dist/index.mjs
Module Warning (from ./node_modules/source-map-loader/dist/cjs.js):
Failed to parse source map from '/Users/zeshanwain/repos/bank-stablecoin/ui/node_modules/superstruct/src/structs/refinements.ts' file: Error: ENOENT: no such file or directory, open '/Users/zeshanwain/repos/bank-stablecoin/ui/node_modules/superstruct/src/structs/refinements.ts'

WARNING in ./node_modules/superstruct/dist/index.mjs
Module Warning (from ./node_modules/source-map-loader/dist/cjs.js):
Failed to parse source map from '/Users/zeshanwain/repos/bank-stablecoin/ui/node_modules/superstruct/src/structs/types.ts' file: Error: ENOENT: no such file or directory, open '/Users/zeshanwain/repos/bank-stablecoin/ui/node_modules/superstruct/src/structs/types.ts'

WARNING in ./node_modules/superstruct/dist/index.mjs
Module Warning (from ./node_modules/source-map-loader/dist/cjs.js):
Failed to parse source map from '/Users/zeshanwain/repos/bank-stablecoin/ui/node_modules/superstruct/src/structs/utilities.ts' file: Error: ENOENT: no such file or directory, open '/Users/zeshanwain/repos/bank-stablecoin/ui/node_modules/superstruct/src/structs/utilities.ts'

WARNING in ./node_modules/superstruct/dist/index.mjs
Module Warning (from ./node_modules/source-map-loader/dist/cjs.js):
Failed to parse source map from '/Users/zeshanwain/repos/bank-stablecoin/ui/node_modules/superstruct/src/utils.ts' file: Error: ENOENT: no such file or directory, open '/Users/zeshanwain/repos/bank-stablecoin/ui/node_modules/superstruct/src/utils.ts'

WARNING in [eslint] 
src/contexts/WalletContext.tsx
  Line 4:15:  'Chain' is defined but never used  @typescript-eslint/no-unused-vars

src/daml.js/40f452260bef3f29dede136108fc08a88d5a5250310281067087da6f0baddff7/lib/DA/Types/index.js
  Line 1:1:  'use strict' is unnecessary inside of modules  strict

src/daml.js/40f452260bef3f29dede136108fc08a88d5a5250310281067087da6f0baddff7/lib/DA/Types/module.js
  Line 1:1:    'use strict' is unnecessary inside of modules  strict
  Line 22:14:  Expected an error object to be thrown          no-throw-literal

src/daml.js/40f452260bef3f29dede136108fc08a88d5a5250310281067087da6f0baddff7/lib/DA/index.js
  Line 1:1:  'use strict' is unnecessary inside of modules  strict

src/daml.js/40f452260bef3f29dede136108fc08a88d5a5250310281067087da6f0baddff7/lib/index.js
  Line 1:1:  'use strict' is unnecessary inside of modules  strict

src/daml.js/bank-stablecoin-1.0.0/lib/Model/AtomicSwap/index.js
  Line 1:1:  'use strict' is unnecessary inside of modules  strict

src/daml.js/bank-stablecoin-1.0.0/lib/Model/AtomicSwap/module.js
  Line 1:1:     'use strict' is unnecessary inside of modules  strict
  Line 48:28:   Expected an error object to be thrown          no-throw-literal
  Line 124:28:  Expected an error object to be thrown          no-throw-literal
  Line 221:28:  Expected an error object to be thrown          no-throw-literal
  Line 303:28:  Expected an error object to be thrown          no-throw-literal

src/daml.js/bank-stablecoin-1.0.0/lib/Model/Compliance/index.js
  Line 1:1:  'use strict' is unnecessary inside of modules  strict

src/daml.js/bank-stablecoin-1.0.0/lib/Model/Compliance/module.js
  Line 1:1:     'use strict' is unnecessary inside of modules  strict
  Line 49:28:   Expected an error object to be thrown          no-throw-literal
  Line 111:28:  Expected an error object to be thrown          no-throw-literal
  Line 178:28:  Expected an error object to be thrown          no-throw-literal

src/daml.js/bank-stablecoin-1.0.0/lib/Model/Loan/index.js
  Line 1:1:  'use strict' is unnecessary inside of modules  strict

src/daml.js/bank-stablecoin-1.0.0/lib/Model/Loan/module.js
  Line 1:1:     'use strict' is unnecessary inside of modules  strict
  Line 48:28:   Expected an error object to be thrown          no-throw-literal
  Line 135:28:  Expected an error object to be thrown          no-throw-literal
  Line 244:28:  Expected an error object to be thrown          no-throw-literal

src/daml.js/bank-stablecoin-1.0.0/lib/Model/MultiSig/index.js
  Line 1:1:  'use strict' is unnecessary inside of modules  strict

src/daml.js/bank-stablecoin-1.0.0/lib/Model/MultiSig/module.js
  Line 1:1:     'use strict' is unnecessary inside of modules  strict
  Line 49:28:   Expected an error object to be thrown          no-throw-literal
  Line 133:28:  Expected an error object to be thrown          no-throw-literal
  Line 228:28:  Expected an error object to be thrown          no-throw-literal

src/daml.js/bank-stablecoin-1.0.0/lib/Model/RealBankAccount/index.js
  Line 1:1:  'use strict' is unnecessary inside of modules  strict

src/daml.js/bank-stablecoin-1.0.0/lib/Model/RealBankAccount/module.js
  Line 1:1:     'use strict' is unnecessary inside of modules  strict
  Line 52:28:   Expected an error object to be thrown          no-throw-literal
  Line 115:28:  Expected an error object to be thrown          no-throw-literal
  Line 188:28:  Expected an error object to be thrown          no-throw-literal
  Line 256:28:  Expected an error object to be thrown          no-throw-literal
  Line 375:28:  Expected an error object to be thrown          no-throw-literal
  Line 462:28:  Expected an error object to be thrown          no-throw-literal

src/daml.js/bank-stablecoin-1.0.0/lib/Model/Stablecoin/index.js
  Line 1:1:  'use strict' is unnecessary inside of modules  strict

src/daml.js/bank-stablecoin-1.0.0/lib/Model/Stablecoin/module.js
  Line 1:1:     'use strict' is unnecessary inside of modules  strict
  Line 23:28:   Expected an error object to be thrown          no-throw-literal
  Line 89:28:   Expected an error object to be thrown          no-throw-literal
  Line 178:28:  Expected an error object to be thrown          no-throw-literal
  Line 235:28:  Expected an error object to be thrown          no-throw-literal
  Line 304:28:  Expected an error object to be thrown          no-throw-literal
  Line 405:28:  Expected an error object to be thrown          no-throw-literal

src/daml.js/d14e08374fc7197d6a0de468c968ae8ba3aadbf9315476fd39071831f5923662/lib/DA/Internal/Template/index.js
  Line 1:1:  'use strict' is unnecessary inside of modules  strict

src/daml.js/d14e08374fc7197d6a0de468c968ae8ba3aadbf9315476fd39071831f5923662/lib/DA/Internal/Template/module.js
  Line 1:1:  'use strict' is unnecessary inside of modules  strict

src/daml.js/d14e08374fc7197d6a0de468c968ae8ba3aadbf9315476fd39071831f5923662/lib/DA/Internal/index.js
  Line 1:1:  'use strict' is unnecessary inside of modules  strict

src/daml.js/d14e08374fc7197d6a0de468c968ae8ba3aadbf9315476fd39071831f5923662/lib/DA/index.js
  Line 1:1:  'use strict' is unnecessary inside of modules  strict

src/daml.js/d14e08374fc7197d6a0de468c968ae8ba3aadbf9315476fd39071831f5923662/lib/index.js
  Line 1:1:  'use strict' is unnecessary inside of modules  strict

ERROR in [eslint] 
src/contexts/WalletContext.tsx
  Line 52:6:  'WagmiProvider' is not defined  react/jsx-no-undef

Search for the keywords to learn more about each error.

webpack compiled with 1 error and 73 warnings
ERROR in src/contexts/WalletContext.tsx:17:37
TS2554: Expected 0 arguments, but got 1.
    15 |
    16 | // Create config with explicit type
  > 17 | const config: Config = createConfig({
       |                                     ^
  > 18 |   chains,
       | ^^^^^^^^^
  > 19 |   connectors: [
       | ^^^^^^^^^
  > 20 |     injected(),
       | ^^^^^^^^^
  > 21 |     walletConnect({
       | ^^^^^^^^^
  > 22 |       projectId: '0a3fc14c4ea735512ac97ba826580151',
       | ^^^^^^^^^
  > 23 |     }),
       | ^^^^^^^^^
  > 24 |   ],
       | ^^^^^^^^^
  > 25 |   transports: {
       | ^^^^^^^^^
  > 26 |     [sepolia.id]: http(),
       | ^^^^^^^^^
  > 27 |     [polygonMumbai.id]: http(),
       | ^^^^^^^^^
  > 28 |     [arbitrumSepolia.id]: http(),
       | ^^^^^^^^^
  > 29 |     [optimismSepolia.id]: http(),
       | ^^^^^^^^^
  > 30 |   },
       | ^^^^^^^^^
  > 31 | }) as Config;
       | ^^
    32 |
    33 | interface WalletContextType {
    34 |   address?: `0x${string}`;

ERROR in src/contexts/WalletContext.tsx:52:6
TS2304: Cannot find name 'WagmiProvider'.
    50 | export const WalletProvider: React.FC<{ children: React.ReactNode }> = ({ children }) => {
    51 |   return (
  > 52 |     <WagmiProvider config={config as any}>
       |      ^^^^^^^^^^^^^
    53 |       <QueryClientProvider client={queryClient}>
    54 |         <WalletProviderInner>{children}</WalletProviderInner>
    55 |       </QueryClientProvider>

ERROR in src/contexts/WalletContext.tsx:56:7
TS2304: Cannot find name 'WagmiProvider'.
    54 |         <WalletProviderInner>{children}</WalletProviderInner>
    55 |       </QueryClientProvider>
  > 56 |     </WagmiProvider>
       |       ^^^^^^^^^^^^^
    57 |   );
    58 | };
    59 |

Compiling...
Compiled with warnings.

Failed to parse source map from '/Users/zeshanwain/language-support/ts/daml-ledger/index.ts' file: Error: ENOENT: no such file or directory, open '/Users/zeshanwain/language-support/ts/daml-ledger/index.ts'

Failed to parse source map from '/Users/zeshanwain/language-support/ts/daml-react/createLedgerContext.ts' file: Error: ENOENT: no such file or directory, open '/Users/zeshanwain/language-support/ts/daml-react/createLedgerContext.ts'

Failed to parse source map from '/Users/zeshanwain/language-support/ts/daml-react/defaultLedgerContext.ts' file: Error: ENOENT: no such file or directory, open '/Users/zeshanwain/language-support/ts/daml-react/defaultLedgerContext.ts'

Failed to parse source map from '/Users/zeshanwain/language-support/ts/daml-react/index.ts' file: Error: ENOENT: no such file or directory, open '/Users/zeshanwain/language-support/ts/daml-react/index.ts'

Failed to parse source map from '/Users/zeshanwain/language-support/ts/daml-types/index.ts' file: Error: ENOENT: no such file or directory, open '/Users/zeshanwain/language-support/ts/daml-types/index.ts'

Failed to parse source map from '/Users/zeshanwain/repos/bank-stablecoin/ui/node_modules/@metamask/safe-event-emitter/index.ts' file: Error: ENOENT: no such file or directory, open '/Users/zeshanwain/repos/bank-stablecoin/ui/node_modules/@metamask/safe-event-emitter/index.ts'

Failed to parse source map from '/Users/zeshanwain/repos/bank-stablecoin/ui/node_modules/@safe-global/safe-gateway-typescript-sdk/src/config.ts' file: Error: ENOENT: no such file or directory, open '/Users/zeshanwain/repos/bank-stablecoin/ui/node_modules/@safe-global/safe-gateway-typescript-sdk/src/config.ts'

Failed to parse source map from '/Users/zeshanwain/repos/bank-stablecoin/ui/node_modules/@safe-global/safe-gateway-typescript-sdk/src/endpoint.ts' file: Error: ENOENT: no such file or directory, open '/Users/zeshanwain/repos/bank-stablecoin/ui/node_modules/@safe-global/safe-gateway-typescript-sdk/src/endpoint.ts'

Failed to parse source map from '/Users/zeshanwain/repos/bank-stablecoin/ui/node_modules/@safe-global/safe-gateway-typescript-sdk/src/index.ts' file: Error: ENOENT: no such file or directory, open '/Users/zeshanwain/repos/bank-stablecoin/ui/node_modules/@safe-global/safe-gateway-typescript-sdk/src/index.ts'

Failed to parse source map from '/Users/zeshanwain/repos/bank-stablecoin/ui/node_modules/@safe-global/safe-gateway-typescript-sdk/src/types/chains.ts' file: Error: ENOENT: no such file or directory, open '/Users/zeshanwain/repos/bank-stablecoin/ui/node_modules/@safe-global/safe-gateway-typescript-sdk/src/types/chains.ts'

Failed to parse source map from '/Users/zeshanwain/repos/bank-stablecoin/ui/node_modules/@safe-global/safe-gateway-typescript-sdk/src/types/common.ts' file: Error: ENOENT: no such file or directory, open '/Users/zeshanwain/repos/bank-stablecoin/ui/node_modules/@safe-global/safe-gateway-typescript-sdk/src/types/common.ts'

Failed to parse source map from '/Users/zeshanwain/repos/bank-stablecoin/ui/node_modules/@safe-global/safe-gateway-typescript-sdk/src/types/decoded-data.ts' file: Error: ENOENT: no such file or directory, open '/Users/zeshanwain/repos/bank-stablecoin/ui/node_modules/@safe-global/safe-gateway-typescript-sdk/src/types/decoded-data.ts'

Failed to parse source map from '/Users/zeshanwain/repos/bank-stablecoin/ui/node_modules/@safe-global/safe-gateway-typescript-sdk/src/types/master-copies.ts' file: Error: ENOENT: no such file or directory, open '/Users/zeshanwain/repos/bank-stablecoin/ui/node_modules/@safe-global/safe-gateway-typescript-sdk/src/types/master-copies.ts'

Failed to parse source map from '/Users/zeshanwain/repos/bank-stablecoin/ui/node_modules/@safe-global/safe-gateway-typescript-sdk/src/types/notifications.ts' file: Error: ENOENT: no such file or directory, open '/Users/zeshanwain/repos/bank-stablecoin/ui/node_modules/@safe-global/safe-gateway-typescript-sdk/src/types/notifications.ts'

Failed to parse source map from '/Users/zeshanwain/repos/bank-stablecoin/ui/node_modules/@safe-global/safe-gateway-typescript-sdk/src/types/relay.ts' file: Error: ENOENT: no such file or directory, open '/Users/zeshanwain/repos/bank-stablecoin/ui/node_modules/@safe-global/safe-gateway-typescript-sdk/src/types/relay.ts'

Failed to parse source map from '/Users/zeshanwain/repos/bank-stablecoin/ui/node_modules/@safe-global/safe-gateway-typescript-sdk/src/types/safe-apps.ts' file: Error: ENOENT: no such file or directory, open '/Users/zeshanwain/repos/bank-stablecoin/ui/node_modules/@safe-global/safe-gateway-typescript-sdk/src/types/safe-apps.ts'

Failed to parse source map from '/Users/zeshanwain/repos/bank-stablecoin/ui/node_modules/@safe-global/safe-gateway-typescript-sdk/src/types/safe-info.ts' file: Error: ENOENT: no such file or directory, open '/Users/zeshanwain/repos/bank-stablecoin/ui/node_modules/@safe-global/safe-gateway-typescript-sdk/src/types/safe-info.ts'

Failed to parse source map from '/Users/zeshanwain/repos/bank-stablecoin/ui/node_modules/@safe-global/safe-gateway-typescript-sdk/src/types/safe-messages.ts' file: Error: ENOENT: no such file or directory, open '/Users/zeshanwain/repos/bank-stablecoin/ui/node_modules/@safe-global/safe-gateway-typescript-sdk/src/types/safe-messages.ts'

Failed to parse source map from '/Users/zeshanwain/repos/bank-stablecoin/ui/node_modules/@safe-global/safe-gateway-typescript-sdk/src/types/transactions.ts' file: Error: ENOENT: no such file or directory, open '/Users/zeshanwain/repos/bank-stablecoin/ui/node_modules/@safe-global/safe-gateway-typescript-sdk/src/types/transactions.ts'

Failed to parse source map from '/Users/zeshanwain/repos/bank-stablecoin/ui/node_modules/@safe-global/safe-gateway-typescript-sdk/src/utils.ts' file: Error: ENOENT: no such file or directory, open '/Users/zeshanwain/repos/bank-stablecoin/ui/node_modules/@safe-global/safe-gateway-typescript-sdk/src/utils.ts'

Failed to parse source map from '/Users/zeshanwain/repos/bank-stablecoin/ui/node_modules/@walletconnect/environment/src/crypto.ts' file: Error: ENOENT: no such file or directory, open '/Users/zeshanwain/repos/bank-stablecoin/ui/node_modules/@walletconnect/environment/src/crypto.ts'

Failed to parse source map from '/Users/zeshanwain/repos/bank-stablecoin/ui/node_modules/@walletconnect/environment/src/env.ts' file: Error: ENOENT: no such file or directory, open '/Users/zeshanwain/repos/bank-stablecoin/ui/node_modules/@walletconnect/environment/src/env.ts'

Failed to parse source map from '/Users/zeshanwain/repos/bank-stablecoin/ui/node_modules/@walletconnect/environment/src/index.ts' file: Error: ENOENT: no such file or directory, open '/Users/zeshanwain/repos/bank-stablecoin/ui/node_modules/@walletconnect/environment/src/index.ts'

Failed to parse source map from '/Users/zeshanwain/repos/bank-stablecoin/ui/node_modules/@walletconnect/events/src/events.ts' file: Error: ENOENT: no such file or directory, open '/Users/zeshanwain/repos/bank-stablecoin/ui/node_modules/@walletconnect/events/src/events.ts'

Failed to parse source map from '/Users/zeshanwain/repos/bank-stablecoin/ui/node_modules/@walletconnect/events/src/index.ts' file: Error: ENOENT: no such file or directory, open '/Users/zeshanwain/repos/bank-stablecoin/ui/node_modules/@walletconnect/events/src/index.ts'

Failed to parse source map from '/Users/zeshanwain/repos/bank-stablecoin/ui/node_modules/@walletconnect/jsonrpc-utils/src/constants.ts' file: Error: ENOENT: no such file or directory, open '/Users/zeshanwain/repos/bank-stablecoin/ui/node_modules/@walletconnect/jsonrpc-utils/src/constants.ts'

Failed to parse source map from '/Users/zeshanwain/repos/bank-stablecoin/ui/node_modules/@walletconnect/jsonrpc-utils/src/env.ts' file: Error: ENOENT: no such file or directory, open '/Users/zeshanwain/repos/bank-stablecoin/ui/node_modules/@walletconnect/jsonrpc-utils/src/env.ts'

Failed to parse source map from '/Users/zeshanwain/repos/bank-stablecoin/ui/node_modules/@walletconnect/jsonrpc-utils/src/error.ts' file: Error: ENOENT: no such file or directory, open '/Users/zeshanwain/repos/bank-stablecoin/ui/node_modules/@walletconnect/jsonrpc-utils/src/error.ts'

Failed to parse source map from '/Users/zeshanwain/repos/bank-stablecoin/ui/node_modules/@walletconnect/jsonrpc-utils/src/format.ts' file: Error: ENOENT: no such file or directory, open '/Users/zeshanwain/repos/bank-stablecoin/ui/node_modules/@walletconnect/jsonrpc-utils/src/format.ts'

Failed to parse source map from '/Users/zeshanwain/repos/bank-stablecoin/ui/node_modules/@walletconnect/jsonrpc-utils/src/index.ts' file: Error: ENOENT: no such file or directory, open '/Users/zeshanwain/repos/bank-stablecoin/ui/node_modules/@walletconnect/jsonrpc-utils/src/index.ts'

Failed to parse source map from '/Users/zeshanwain/repos/bank-stablecoin/ui/node_modules/@walletconnect/jsonrpc-utils/src/routing.ts' file: Error: ENOENT: no such file or directory, open '/Users/zeshanwain/repos/bank-stablecoin/ui/node_modules/@walletconnect/jsonrpc-utils/src/routing.ts'

Failed to parse source map from '/Users/zeshanwain/repos/bank-stablecoin/ui/node_modules/@walletconnect/jsonrpc-utils/src/types.ts' file: Error: ENOENT: no such file or directory, open '/Users/zeshanwain/repos/bank-stablecoin/ui/node_modules/@walletconnect/jsonrpc-utils/src/types.ts'

Failed to parse source map from '/Users/zeshanwain/repos/bank-stablecoin/ui/node_modules/@walletconnect/jsonrpc-utils/src/url.ts' file: Error: ENOENT: no such file or directory, open '/Users/zeshanwain/repos/bank-stablecoin/ui/node_modules/@walletconnect/jsonrpc-utils/src/url.ts'

Failed to parse source map from '/Users/zeshanwain/repos/bank-stablecoin/ui/node_modules/@walletconnect/jsonrpc-utils/src/validators.ts' file: Error: ENOENT: no such file or directory, open '/Users/zeshanwain/repos/bank-stablecoin/ui/node_modules/@walletconnect/jsonrpc-utils/src/validators.ts'

Failed to parse source map from '/Users/zeshanwain/repos/bank-stablecoin/ui/node_modules/@walletconnect/relay-auth/src/api.ts' file: Error: ENOENT: no such file or directory, open '/Users/zeshanwain/repos/bank-stablecoin/ui/node_modules/@walletconnect/relay-auth/src/api.ts'

Failed to parse source map from '/Users/zeshanwain/repos/bank-stablecoin/ui/node_modules/@walletconnect/relay-auth/src/constants.ts' file: Error: ENOENT: no such file or directory, open '/Users/zeshanwain/repos/bank-stablecoin/ui/node_modules/@walletconnect/relay-auth/src/constants.ts'

Failed to parse source map from '/Users/zeshanwain/repos/bank-stablecoin/ui/node_modules/@walletconnect/relay-auth/src/index.ts' file: Error: ENOENT: no such file or directory, open '/Users/zeshanwain/repos/bank-stablecoin/ui/node_modules/@walletconnect/relay-auth/src/index.ts'

Failed to parse source map from '/Users/zeshanwain/repos/bank-stablecoin/ui/node_modules/@walletconnect/relay-auth/src/types.ts' file: Error: ENOENT: no such file or directory, open '/Users/zeshanwain/repos/bank-stablecoin/ui/node_modules/@walletconnect/relay-auth/src/types.ts'

Failed to parse source map from '/Users/zeshanwain/repos/bank-stablecoin/ui/node_modules/@walletconnect/relay-auth/src/utils.ts' file: Error: ENOENT: no such file or directory, open '/Users/zeshanwain/repos/bank-stablecoin/ui/node_modules/@walletconnect/relay-auth/src/utils.ts'

Failed to parse source map from '/Users/zeshanwain/repos/bank-stablecoin/ui/node_modules/@walletconnect/safe-json/src/index.ts' file: Error: ENOENT: no such file or directory, open '/Users/zeshanwain/repos/bank-stablecoin/ui/node_modules/@walletconnect/safe-json/src/index.ts'

Failed to parse source map from '/Users/zeshanwain/repos/bank-stablecoin/ui/node_modules/@walletconnect/time/src/constants/index.ts' file: Error: ENOENT: no such file or directory, open '/Users/zeshanwain/repos/bank-stablecoin/ui/node_modules/@walletconnect/time/src/constants/index.ts'

Failed to parse source map from '/Users/zeshanwain/repos/bank-stablecoin/ui/node_modules/@walletconnect/time/src/constants/misc.ts' file: Error: ENOENT: no such file or directory, open '/Users/zeshanwain/repos/bank-stablecoin/ui/node_modules/@walletconnect/time/src/constants/misc.ts'

Failed to parse source map from '/Users/zeshanwain/repos/bank-stablecoin/ui/node_modules/@walletconnect/time/src/constants/time.ts' file: Error: ENOENT: no such file or directory, open '/Users/zeshanwain/repos/bank-stablecoin/ui/node_modules/@walletconnect/time/src/constants/time.ts'

Failed to parse source map from '/Users/zeshanwain/repos/bank-stablecoin/ui/node_modules/@walletconnect/time/src/index.ts' file: Error: ENOENT: no such file or directory, open '/Users/zeshanwain/repos/bank-stablecoin/ui/node_modules/@walletconnect/time/src/index.ts'

Failed to parse source map from '/Users/zeshanwain/repos/bank-stablecoin/ui/node_modules/@walletconnect/time/src/types/index.ts' file: Error: ENOENT: no such file or directory, open '/Users/zeshanwain/repos/bank-stablecoin/ui/node_modules/@walletconnect/time/src/types/index.ts'

Failed to parse source map from '/Users/zeshanwain/repos/bank-stablecoin/ui/node_modules/@walletconnect/time/src/types/watch.ts' file: Error: ENOENT: no such file or directory, open '/Users/zeshanwain/repos/bank-stablecoin/ui/node_modules/@walletconnect/time/src/types/watch.ts'

Failed to parse source map from '/Users/zeshanwain/repos/bank-stablecoin/ui/node_modules/@walletconnect/time/src/utils/convert.ts' file: Error: ENOENT: no such file or directory, open '/Users/zeshanwain/repos/bank-stablecoin/ui/node_modules/@walletconnect/time/src/utils/convert.ts'

Failed to parse source map from '/Users/zeshanwain/repos/bank-stablecoin/ui/node_modules/@walletconnect/time/src/utils/delay.ts' file: Error: ENOENT: no such file or directory, open '/Users/zeshanwain/repos/bank-stablecoin/ui/node_modules/@walletconnect/time/src/utils/delay.ts'

Failed to parse source map from '/Users/zeshanwain/repos/bank-stablecoin/ui/node_modules/@walletconnect/time/src/utils/index.ts' file: Error: ENOENT: no such file or directory, open '/Users/zeshanwain/repos/bank-stablecoin/ui/node_modules/@walletconnect/time/src/utils/index.ts'

Failed to parse source map from '/Users/zeshanwain/repos/bank-stablecoin/ui/node_modules/@walletconnect/time/src/watch.ts' file: Error: ENOENT: no such file or directory, open '/Users/zeshanwain/repos/bank-stablecoin/ui/node_modules/@walletconnect/time/src/watch.ts'

Failed to parse source map from '/Users/zeshanwain/repos/bank-stablecoin/ui/node_modules/@walletconnect/window-getters/src/index.ts' file: Error: ENOENT: no such file or directory, open '/Users/zeshanwain/repos/bank-stablecoin/ui/node_modules/@walletconnect/window-getters/src/index.ts'

Failed to parse source map from '/Users/zeshanwain/repos/bank-stablecoin/ui/node_modules/@walletconnect/window-metadata/src/index.ts' file: Error: ENOENT: no such file or directory, open '/Users/zeshanwain/repos/bank-stablecoin/ui/node_modules/@walletconnect/window-metadata/src/index.ts'

Failed to parse source map from '/Users/zeshanwain/repos/bank-stablecoin/ui/node_modules/eth-rpc-errors/src/classes.ts' file: Error: ENOENT: no such file or directory, open '/Users/zeshanwain/repos/bank-stablecoin/ui/node_modules/eth-rpc-errors/src/classes.ts'

Failed to parse source map from '/Users/zeshanwain/repos/bank-stablecoin/ui/node_modules/eth-rpc-errors/src/error-constants.ts' file: Error: ENOENT: no such file or directory, open '/Users/zeshanwain/repos/bank-stablecoin/ui/node_modules/eth-rpc-errors/src/error-constants.ts'

Failed to parse source map from '/Users/zeshanwain/repos/bank-stablecoin/ui/node_modules/eth-rpc-errors/src/errors.ts' file: Error: ENOENT: no such file or directory, open '/Users/zeshanwain/repos/bank-stablecoin/ui/node_modules/eth-rpc-errors/src/errors.ts'

Failed to parse source map from '/Users/zeshanwain/repos/bank-stablecoin/ui/node_modules/eth-rpc-errors/src/index.ts' file: Error: ENOENT: no such file or directory, open '/Users/zeshanwain/repos/bank-stablecoin/ui/node_modules/eth-rpc-errors/src/index.ts'

Failed to parse source map from '/Users/zeshanwain/repos/bank-stablecoin/ui/node_modules/eth-rpc-errors/src/utils.ts' file: Error: ENOENT: no such file or directory, open '/Users/zeshanwain/repos/bank-stablecoin/ui/node_modules/eth-rpc-errors/src/utils.ts'

Failed to parse source map from '/Users/zeshanwain/repos/bank-stablecoin/ui/node_modules/json-rpc-engine/src/JsonRpcEngine.ts' file: Error: ENOENT: no such file or directory, open '/Users/zeshanwain/repos/bank-stablecoin/ui/node_modules/json-rpc-engine/src/JsonRpcEngine.ts'

Failed to parse source map from '/Users/zeshanwain/repos/bank-stablecoin/ui/node_modules/json-rpc-engine/src/createAsyncMiddleware.ts' file: Error: ENOENT: no such file or directory, open '/Users/zeshanwain/repos/bank-stablecoin/ui/node_modules/json-rpc-engine/src/createAsyncMiddleware.ts'

Failed to parse source map from '/Users/zeshanwain/repos/bank-stablecoin/ui/node_modules/json-rpc-engine/src/createScaffoldMiddleware.ts' file: Error: ENOENT: no such file or directory, open '/Users/zeshanwain/repos/bank-stablecoin/ui/node_modules/json-rpc-engine/src/createScaffoldMiddleware.ts'

Failed to parse source map from '/Users/zeshanwain/repos/bank-stablecoin/ui/node_modules/json-rpc-engine/src/getUniqueId.ts' file: Error: ENOENT: no such file or directory, open '/Users/zeshanwain/repos/bank-stablecoin/ui/node_modules/json-rpc-engine/src/getUniqueId.ts'

Failed to parse source map from '/Users/zeshanwain/repos/bank-stablecoin/ui/node_modules/json-rpc-engine/src/idRemapMiddleware.ts' file: Error: ENOENT: no such file or directory, open '/Users/zeshanwain/repos/bank-stablecoin/ui/node_modules/json-rpc-engine/src/idRemapMiddleware.ts'

Failed to parse source map from '/Users/zeshanwain/repos/bank-stablecoin/ui/node_modules/json-rpc-engine/src/index.ts' file: Error: ENOENT: no such file or directory, open '/Users/zeshanwain/repos/bank-stablecoin/ui/node_modules/json-rpc-engine/src/index.ts'

Failed to parse source map from '/Users/zeshanwain/repos/bank-stablecoin/ui/node_modules/json-rpc-engine/src/mergeMiddleware.ts' file: Error: ENOENT: no such file or directory, open '/Users/zeshanwain/repos/bank-stablecoin/ui/node_modules/json-rpc-engine/src/mergeMiddleware.ts'

Failed to parse source map from '/Users/zeshanwain/repos/bank-stablecoin/ui/node_modules/json-rpc-engine/node_modules/@metamask/safe-event-emitter/index.ts' file: Error: ENOENT: no such file or directory, open '/Users/zeshanwain/repos/bank-stablecoin/ui/node_modules/json-rpc-engine/node_modules/@metamask/safe-event-emitter/index.ts'

Failed to parse source map from '/Users/zeshanwain/repos/bank-stablecoin/ui/node_modules/superstruct/src/error.ts' file: Error: ENOENT: no such file or directory, open '/Users/zeshanwain/repos/bank-stablecoin/ui/node_modules/superstruct/src/error.ts'

Failed to parse source map from '/Users/zeshanwain/repos/bank-stablecoin/ui/node_modules/superstruct/src/struct.ts' file: Error: ENOENT: no such file or directory, open '/Users/zeshanwain/repos/bank-stablecoin/ui/node_modules/superstruct/src/struct.ts'

Failed to parse source map from '/Users/zeshanwain/repos/bank-stablecoin/ui/node_modules/superstruct/src/structs/coercions.ts' file: Error: ENOENT: no such file or directory, open '/Users/zeshanwain/repos/bank-stablecoin/ui/node_modules/superstruct/src/structs/coercions.ts'

Failed to parse source map from '/Users/zeshanwain/repos/bank-stablecoin/ui/node_modules/superstruct/src/structs/refinements.ts' file: Error: ENOENT: no such file or directory, open '/Users/zeshanwain/repos/bank-stablecoin/ui/node_modules/superstruct/src/structs/refinements.ts'

Failed to parse source map from '/Users/zeshanwain/repos/bank-stablecoin/ui/node_modules/superstruct/src/structs/types.ts' file: Error: ENOENT: no such file or directory, open '/Users/zeshanwain/repos/bank-stablecoin/ui/node_modules/superstruct/src/structs/types.ts'

Failed to parse source map from '/Users/zeshanwain/repos/bank-stablecoin/ui/node_modules/superstruct/src/structs/utilities.ts' file: Error: ENOENT: no such file or directory, open '/Users/zeshanwain/repos/bank-stablecoin/ui/node_modules/superstruct/src/structs/utilities.ts'

Failed to parse source map from '/Users/zeshanwain/repos/bank-stablecoin/ui/node_modules/superstruct/src/utils.ts' file: Error: ENOENT: no such file or directory, open '/Users/zeshanwain/repos/bank-stablecoin/ui/node_modules/superstruct/src/utils.ts'

[eslint] 
src/daml.js/40f452260bef3f29dede136108fc08a88d5a5250310281067087da6f0baddff7/lib/DA/Types/index.js
  Line 1:1:  'use strict' is unnecessary inside of modules  strict

src/daml.js/40f452260bef3f29dede136108fc08a88d5a5250310281067087da6f0baddff7/lib/DA/Types/module.js
  Line 1:1:    'use strict' is unnecessary inside of modules  strict
  Line 22:14:  Expected an error object to be thrown          no-throw-literal

src/daml.js/40f452260bef3f29dede136108fc08a88d5a5250310281067087da6f0baddff7/lib/DA/index.js
  Line 1:1:  'use strict' is unnecessary inside of modules  strict

src/daml.js/40f452260bef3f29dede136108fc08a88d5a5250310281067087da6f0baddff7/lib/index.js
  Line 1:1:  'use strict' is unnecessary inside of modules  strict

src/daml.js/bank-stablecoin-1.0.0/lib/Model/AtomicSwap/index.js
  Line 1:1:  'use strict' is unnecessary inside of modules  strict

src/daml.js/bank-stablecoin-1.0.0/lib/Model/AtomicSwap/module.js
  Line 1:1:     'use strict' is unnecessary inside of modules  strict
  Line 48:28:   Expected an error object to be thrown          no-throw-literal
  Line 124:28:  Expected an error object to be thrown          no-throw-literal
  Line 221:28:  Expected an error object to be thrown          no-throw-literal
  Line 303:28:  Expected an error object to be thrown          no-throw-literal

src/daml.js/bank-stablecoin-1.0.0/lib/Model/Compliance/index.js
  Line 1:1:  'use strict' is unnecessary inside of modules  strict

src/daml.js/bank-stablecoin-1.0.0/lib/Model/Compliance/module.js
  Line 1:1:     'use strict' is unnecessary inside of modules  strict
  Line 49:28:   Expected an error object to be thrown          no-throw-literal
  Line 111:28:  Expected an error object to be thrown          no-throw-literal
  Line 178:28:  Expected an error object to be thrown          no-throw-literal

src/daml.js/bank-stablecoin-1.0.0/lib/Model/Loan/index.js
  Line 1:1:  'use strict' is unnecessary inside of modules  strict

src/daml.js/bank-stablecoin-1.0.0/lib/Model/Loan/module.js
  Line 1:1:     'use strict' is unnecessary inside of modules  strict
  Line 48:28:   Expected an error object to be thrown          no-throw-literal
  Line 135:28:  Expected an error object to be thrown          no-throw-literal
  Line 244:28:  Expected an error object to be thrown          no-throw-literal

src/daml.js/bank-stablecoin-1.0.0/lib/Model/MultiSig/index.js
  Line 1:1:  'use strict' is unnecessary inside of modules  strict

src/daml.js/bank-stablecoin-1.0.0/lib/Model/MultiSig/module.js
  Line 1:1:     'use strict' is unnecessary inside of modules  strict
  Line 49:28:   Expected an error object to be thrown          no-throw-literal
  Line 133:28:  Expected an error object to be thrown          no-throw-literal
  Line 228:28:  Expected an error object to be thrown          no-throw-literal

src/daml.js/bank-stablecoin-1.0.0/lib/Model/RealBankAccount/index.js
  Line 1:1:  'use strict' is unnecessary inside of modules  strict

src/daml.js/bank-stablecoin-1.0.0/lib/Model/RealBankAccount/module.js
  Line 1:1:     'use strict' is unnecessary inside of modules  strict
  Line 52:28:   Expected an error object to be thrown          no-throw-literal
  Line 115:28:  Expected an error object to be thrown          no-throw-literal
  Line 188:28:  Expected an error object to be thrown          no-throw-literal
  Line 256:28:  Expected an error object to be thrown          no-throw-literal
  Line 375:28:  Expected an error object to be thrown          no-throw-literal
  Line 462:28:  Expected an error object to be thrown          no-throw-literal

src/daml.js/bank-stablecoin-1.0.0/lib/Model/Stablecoin/index.js
  Line 1:1:  'use strict' is unnecessary inside of modules  strict

src/daml.js/bank-stablecoin-1.0.0/lib/Model/Stablecoin/module.js
  Line 1:1:     'use strict' is unnecessary inside of modules  strict
  Line 23:28:   Expected an error object to be thrown          no-throw-literal
  Line 89:28:   Expected an error object to be thrown          no-throw-literal
  Line 178:28:  Expected an error object to be thrown          no-throw-literal
  Line 235:28:  Expected an error object to be thrown          no-throw-literal
  Line 304:28:  Expected an error object to be thrown          no-throw-literal
  Line 405:28:  Expected an error object to be thrown          no-throw-literal

src/daml.js/d14e08374fc7197d6a0de468c968ae8ba3aadbf9315476fd39071831f5923662/lib/DA/Internal/Template/index.js
  Line 1:1:  'use strict' is unnecessary inside of modules  strict

src/daml.js/d14e08374fc7197d6a0de468c968ae8ba3aadbf9315476fd39071831f5923662/lib/DA/Internal/Template/module.js
  Line 1:1:  'use strict' is unnecessary inside of modules  strict

src/daml.js/d14e08374fc7197d6a0de468c968ae8ba3aadbf9315476fd39071831f5923662/lib/DA/Internal/index.js
  Line 1:1:  'use strict' is unnecessary inside of modules  strict

src/daml.js/d14e08374fc7197d6a0de468c968ae8ba3aadbf9315476fd39071831f5923662/lib/DA/index.js
  Line 1:1:  'use strict' is unnecessary inside of modules  strict

src/daml.js/d14e08374fc7197d6a0de468c968ae8ba3aadbf9315476fd39071831f5923662/lib/index.js
  Line 1:1:  'use strict' is unnecessary inside of modules  strict

Search for the keywords to learn more about each warning.
To ignore, add // eslint-disable-next-line to the line before.

WARNING in ./node_modules/@daml/ledger/index.js
Module Warning (from ./node_modules/source-map-loader/dist/cjs.js):
Failed to parse source map from '/Users/zeshanwain/language-support/ts/daml-ledger/index.ts' file: Error: ENOENT: no such file or directory, open '/Users/zeshanwain/language-support/ts/daml-ledger/index.ts'

WARNING in ./node_modules/@daml/react/createLedgerContext.js
Module Warning (from ./node_modules/source-map-loader/dist/cjs.js):
Failed to parse source map from '/Users/zeshanwain/language-support/ts/daml-react/createLedgerContext.ts' file: Error: ENOENT: no such file or directory, open '/Users/zeshanwain/language-support/ts/daml-react/createLedgerContext.ts'

WARNING in ./node_modules/@daml/react/defaultLedgerContext.js
Module Warning (from ./node_modules/source-map-loader/dist/cjs.js):
Failed to parse source map from '/Users/zeshanwain/language-support/ts/daml-react/defaultLedgerContext.ts' file: Error: ENOENT: no such file or directory, open '/Users/zeshanwain/language-support/ts/daml-react/defaultLedgerContext.ts'

WARNING in ./node_modules/@daml/react/index.js
Module Warning (from ./node_modules/source-map-loader/dist/cjs.js):
Failed to parse source map from '/Users/zeshanwain/language-support/ts/daml-react/index.ts' file: Error: ENOENT: no such file or directory, open '/Users/zeshanwain/language-support/ts/daml-react/index.ts'

WARNING in ./node_modules/@daml/types/index.js
Module Warning (from ./node_modules/source-map-loader/dist/cjs.js):
Failed to parse source map from '/Users/zeshanwain/language-support/ts/daml-types/index.ts' file: Error: ENOENT: no such file or directory, open '/Users/zeshanwain/language-support/ts/daml-types/index.ts'

WARNING in ./node_modules/@metamask/safe-event-emitter/dist/cjs/index.js
Module Warning (from ./node_modules/source-map-loader/dist/cjs.js):
Failed to parse source map from '/Users/zeshanwain/repos/bank-stablecoin/ui/node_modules/@metamask/safe-event-emitter/index.ts' file: Error: ENOENT: no such file or directory, open '/Users/zeshanwain/repos/bank-stablecoin/ui/node_modules/@metamask/safe-event-emitter/index.ts'

WARNING in ./node_modules/@safe-global/safe-gateway-typescript-sdk/dist/config.js
Module Warning (from ./node_modules/source-map-loader/dist/cjs.js):
Failed to parse source map from '/Users/zeshanwain/repos/bank-stablecoin/ui/node_modules/@safe-global/safe-gateway-typescript-sdk/src/config.ts' file: Error: ENOENT: no such file or directory, open '/Users/zeshanwain/repos/bank-stablecoin/ui/node_modules/@safe-global/safe-gateway-typescript-sdk/src/config.ts'

WARNING in ./node_modules/@safe-global/safe-gateway-typescript-sdk/dist/endpoint.js
Module Warning (from ./node_modules/source-map-loader/dist/cjs.js):
Failed to parse source map from '/Users/zeshanwain/repos/bank-stablecoin/ui/node_modules/@safe-global/safe-gateway-typescript-sdk/src/endpoint.ts' file: Error: ENOENT: no such file or directory, open '/Users/zeshanwain/repos/bank-stablecoin/ui/node_modules/@safe-global/safe-gateway-typescript-sdk/src/endpoint.ts'

WARNING in ./node_modules/@safe-global/safe-gateway-typescript-sdk/dist/index.js
Module Warning (from ./node_modules/source-map-loader/dist/cjs.js):
Failed to parse source map from '/Users/zeshanwain/repos/bank-stablecoin/ui/node_modules/@safe-global/safe-gateway-typescript-sdk/src/index.ts' file: Error: ENOENT: no such file or directory, open '/Users/zeshanwain/repos/bank-stablecoin/ui/node_modules/@safe-global/safe-gateway-typescript-sdk/src/index.ts'

WARNING in ./node_modules/@safe-global/safe-gateway-typescript-sdk/dist/types/chains.js
Module Warning (from ./node_modules/source-map-loader/dist/cjs.js):
Failed to parse source map from '/Users/zeshanwain/repos/bank-stablecoin/ui/node_modules/@safe-global/safe-gateway-typescript-sdk/src/types/chains.ts' file: Error: ENOENT: no such file or directory, open '/Users/zeshanwain/repos/bank-stablecoin/ui/node_modules/@safe-global/safe-gateway-typescript-sdk/src/types/chains.ts'

WARNING in ./node_modules/@safe-global/safe-gateway-typescript-sdk/dist/types/common.js
Module Warning (from ./node_modules/source-map-loader/dist/cjs.js):
Failed to parse source map from '/Users/zeshanwain/repos/bank-stablecoin/ui/node_modules/@safe-global/safe-gateway-typescript-sdk/src/types/common.ts' file: Error: ENOENT: no such file or directory, open '/Users/zeshanwain/repos/bank-stablecoin/ui/node_modules/@safe-global/safe-gateway-typescript-sdk/src/types/common.ts'

WARNING in ./node_modules/@safe-global/safe-gateway-typescript-sdk/dist/types/decoded-data.js
Module Warning (from ./node_modules/source-map-loader/dist/cjs.js):
Failed to parse source map from '/Users/zeshanwain/repos/bank-stablecoin/ui/node_modules/@safe-global/safe-gateway-typescript-sdk/src/types/decoded-data.ts' file: Error: ENOENT: no such file or directory, open '/Users/zeshanwain/repos/bank-stablecoin/ui/node_modules/@safe-global/safe-gateway-typescript-sdk/src/types/decoded-data.ts'

WARNING in ./node_modules/@safe-global/safe-gateway-typescript-sdk/dist/types/master-copies.js
Module Warning (from ./node_modules/source-map-loader/dist/cjs.js):
Failed to parse source map from '/Users/zeshanwain/repos/bank-stablecoin/ui/node_modules/@safe-global/safe-gateway-typescript-sdk/src/types/master-copies.ts' file: Error: ENOENT: no such file or directory, open '/Users/zeshanwain/repos/bank-stablecoin/ui/node_modules/@safe-global/safe-gateway-typescript-sdk/src/types/master-copies.ts'

WARNING in ./node_modules/@safe-global/safe-gateway-typescript-sdk/dist/types/notifications.js
Module Warning (from ./node_modules/source-map-loader/dist/cjs.js):
Failed to parse source map from '/Users/zeshanwain/repos/bank-stablecoin/ui/node_modules/@safe-global/safe-gateway-typescript-sdk/src/types/notifications.ts' file: Error: ENOENT: no such file or directory, open '/Users/zeshanwain/repos/bank-stablecoin/ui/node_modules/@safe-global/safe-gateway-typescript-sdk/src/types/notifications.ts'

WARNING in ./node_modules/@safe-global/safe-gateway-typescript-sdk/dist/types/relay.js
Module Warning (from ./node_modules/source-map-loader/dist/cjs.js):
Failed to parse source map from '/Users/zeshanwain/repos/bank-stablecoin/ui/node_modules/@safe-global/safe-gateway-typescript-sdk/src/types/relay.ts' file: Error: ENOENT: no such file or directory, open '/Users/zeshanwain/repos/bank-stablecoin/ui/node_modules/@safe-global/safe-gateway-typescript-sdk/src/types/relay.ts'

WARNING in ./node_modules/@safe-global/safe-gateway-typescript-sdk/dist/types/safe-apps.js
Module Warning (from ./node_modules/source-map-loader/dist/cjs.js):
Failed to parse source map from '/Users/zeshanwain/repos/bank-stablecoin/ui/node_modules/@safe-global/safe-gateway-typescript-sdk/src/types/safe-apps.ts' file: Error: ENOENT: no such file or directory, open '/Users/zeshanwain/repos/bank-stablecoin/ui/node_modules/@safe-global/safe-gateway-typescript-sdk/src/types/safe-apps.ts'

WARNING in ./node_modules/@safe-global/safe-gateway-typescript-sdk/dist/types/safe-info.js
Module Warning (from ./node_modules/source-map-loader/dist/cjs.js):
Failed to parse source map from '/Users/zeshanwain/repos/bank-stablecoin/ui/node_modules/@safe-global/safe-gateway-typescript-sdk/src/types/safe-info.ts' file: Error: ENOENT: no such file or directory, open '/Users/zeshanwain/repos/bank-stablecoin/ui/node_modules/@safe-global/safe-gateway-typescript-sdk/src/types/safe-info.ts'

WARNING in ./node_modules/@safe-global/safe-gateway-typescript-sdk/dist/types/safe-messages.js
Module Warning (from ./node_modules/source-map-loader/dist/cjs.js):
Failed to parse source map from '/Users/zeshanwain/repos/bank-stablecoin/ui/node_modules/@safe-global/safe-gateway-typescript-sdk/src/types/safe-messages.ts' file: Error: ENOENT: no such file or directory, open '/Users/zeshanwain/repos/bank-stablecoin/ui/node_modules/@safe-global/safe-gateway-typescript-sdk/src/types/safe-messages.ts'

WARNING in ./node_modules/@safe-global/safe-gateway-typescript-sdk/dist/types/transactions.js
Module Warning (from ./node_modules/source-map-loader/dist/cjs.js):
Failed to parse source map from '/Users/zeshanwain/repos/bank-stablecoin/ui/node_modules/@safe-global/safe-gateway-typescript-sdk/src/types/transactions.ts' file: Error: ENOENT: no such file or directory, open '/Users/zeshanwain/repos/bank-stablecoin/ui/node_modules/@safe-global/safe-gateway-typescript-sdk/src/types/transactions.ts'

WARNING in ./node_modules/@safe-global/safe-gateway-typescript-sdk/dist/utils.js
Module Warning (from ./node_modules/source-map-loader/dist/cjs.js):
Failed to parse source map from '/Users/zeshanwain/repos/bank-stablecoin/ui/node_modules/@safe-global/safe-gateway-typescript-sdk/src/utils.ts' file: Error: ENOENT: no such file or directory, open '/Users/zeshanwain/repos/bank-stablecoin/ui/node_modules/@safe-global/safe-gateway-typescript-sdk/src/utils.ts'

WARNING in ./node_modules/@walletconnect/environment/dist/cjs/crypto.js
Module Warning (from ./node_modules/source-map-loader/dist/cjs.js):
Failed to parse source map from '/Users/zeshanwain/repos/bank-stablecoin/ui/node_modules/@walletconnect/environment/src/crypto.ts' file: Error: ENOENT: no such file or directory, open '/Users/zeshanwain/repos/bank-stablecoin/ui/node_modules/@walletconnect/environment/src/crypto.ts'

WARNING in ./node_modules/@walletconnect/environment/dist/cjs/env.js
Module Warning (from ./node_modules/source-map-loader/dist/cjs.js):
Failed to parse source map from '/Users/zeshanwain/repos/bank-stablecoin/ui/node_modules/@walletconnect/environment/src/env.ts' file: Error: ENOENT: no such file or directory, open '/Users/zeshanwain/repos/bank-stablecoin/ui/node_modules/@walletconnect/environment/src/env.ts'

WARNING in ./node_modules/@walletconnect/environment/dist/cjs/index.js
Module Warning (from ./node_modules/source-map-loader/dist/cjs.js):
Failed to parse source map from '/Users/zeshanwain/repos/bank-stablecoin/ui/node_modules/@walletconnect/environment/src/index.ts' file: Error: ENOENT: no such file or directory, open '/Users/zeshanwain/repos/bank-stablecoin/ui/node_modules/@walletconnect/environment/src/index.ts'

WARNING in ./node_modules/@walletconnect/events/dist/esm/events.js
Module Warning (from ./node_modules/source-map-loader/dist/cjs.js):
Failed to parse source map from '/Users/zeshanwain/repos/bank-stablecoin/ui/node_modules/@walletconnect/events/src/events.ts' file: Error: ENOENT: no such file or directory, open '/Users/zeshanwain/repos/bank-stablecoin/ui/node_modules/@walletconnect/events/src/events.ts'

WARNING in ./node_modules/@walletconnect/events/dist/esm/index.js
Module Warning (from ./node_modules/source-map-loader/dist/cjs.js):
Failed to parse source map from '/Users/zeshanwain/repos/bank-stablecoin/ui/node_modules/@walletconnect/events/src/index.ts' file: Error: ENOENT: no such file or directory, open '/Users/zeshanwain/repos/bank-stablecoin/ui/node_modules/@walletconnect/events/src/index.ts'

WARNING in ./node_modules/@walletconnect/jsonrpc-utils/dist/esm/constants.js
Module Warning (from ./node_modules/source-map-loader/dist/cjs.js):
Failed to parse source map from '/Users/zeshanwain/repos/bank-stablecoin/ui/node_modules/@walletconnect/jsonrpc-utils/src/constants.ts' file: Error: ENOENT: no such file or directory, open '/Users/zeshanwain/repos/bank-stablecoin/ui/node_modules/@walletconnect/jsonrpc-utils/src/constants.ts'

WARNING in ./node_modules/@walletconnect/jsonrpc-utils/dist/esm/env.js
Module Warning (from ./node_modules/source-map-loader/dist/cjs.js):
Failed to parse source map from '/Users/zeshanwain/repos/bank-stablecoin/ui/node_modules/@walletconnect/jsonrpc-utils/src/env.ts' file: Error: ENOENT: no such file or directory, open '/Users/zeshanwain/repos/bank-stablecoin/ui/node_modules/@walletconnect/jsonrpc-utils/src/env.ts'

WARNING in ./node_modules/@walletconnect/jsonrpc-utils/dist/esm/error.js
Module Warning (from ./node_modules/source-map-loader/dist/cjs.js):
Failed to parse source map from '/Users/zeshanwain/repos/bank-stablecoin/ui/node_modules/@walletconnect/jsonrpc-utils/src/error.ts' file: Error: ENOENT: no such file or directory, open '/Users/zeshanwain/repos/bank-stablecoin/ui/node_modules/@walletconnect/jsonrpc-utils/src/error.ts'

WARNING in ./node_modules/@walletconnect/jsonrpc-utils/dist/esm/format.js
Module Warning (from ./node_modules/source-map-loader/dist/cjs.js):
Failed to parse source map from '/Users/zeshanwain/repos/bank-stablecoin/ui/node_modules/@walletconnect/jsonrpc-utils/src/format.ts' file: Error: ENOENT: no such file or directory, open '/Users/zeshanwain/repos/bank-stablecoin/ui/node_modules/@walletconnect/jsonrpc-utils/src/format.ts'

WARNING in ./node_modules/@walletconnect/jsonrpc-utils/dist/esm/index.js
Module Warning (from ./node_modules/source-map-loader/dist/cjs.js):
Failed to parse source map from '/Users/zeshanwain/repos/bank-stablecoin/ui/node_modules/@walletconnect/jsonrpc-utils/src/index.ts' file: Error: ENOENT: no such file or directory, open '/Users/zeshanwain/repos/bank-stablecoin/ui/node_modules/@walletconnect/jsonrpc-utils/src/index.ts'

WARNING in ./node_modules/@walletconnect/jsonrpc-utils/dist/esm/routing.js
Module Warning (from ./node_modules/source-map-loader/dist/cjs.js):
Failed to parse source map from '/Users/zeshanwain/repos/bank-stablecoin/ui/node_modules/@walletconnect/jsonrpc-utils/src/routing.ts' file: Error: ENOENT: no such file or directory, open '/Users/zeshanwain/repos/bank-stablecoin/ui/node_modules/@walletconnect/jsonrpc-utils/src/routing.ts'

WARNING in ./node_modules/@walletconnect/jsonrpc-utils/dist/esm/types.js
Module Warning (from ./node_modules/source-map-loader/dist/cjs.js):
Failed to parse source map from '/Users/zeshanwain/repos/bank-stablecoin/ui/node_modules/@walletconnect/jsonrpc-utils/src/types.ts' file: Error: ENOENT: no such file or directory, open '/Users/zeshanwain/repos/bank-stablecoin/ui/node_modules/@walletconnect/jsonrpc-utils/src/types.ts'

WARNING in ./node_modules/@walletconnect/jsonrpc-utils/dist/esm/url.js
Module Warning (from ./node_modules/source-map-loader/dist/cjs.js):
Failed to parse source map from '/Users/zeshanwain/repos/bank-stablecoin/ui/node_modules/@walletconnect/jsonrpc-utils/src/url.ts' file: Error: ENOENT: no such file or directory, open '/Users/zeshanwain/repos/bank-stablecoin/ui/node_modules/@walletconnect/jsonrpc-utils/src/url.ts'

WARNING in ./node_modules/@walletconnect/jsonrpc-utils/dist/esm/validators.js
Module Warning (from ./node_modules/source-map-loader/dist/cjs.js):
Failed to parse source map from '/Users/zeshanwain/repos/bank-stablecoin/ui/node_modules/@walletconnect/jsonrpc-utils/src/validators.ts' file: Error: ENOENT: no such file or directory, open '/Users/zeshanwain/repos/bank-stablecoin/ui/node_modules/@walletconnect/jsonrpc-utils/src/validators.ts'

WARNING in ./node_modules/@walletconnect/relay-auth/dist/esm/api.js
Module Warning (from ./node_modules/source-map-loader/dist/cjs.js):
Failed to parse source map from '/Users/zeshanwain/repos/bank-stablecoin/ui/node_modules/@walletconnect/relay-auth/src/api.ts' file: Error: ENOENT: no such file or directory, open '/Users/zeshanwain/repos/bank-stablecoin/ui/node_modules/@walletconnect/relay-auth/src/api.ts'

WARNING in ./node_modules/@walletconnect/relay-auth/dist/esm/constants.js
Module Warning (from ./node_modules/source-map-loader/dist/cjs.js):
Failed to parse source map from '/Users/zeshanwain/repos/bank-stablecoin/ui/node_modules/@walletconnect/relay-auth/src/constants.ts' file: Error: ENOENT: no such file or directory, open '/Users/zeshanwain/repos/bank-stablecoin/ui/node_modules/@walletconnect/relay-auth/src/constants.ts'

WARNING in ./node_modules/@walletconnect/relay-auth/dist/esm/index.js
Module Warning (from ./node_modules/source-map-loader/dist/cjs.js):
Failed to parse source map from '/Users/zeshanwain/repos/bank-stablecoin/ui/node_modules/@walletconnect/relay-auth/src/index.ts' file: Error: ENOENT: no such file or directory, open '/Users/zeshanwain/repos/bank-stablecoin/ui/node_modules/@walletconnect/relay-auth/src/index.ts'

WARNING in ./node_modules/@walletconnect/relay-auth/dist/esm/types.js
Module Warning (from ./node_modules/source-map-loader/dist/cjs.js):
Failed to parse source map from '/Users/zeshanwain/repos/bank-stablecoin/ui/node_modules/@walletconnect/relay-auth/src/types.ts' file: Error: ENOENT: no such file or directory, open '/Users/zeshanwain/repos/bank-stablecoin/ui/node_modules/@walletconnect/relay-auth/src/types.ts'

WARNING in ./node_modules/@walletconnect/relay-auth/dist/esm/utils.js
Module Warning (from ./node_modules/source-map-loader/dist/cjs.js):
Failed to parse source map from '/Users/zeshanwain/repos/bank-stablecoin/ui/node_modules/@walletconnect/relay-auth/src/utils.ts' file: Error: ENOENT: no such file or directory, open '/Users/zeshanwain/repos/bank-stablecoin/ui/node_modules/@walletconnect/relay-auth/src/utils.ts'

WARNING in ./node_modules/@walletconnect/safe-json/dist/esm/index.js
Module Warning (from ./node_modules/source-map-loader/dist/cjs.js):
Failed to parse source map from '/Users/zeshanwain/repos/bank-stablecoin/ui/node_modules/@walletconnect/safe-json/src/index.ts' file: Error: ENOENT: no such file or directory, open '/Users/zeshanwain/repos/bank-stablecoin/ui/node_modules/@walletconnect/safe-json/src/index.ts'

WARNING in ./node_modules/@walletconnect/time/dist/cjs/constants/index.js
Module Warning (from ./node_modules/source-map-loader/dist/cjs.js):
Failed to parse source map from '/Users/zeshanwain/repos/bank-stablecoin/ui/node_modules/@walletconnect/time/src/constants/index.ts' file: Error: ENOENT: no such file or directory, open '/Users/zeshanwain/repos/bank-stablecoin/ui/node_modules/@walletconnect/time/src/constants/index.ts'

WARNING in ./node_modules/@walletconnect/time/dist/cjs/constants/misc.js
Module Warning (from ./node_modules/source-map-loader/dist/cjs.js):
Failed to parse source map from '/Users/zeshanwain/repos/bank-stablecoin/ui/node_modules/@walletconnect/time/src/constants/misc.ts' file: Error: ENOENT: no such file or directory, open '/Users/zeshanwain/repos/bank-stablecoin/ui/node_modules/@walletconnect/time/src/constants/misc.ts'

WARNING in ./node_modules/@walletconnect/time/dist/cjs/constants/time.js
Module Warning (from ./node_modules/source-map-loader/dist/cjs.js):
Failed to parse source map from '/Users/zeshanwain/repos/bank-stablecoin/ui/node_modules/@walletconnect/time/src/constants/time.ts' file: Error: ENOENT: no such file or directory, open '/Users/zeshanwain/repos/bank-stablecoin/ui/node_modules/@walletconnect/time/src/constants/time.ts'

WARNING in ./node_modules/@walletconnect/time/dist/cjs/index.js
Module Warning (from ./node_modules/source-map-loader/dist/cjs.js):
Failed to parse source map from '/Users/zeshanwain/repos/bank-stablecoin/ui/node_modules/@walletconnect/time/src/index.ts' file: Error: ENOENT: no such file or directory, open '/Users/zeshanwain/repos/bank-stablecoin/ui/node_modules/@walletconnect/time/src/index.ts'

WARNING in ./node_modules/@walletconnect/time/dist/cjs/types/index.js
Module Warning (from ./node_modules/source-map-loader/dist/cjs.js):
Failed to parse source map from '/Users/zeshanwain/repos/bank-stablecoin/ui/node_modules/@walletconnect/time/src/types/index.ts' file: Error: ENOENT: no such file or directory, open '/Users/zeshanwain/repos/bank-stablecoin/ui/node_modules/@walletconnect/time/src/types/index.ts'

WARNING in ./node_modules/@walletconnect/time/dist/cjs/types/watch.js
Module Warning (from ./node_modules/source-map-loader/dist/cjs.js):
Failed to parse source map from '/Users/zeshanwain/repos/bank-stablecoin/ui/node_modules/@walletconnect/time/src/types/watch.ts' file: Error: ENOENT: no such file or directory, open '/Users/zeshanwain/repos/bank-stablecoin/ui/node_modules/@walletconnect/time/src/types/watch.ts'

WARNING in ./node_modules/@walletconnect/time/dist/cjs/utils/convert.js
Module Warning (from ./node_modules/source-map-loader/dist/cjs.js):
Failed to parse source map from '/Users/zeshanwain/repos/bank-stablecoin/ui/node_modules/@walletconnect/time/src/utils/convert.ts' file: Error: ENOENT: no such file or directory, open '/Users/zeshanwain/repos/bank-stablecoin/ui/node_modules/@walletconnect/time/src/utils/convert.ts'

WARNING in ./node_modules/@walletconnect/time/dist/cjs/utils/delay.js
Module Warning (from ./node_modules/source-map-loader/dist/cjs.js):
Failed to parse source map from '/Users/zeshanwain/repos/bank-stablecoin/ui/node_modules/@walletconnect/time/src/utils/delay.ts' file: Error: ENOENT: no such file or directory, open '/Users/zeshanwain/repos/bank-stablecoin/ui/node_modules/@walletconnect/time/src/utils/delay.ts'

WARNING in ./node_modules/@walletconnect/time/dist/cjs/utils/index.js
Module Warning (from ./node_modules/source-map-loader/dist/cjs.js):
Failed to parse source map from '/Users/zeshanwain/repos/bank-stablecoin/ui/node_modules/@walletconnect/time/src/utils/index.ts' file: Error: ENOENT: no such file or directory, open '/Users/zeshanwain/repos/bank-stablecoin/ui/node_modules/@walletconnect/time/src/utils/index.ts'

WARNING in ./node_modules/@walletconnect/time/dist/cjs/watch.js
Module Warning (from ./node_modules/source-map-loader/dist/cjs.js):
Failed to parse source map from '/Users/zeshanwain/repos/bank-stablecoin/ui/node_modules/@walletconnect/time/src/watch.ts' file: Error: ENOENT: no such file or directory, open '/Users/zeshanwain/repos/bank-stablecoin/ui/node_modules/@walletconnect/time/src/watch.ts'

WARNING in ./node_modules/@walletconnect/window-getters/dist/cjs/index.js
Module Warning (from ./node_modules/source-map-loader/dist/cjs.js):
Failed to parse source map from '/Users/zeshanwain/repos/bank-stablecoin/ui/node_modules/@walletconnect/window-getters/src/index.ts' file: Error: ENOENT: no such file or directory, open '/Users/zeshanwain/repos/bank-stablecoin/ui/node_modules/@walletconnect/window-getters/src/index.ts'

WARNING in ./node_modules/@walletconnect/window-metadata/dist/cjs/index.js
Module Warning (from ./node_modules/source-map-loader/dist/cjs.js):
Failed to parse source map from '/Users/zeshanwain/repos/bank-stablecoin/ui/node_modules/@walletconnect/window-metadata/src/index.ts' file: Error: ENOENT: no such file or directory, open '/Users/zeshanwain/repos/bank-stablecoin/ui/node_modules/@walletconnect/window-metadata/src/index.ts'

WARNING in ./node_modules/eth-rpc-errors/dist/classes.js
Module Warning (from ./node_modules/source-map-loader/dist/cjs.js):
Failed to parse source map from '/Users/zeshanwain/repos/bank-stablecoin/ui/node_modules/eth-rpc-errors/src/classes.ts' file: Error: ENOENT: no such file or directory, open '/Users/zeshanwain/repos/bank-stablecoin/ui/node_modules/eth-rpc-errors/src/classes.ts'

WARNING in ./node_modules/eth-rpc-errors/dist/error-constants.js
Module Warning (from ./node_modules/source-map-loader/dist/cjs.js):
Failed to parse source map from '/Users/zeshanwain/repos/bank-stablecoin/ui/node_modules/eth-rpc-errors/src/error-constants.ts' file: Error: ENOENT: no such file or directory, open '/Users/zeshanwain/repos/bank-stablecoin/ui/node_modules/eth-rpc-errors/src/error-constants.ts'

WARNING in ./node_modules/eth-rpc-errors/dist/errors.js
Module Warning (from ./node_modules/source-map-loader/dist/cjs.js):
Failed to parse source map from '/Users/zeshanwain/repos/bank-stablecoin/ui/node_modules/eth-rpc-errors/src/errors.ts' file: Error: ENOENT: no such file or directory, open '/Users/zeshanwain/repos/bank-stablecoin/ui/node_modules/eth-rpc-errors/src/errors.ts'

WARNING in ./node_modules/eth-rpc-errors/dist/index.js
Module Warning (from ./node_modules/source-map-loader/dist/cjs.js):
Failed to parse source map from '/Users/zeshanwain/repos/bank-stablecoin/ui/node_modules/eth-rpc-errors/src/index.ts' file: Error: ENOENT: no such file or directory, open '/Users/zeshanwain/repos/bank-stablecoin/ui/node_modules/eth-rpc-errors/src/index.ts'

WARNING in ./node_modules/eth-rpc-errors/dist/utils.js
Module Warning (from ./node_modules/source-map-loader/dist/cjs.js):
Failed to parse source map from '/Users/zeshanwain/repos/bank-stablecoin/ui/node_modules/eth-rpc-errors/src/utils.ts' file: Error: ENOENT: no such file or directory, open '/Users/zeshanwain/repos/bank-stablecoin/ui/node_modules/eth-rpc-errors/src/utils.ts'

WARNING in ./node_modules/json-rpc-engine/dist/JsonRpcEngine.js
Module Warning (from ./node_modules/source-map-loader/dist/cjs.js):
Failed to parse source map from '/Users/zeshanwain/repos/bank-stablecoin/ui/node_modules/json-rpc-engine/src/JsonRpcEngine.ts' file: Error: ENOENT: no such file or directory, open '/Users/zeshanwain/repos/bank-stablecoin/ui/node_modules/json-rpc-engine/src/JsonRpcEngine.ts'

WARNING in ./node_modules/json-rpc-engine/dist/createAsyncMiddleware.js
Module Warning (from ./node_modules/source-map-loader/dist/cjs.js):
Failed to parse source map from '/Users/zeshanwain/repos/bank-stablecoin/ui/node_modules/json-rpc-engine/src/createAsyncMiddleware.ts' file: Error: ENOENT: no such file or directory, open '/Users/zeshanwain/repos/bank-stablecoin/ui/node_modules/json-rpc-engine/src/createAsyncMiddleware.ts'

WARNING in ./node_modules/json-rpc-engine/dist/createScaffoldMiddleware.js
Module Warning (from ./node_modules/source-map-loader/dist/cjs.js):
Failed to parse source map from '/Users/zeshanwain/repos/bank-stablecoin/ui/node_modules/json-rpc-engine/src/createScaffoldMiddleware.ts' file: Error: ENOENT: no such file or directory, open '/Users/zeshanwain/repos/bank-stablecoin/ui/node_modules/json-rpc-engine/src/createScaffoldMiddleware.ts'

WARNING in ./node_modules/json-rpc-engine/dist/getUniqueId.js
Module Warning (from ./node_modules/source-map-loader/dist/cjs.js):
Failed to parse source map from '/Users/zeshanwain/repos/bank-stablecoin/ui/node_modules/json-rpc-engine/src/getUniqueId.ts' file: Error: ENOENT: no such file or directory, open '/Users/zeshanwain/repos/bank-stablecoin/ui/node_modules/json-rpc-engine/src/getUniqueId.ts'

WARNING in ./node_modules/json-rpc-engine/dist/idRemapMiddleware.js
Module Warning (from ./node_modules/source-map-loader/dist/cjs.js):
Failed to parse source map from '/Users/zeshanwain/repos/bank-stablecoin/ui/node_modules/json-rpc-engine/src/idRemapMiddleware.ts' file: Error: ENOENT: no such file or directory, open '/Users/zeshanwain/repos/bank-stablecoin/ui/node_modules/json-rpc-engine/src/idRemapMiddleware.ts'

WARNING in ./node_modules/json-rpc-engine/dist/index.js
Module Warning (from ./node_modules/source-map-loader/dist/cjs.js):
Failed to parse source map from '/Users/zeshanwain/repos/bank-stablecoin/ui/node_modules/json-rpc-engine/src/index.ts' file: Error: ENOENT: no such file or directory, open '/Users/zeshanwain/repos/bank-stablecoin/ui/node_modules/json-rpc-engine/src/index.ts'

WARNING in ./node_modules/json-rpc-engine/dist/mergeMiddleware.js
Module Warning (from ./node_modules/source-map-loader/dist/cjs.js):
Failed to parse source map from '/Users/zeshanwain/repos/bank-stablecoin/ui/node_modules/json-rpc-engine/src/mergeMiddleware.ts' file: Error: ENOENT: no such file or directory, open '/Users/zeshanwain/repos/bank-stablecoin/ui/node_modules/json-rpc-engine/src/mergeMiddleware.ts'

WARNING in ./node_modules/json-rpc-engine/node_modules/@metamask/safe-event-emitter/index.js
Module Warning (from ./node_modules/source-map-loader/dist/cjs.js):
Failed to parse source map from '/Users/zeshanwain/repos/bank-stablecoin/ui/node_modules/json-rpc-engine/node_modules/@metamask/safe-event-emitter/index.ts' file: Error: ENOENT: no such file or directory, open '/Users/zeshanwain/repos/bank-stablecoin/ui/node_modules/json-rpc-engine/node_modules/@metamask/safe-event-emitter/index.ts'

WARNING in ./node_modules/superstruct/dist/index.mjs
Module Warning (from ./node_modules/source-map-loader/dist/cjs.js):
Failed to parse source map from '/Users/zeshanwain/repos/bank-stablecoin/ui/node_modules/superstruct/src/error.ts' file: Error: ENOENT: no such file or directory, open '/Users/zeshanwain/repos/bank-stablecoin/ui/node_modules/superstruct/src/error.ts'

WARNING in ./node_modules/superstruct/dist/index.mjs
Module Warning (from ./node_modules/source-map-loader/dist/cjs.js):
Failed to parse source map from '/Users/zeshanwain/repos/bank-stablecoin/ui/node_modules/superstruct/src/struct.ts' file: Error: ENOENT: no such file or directory, open '/Users/zeshanwain/repos/bank-stablecoin/ui/node_modules/superstruct/src/struct.ts'

WARNING in ./node_modules/superstruct/dist/index.mjs
Module Warning (from ./node_modules/source-map-loader/dist/cjs.js):
Failed to parse source map from '/Users/zeshanwain/repos/bank-stablecoin/ui/node_modules/superstruct/src/structs/coercions.ts' file: Error: ENOENT: no such file or directory, open '/Users/zeshanwain/repos/bank-stablecoin/ui/node_modules/superstruct/src/structs/coercions.ts'

WARNING in ./node_modules/superstruct/dist/index.mjs
Module Warning (from ./node_modules/source-map-loader/dist/cjs.js):
Failed to parse source map from '/Users/zeshanwain/repos/bank-stablecoin/ui/node_modules/superstruct/src/structs/refinements.ts' file: Error: ENOENT: no such file or directory, open '/Users/zeshanwain/repos/bank-stablecoin/ui/node_modules/superstruct/src/structs/refinements.ts'

WARNING in ./node_modules/superstruct/dist/index.mjs
Module Warning (from ./node_modules/source-map-loader/dist/cjs.js):
Failed to parse source map from '/Users/zeshanwain/repos/bank-stablecoin/ui/node_modules/superstruct/src/structs/types.ts' file: Error: ENOENT: no such file or directory, open '/Users/zeshanwain/repos/bank-stablecoin/ui/node_modules/superstruct/src/structs/types.ts'

WARNING in ./node_modules/superstruct/dist/index.mjs
Module Warning (from ./node_modules/source-map-loader/dist/cjs.js):
Failed to parse source map from '/Users/zeshanwain/repos/bank-stablecoin/ui/node_modules/superstruct/src/structs/utilities.ts' file: Error: ENOENT: no such file or directory, open '/Users/zeshanwain/repos/bank-stablecoin/ui/node_modules/superstruct/src/structs/utilities.ts'

WARNING in ./node_modules/superstruct/dist/index.mjs
Module Warning (from ./node_modules/source-map-loader/dist/cjs.js):
Failed to parse source map from '/Users/zeshanwain/repos/bank-stablecoin/ui/node_modules/superstruct/src/utils.ts' file: Error: ENOENT: no such file or directory, open '/Users/zeshanwain/repos/bank-stablecoin/ui/node_modules/superstruct/src/utils.ts'

WARNING in [eslint] 
src/daml.js/40f452260bef3f29dede136108fc08a88d5a5250310281067087da6f0baddff7/lib/DA/Types/index.js
  Line 1:1:  'use strict' is unnecessary inside of modules  strict

src/daml.js/40f452260bef3f29dede136108fc08a88d5a5250310281067087da6f0baddff7/lib/DA/Types/module.js
  Line 1:1:    'use strict' is unnecessary inside of modules  strict
  Line 22:14:  Expected an error object to be thrown          no-throw-literal

src/daml.js/40f452260bef3f29dede136108fc08a88d5a5250310281067087da6f0baddff7/lib/DA/index.js
  Line 1:1:  'use strict' is unnecessary inside of modules  strict

src/daml.js/40f452260bef3f29dede136108fc08a88d5a5250310281067087da6f0baddff7/lib/index.js
  Line 1:1:  'use strict' is unnecessary inside of modules  strict

src/daml.js/bank-stablecoin-1.0.0/lib/Model/AtomicSwap/index.js
  Line 1:1:  'use strict' is unnecessary inside of modules  strict

src/daml.js/bank-stablecoin-1.0.0/lib/Model/AtomicSwap/module.js
  Line 1:1:     'use strict' is unnecessary inside of modules  strict
  Line 48:28:   Expected an error object to be thrown          no-throw-literal
  Line 124:28:  Expected an error object to be thrown          no-throw-literal
  Line 221:28:  Expected an error object to be thrown          no-throw-literal
  Line 303:28:  Expected an error object to be thrown          no-throw-literal

src/daml.js/bank-stablecoin-1.0.0/lib/Model/Compliance/index.js
  Line 1:1:  'use strict' is unnecessary inside of modules  strict

src/daml.js/bank-stablecoin-1.0.0/lib/Model/Compliance/module.js
  Line 1:1:     'use strict' is unnecessary inside of modules  strict
  Line 49:28:   Expected an error object to be thrown          no-throw-literal
  Line 111:28:  Expected an error object to be thrown          no-throw-literal
  Line 178:28:  Expected an error object to be thrown          no-throw-literal

src/daml.js/bank-stablecoin-1.0.0/lib/Model/Loan/index.js
  Line 1:1:  'use strict' is unnecessary inside of modules  strict

src/daml.js/bank-stablecoin-1.0.0/lib/Model/Loan/module.js
  Line 1:1:     'use strict' is unnecessary inside of modules  strict
  Line 48:28:   Expected an error object to be thrown          no-throw-literal
  Line 135:28:  Expected an error object to be thrown          no-throw-literal
  Line 244:28:  Expected an error object to be thrown          no-throw-literal

src/daml.js/bank-stablecoin-1.0.0/lib/Model/MultiSig/index.js
  Line 1:1:  'use strict' is unnecessary inside of modules  strict

src/daml.js/bank-stablecoin-1.0.0/lib/Model/MultiSig/module.js
  Line 1:1:     'use strict' is unnecessary inside of modules  strict
  Line 49:28:   Expected an error object to be thrown          no-throw-literal
  Line 133:28:  Expected an error object to be thrown          no-throw-literal
  Line 228:28:  Expected an error object to be thrown          no-throw-literal

src/daml.js/bank-stablecoin-1.0.0/lib/Model/RealBankAccount/index.js
  Line 1:1:  'use strict' is unnecessary inside of modules  strict

src/daml.js/bank-stablecoin-1.0.0/lib/Model/RealBankAccount/module.js
  Line 1:1:     'use strict' is unnecessary inside of modules  strict
  Line 52:28:   Expected an error object to be thrown          no-throw-literal
  Line 115:28:  Expected an error object to be thrown          no-throw-literal
  Line 188:28:  Expected an error object to be thrown          no-throw-literal
  Line 256:28:  Expected an error object to be thrown          no-throw-literal
  Line 375:28:  Expected an error object to be thrown          no-throw-literal
  Line 462:28:  Expected an error object to be thrown          no-throw-literal

src/daml.js/bank-stablecoin-1.0.0/lib/Model/Stablecoin/index.js
  Line 1:1:  'use strict' is unnecessary inside of modules  strict

src/daml.js/bank-stablecoin-1.0.0/lib/Model/Stablecoin/module.js
  Line 1:1:     'use strict' is unnecessary inside of modules  strict
  Line 23:28:   Expected an error object to be thrown          no-throw-literal
  Line 89:28:   Expected an error object to be thrown          no-throw-literal
  Line 178:28:  Expected an error object to be thrown          no-throw-literal
  Line 235:28:  Expected an error object to be thrown          no-throw-literal
  Line 304:28:  Expected an error object to be thrown          no-throw-literal
  Line 405:28:  Expected an error object to be thrown          no-throw-literal

src/daml.js/d14e08374fc7197d6a0de468c968ae8ba3aadbf9315476fd39071831f5923662/lib/DA/Internal/Template/index.js
  Line 1:1:  'use strict' is unnecessary inside of modules  strict

src/daml.js/d14e08374fc7197d6a0de468c968ae8ba3aadbf9315476fd39071831f5923662/lib/DA/Internal/Template/module.js
  Line 1:1:  'use strict' is unnecessary inside of modules  strict

src/daml.js/d14e08374fc7197d6a0de468c968ae8ba3aadbf9315476fd39071831f5923662/lib/DA/Internal/index.js
  Line 1:1:  'use strict' is unnecessary inside of modules  strict

src/daml.js/d14e08374fc7197d6a0de468c968ae8ba3aadbf9315476fd39071831f5923662/lib/DA/index.js
  Line 1:1:  'use strict' is unnecessary inside of modules  strict

src/daml.js/d14e08374fc7197d6a0de468c968ae8ba3aadbf9315476fd39071831f5923662/lib/index.js
  Line 1:1:  'use strict' is unnecessary inside of modules  strict

webpack compiled with 73 warnings
Files successfully emitted, waiting for typecheck results...
Issues checking in progress...
No issues found.
